[2023-04-26 01:02:52] local.ERROR: Attribute [pos] does not exist. {"exception":"[object] (InvalidArgumentException(code: 0): Attribute [pos] does not exist. at C:\\laragon\\www\\PROYECTO-LAZARO\\REPOSITORIO\\firmador\\FirmadorXml\\vendor\\laravel\\framework\\src\\Illuminate\\Routing\\RouteRegistrar.php:107)
[stacktrace]
#0 C:\\laragon\\www\\PROYECTO-LAZARO\\REPOSITORIO\\firmador\\FirmadorXml\\vendor\\laravel\\framework\\src\\Illuminate\\Routing\\Router.php(1355): Illuminate\\Routing\\RouteRegistrar->attribute('pos', 'firmar-xml')
#1 C:\\laragon\\www\\PROYECTO-LAZARO\\REPOSITORIO\\firmador\\FirmadorXml\\vendor\\laravel\\framework\\src\\Illuminate\\Support\\Facades\\Facade.php(261): Illuminate\\Routing\\Router->__call('pos', Array)
#2 C:\\laragon\\www\\PROYECTO-LAZARO\\REPOSITORIO\\firmador\\FirmadorXml\\routes\\api.php(23): Illuminate\\Support\\Facades\\Facade::__callStatic('pos', Array)
#3 C:\\laragon\\www\\PROYECTO-LAZARO\\REPOSITORIO\\firmador\\FirmadorXml\\vendor\\laravel\\framework\\src\\Illuminate\\Routing\\RouteFileRegistrar.php(35): require('C:\\\\laragon\\\\www\\\\...')
#4 C:\\laragon\\www\\PROYECTO-LAZARO\\REPOSITORIO\\firmador\\FirmadorXml\\vendor\\laravel\\framework\\src\\Illuminate\\Routing\\Router.php(425): Illuminate\\Routing\\RouteFileRegistrar->register('C:\\\\laragon\\\\www\\\\...')
#5 C:\\laragon\\www\\PROYECTO-LAZARO\\REPOSITORIO\\firmador\\FirmadorXml\\vendor\\laravel\\framework\\src\\Illuminate\\Routing\\Router.php(382): Illuminate\\Routing\\Router->loadRoutes('C:\\\\laragon\\\\www\\\\...')
#6 C:\\laragon\\www\\PROYECTO-LAZARO\\REPOSITORIO\\firmador\\FirmadorXml\\vendor\\laravel\\framework\\src\\Illuminate\\Routing\\RouteRegistrar.php(163): Illuminate\\Routing\\Router->group(Array, 'C:\\\\laragon\\\\www\\\\...')
#7 C:\\laragon\\www\\PROYECTO-LAZARO\\REPOSITORIO\\firmador\\FirmadorXml\\app\\Providers\\RouteServiceProvider.php(44): Illuminate\\Routing\\RouteRegistrar->group('C:\\\\laragon\\\\www\\\\...')
#8 C:\\laragon\\www\\PROYECTO-LAZARO\\REPOSITORIO\\firmador\\FirmadorXml\\vendor\\laravel\\framework\\src\\Illuminate\\Container\\BoundMethod.php(36): App\\Providers\\RouteServiceProvider->App\\Providers\\{closure}()
#9 C:\\laragon\\www\\PROYECTO-LAZARO\\REPOSITORIO\\firmador\\FirmadorXml\\vendor\\laravel\\framework\\src\\Illuminate\\Container\\Util.php(40): Illuminate\\Container\\BoundMethod::Illuminate\\Container\\{closure}()
#10 C:\\laragon\\www\\PROYECTO-LAZARO\\REPOSITORIO\\firmador\\FirmadorXml\\vendor\\laravel\\framework\\src\\Illuminate\\Container\\BoundMethod.php(81): Illuminate\\Container\\Util::unwrapIfClosure(Object(Closure))
#11 C:\\laragon\\www\\PROYECTO-LAZARO\\REPOSITORIO\\firmador\\FirmadorXml\\vendor\\laravel\\framework\\src\\Illuminate\\Container\\BoundMethod.php(37): Illuminate\\Container\\BoundMethod::callBoundMethod(Object(Illuminate\\Foundation\\Application), Object(Closure), Object(Closure))
#12 C:\\laragon\\www\\PROYECTO-LAZARO\\REPOSITORIO\\firmador\\FirmadorXml\\vendor\\laravel\\framework\\src\\Illuminate\\Container\\Container.php(653): Illuminate\\Container\\BoundMethod::call(Object(Illuminate\\Foundation\\Application), Object(Closure), Array, NULL)
#13 C:\\laragon\\www\\PROYECTO-LAZARO\\REPOSITORIO\\firmador\\FirmadorXml\\vendor\\laravel\\framework\\src\\Illuminate\\Foundation\\Support\\Providers\\RouteServiceProvider.php(120): Illuminate\\Container\\Container->call(Object(Closure))
#14 C:\\laragon\\www\\PROYECTO-LAZARO\\REPOSITORIO\\firmador\\FirmadorXml\\vendor\\laravel\\framework\\src\\Illuminate\\Foundation\\Support\\Providers\\RouteServiceProvider.php(45): Illuminate\\Foundation\\Support\\Providers\\RouteServiceProvider->loadRoutes()
#15 C:\\laragon\\www\\PROYECTO-LAZARO\\REPOSITORIO\\firmador\\FirmadorXml\\vendor\\laravel\\framework\\src\\Illuminate\\Container\\BoundMethod.php(36): Illuminate\\Foundation\\Support\\Providers\\RouteServiceProvider->Illuminate\\Foundation\\Support\\Providers\\{closure}()
#16 C:\\laragon\\www\\PROYECTO-LAZARO\\REPOSITORIO\\firmador\\FirmadorXml\\vendor\\laravel\\framework\\src\\Illuminate\\Container\\Util.php(40): Illuminate\\Container\\BoundMethod::Illuminate\\Container\\{closure}()
#17 C:\\laragon\\www\\PROYECTO-LAZARO\\REPOSITORIO\\firmador\\FirmadorXml\\vendor\\laravel\\framework\\src\\Illuminate\\Container\\BoundMethod.php(81): Illuminate\\Container\\Util::unwrapIfClosure(Object(Closure))
#18 C:\\laragon\\www\\PROYECTO-LAZARO\\REPOSITORIO\\firmador\\FirmadorXml\\vendor\\laravel\\framework\\src\\Illuminate\\Container\\BoundMethod.php(37): Illuminate\\Container\\BoundMethod::callBoundMethod(Object(Illuminate\\Foundation\\Application), Object(Closure), Object(Closure))
#19 C:\\laragon\\www\\PROYECTO-LAZARO\\REPOSITORIO\\firmador\\FirmadorXml\\vendor\\laravel\\framework\\src\\Illuminate\\Container\\Container.php(653): Illuminate\\Container\\BoundMethod::call(Object(Illuminate\\Foundation\\Application), Object(Closure), Array, NULL)
#20 C:\\laragon\\www\\PROYECTO-LAZARO\\REPOSITORIO\\firmador\\FirmadorXml\\vendor\\laravel\\framework\\src\\Illuminate\\Support\\ServiceProvider.php(119): Illuminate\\Container\\Container->call(Object(Closure))
#21 C:\\laragon\\www\\PROYECTO-LAZARO\\REPOSITORIO\\firmador\\FirmadorXml\\vendor\\laravel\\framework\\src\\Illuminate\\Foundation\\Application.php(927): Illuminate\\Support\\ServiceProvider->callBootedCallbacks()
#22 C:\\laragon\\www\\PROYECTO-LAZARO\\REPOSITORIO\\firmador\\FirmadorXml\\vendor\\laravel\\framework\\src\\Illuminate\\Foundation\\Application.php(905): Illuminate\\Foundation\\Application->bootProvider(Object(App\\Providers\\RouteServiceProvider))
#23 [internal function]: Illuminate\\Foundation\\Application->Illuminate\\Foundation\\{closure}(Object(App\\Providers\\RouteServiceProvider), 23)
#24 C:\\laragon\\www\\PROYECTO-LAZARO\\REPOSITORIO\\firmador\\FirmadorXml\\vendor\\laravel\\framework\\src\\Illuminate\\Foundation\\Application.php(906): array_walk(Array, Object(Closure))
#25 C:\\laragon\\www\\PROYECTO-LAZARO\\REPOSITORIO\\firmador\\FirmadorXml\\vendor\\laravel\\framework\\src\\Illuminate\\Foundation\\Bootstrap\\BootProviders.php(17): Illuminate\\Foundation\\Application->boot()
#26 C:\\laragon\\www\\PROYECTO-LAZARO\\REPOSITORIO\\firmador\\FirmadorXml\\vendor\\laravel\\framework\\src\\Illuminate\\Foundation\\Application.php(237): Illuminate\\Foundation\\Bootstrap\\BootProviders->bootstrap(Object(Illuminate\\Foundation\\Application))
#27 C:\\laragon\\www\\PROYECTO-LAZARO\\REPOSITORIO\\firmador\\FirmadorXml\\vendor\\laravel\\framework\\src\\Illuminate\\Foundation\\Console\\Kernel.php(310): Illuminate\\Foundation\\Application->bootstrapWith(Array)
#28 C:\\laragon\\www\\PROYECTO-LAZARO\\REPOSITORIO\\firmador\\FirmadorXml\\vendor\\laravel\\framework\\src\\Illuminate\\Foundation\\Console\\Kernel.php(127): Illuminate\\Foundation\\Console\\Kernel->bootstrap()
#29 C:\\laragon\\www\\PROYECTO-LAZARO\\REPOSITORIO\\firmador\\FirmadorXml\\artisan(37): Illuminate\\Foundation\\Console\\Kernel->handle(Object(Symfony\\Component\\Console\\Input\\ArgvInput), Object(Symfony\\Component\\Console\\Output\\ConsoleOutput))
#30 {main}
"} 
[2023-04-26 01:03:53] local.ERROR: Attribute [pos] does not exist. {"exception":"[object] (InvalidArgumentException(code: 0): Attribute [pos] does not exist. at C:\\laragon\\www\\PROYECTO-LAZARO\\REPOSITORIO\\firmador\\FirmadorXml\\vendor\\laravel\\framework\\src\\Illuminate\\Routing\\RouteRegistrar.php:107)
[stacktrace]
#0 C:\\laragon\\www\\PROYECTO-LAZARO\\REPOSITORIO\\firmador\\FirmadorXml\\vendor\\laravel\\framework\\src\\Illuminate\\Routing\\Router.php(1355): Illuminate\\Routing\\RouteRegistrar->attribute('pos', 'firmar-xml')
#1 C:\\laragon\\www\\PROYECTO-LAZARO\\REPOSITORIO\\firmador\\FirmadorXml\\vendor\\laravel\\framework\\src\\Illuminate\\Support\\Facades\\Facade.php(261): Illuminate\\Routing\\Router->__call('pos', Array)
#2 C:\\laragon\\www\\PROYECTO-LAZARO\\REPOSITORIO\\firmador\\FirmadorXml\\routes\\api.php(23): Illuminate\\Support\\Facades\\Facade::__callStatic('pos', Array)
#3 C:\\laragon\\www\\PROYECTO-LAZARO\\REPOSITORIO\\firmador\\FirmadorXml\\vendor\\laravel\\framework\\src\\Illuminate\\Routing\\RouteFileRegistrar.php(35): require('C:\\\\laragon\\\\www\\\\...')
#4 C:\\laragon\\www\\PROYECTO-LAZARO\\REPOSITORIO\\firmador\\FirmadorXml\\vendor\\laravel\\framework\\src\\Illuminate\\Routing\\Router.php(425): Illuminate\\Routing\\RouteFileRegistrar->register('C:\\\\laragon\\\\www\\\\...')
#5 C:\\laragon\\www\\PROYECTO-LAZARO\\REPOSITORIO\\firmador\\FirmadorXml\\vendor\\laravel\\framework\\src\\Illuminate\\Routing\\Router.php(382): Illuminate\\Routing\\Router->loadRoutes('C:\\\\laragon\\\\www\\\\...')
#6 C:\\laragon\\www\\PROYECTO-LAZARO\\REPOSITORIO\\firmador\\FirmadorXml\\vendor\\laravel\\framework\\src\\Illuminate\\Routing\\RouteRegistrar.php(163): Illuminate\\Routing\\Router->group(Array, 'C:\\\\laragon\\\\www\\\\...')
#7 C:\\laragon\\www\\PROYECTO-LAZARO\\REPOSITORIO\\firmador\\FirmadorXml\\app\\Providers\\RouteServiceProvider.php(44): Illuminate\\Routing\\RouteRegistrar->group('C:\\\\laragon\\\\www\\\\...')
#8 C:\\laragon\\www\\PROYECTO-LAZARO\\REPOSITORIO\\firmador\\FirmadorXml\\vendor\\laravel\\framework\\src\\Illuminate\\Container\\BoundMethod.php(36): App\\Providers\\RouteServiceProvider->App\\Providers\\{closure}()
#9 C:\\laragon\\www\\PROYECTO-LAZARO\\REPOSITORIO\\firmador\\FirmadorXml\\vendor\\laravel\\framework\\src\\Illuminate\\Container\\Util.php(40): Illuminate\\Container\\BoundMethod::Illuminate\\Container\\{closure}()
#10 C:\\laragon\\www\\PROYECTO-LAZARO\\REPOSITORIO\\firmador\\FirmadorXml\\vendor\\laravel\\framework\\src\\Illuminate\\Container\\BoundMethod.php(81): Illuminate\\Container\\Util::unwrapIfClosure(Object(Closure))
#11 C:\\laragon\\www\\PROYECTO-LAZARO\\REPOSITORIO\\firmador\\FirmadorXml\\vendor\\laravel\\framework\\src\\Illuminate\\Container\\BoundMethod.php(37): Illuminate\\Container\\BoundMethod::callBoundMethod(Object(Illuminate\\Foundation\\Application), Object(Closure), Object(Closure))
#12 C:\\laragon\\www\\PROYECTO-LAZARO\\REPOSITORIO\\firmador\\FirmadorXml\\vendor\\laravel\\framework\\src\\Illuminate\\Container\\Container.php(653): Illuminate\\Container\\BoundMethod::call(Object(Illuminate\\Foundation\\Application), Object(Closure), Array, NULL)
#13 C:\\laragon\\www\\PROYECTO-LAZARO\\REPOSITORIO\\firmador\\FirmadorXml\\vendor\\laravel\\framework\\src\\Illuminate\\Foundation\\Support\\Providers\\RouteServiceProvider.php(120): Illuminate\\Container\\Container->call(Object(Closure))
#14 C:\\laragon\\www\\PROYECTO-LAZARO\\REPOSITORIO\\firmador\\FirmadorXml\\vendor\\laravel\\framework\\src\\Illuminate\\Foundation\\Support\\Providers\\RouteServiceProvider.php(45): Illuminate\\Foundation\\Support\\Providers\\RouteServiceProvider->loadRoutes()
#15 C:\\laragon\\www\\PROYECTO-LAZARO\\REPOSITORIO\\firmador\\FirmadorXml\\vendor\\laravel\\framework\\src\\Illuminate\\Container\\BoundMethod.php(36): Illuminate\\Foundation\\Support\\Providers\\RouteServiceProvider->Illuminate\\Foundation\\Support\\Providers\\{closure}()
#16 C:\\laragon\\www\\PROYECTO-LAZARO\\REPOSITORIO\\firmador\\FirmadorXml\\vendor\\laravel\\framework\\src\\Illuminate\\Container\\Util.php(40): Illuminate\\Container\\BoundMethod::Illuminate\\Container\\{closure}()
#17 C:\\laragon\\www\\PROYECTO-LAZARO\\REPOSITORIO\\firmador\\FirmadorXml\\vendor\\laravel\\framework\\src\\Illuminate\\Container\\BoundMethod.php(81): Illuminate\\Container\\Util::unwrapIfClosure(Object(Closure))
#18 C:\\laragon\\www\\PROYECTO-LAZARO\\REPOSITORIO\\firmador\\FirmadorXml\\vendor\\laravel\\framework\\src\\Illuminate\\Container\\BoundMethod.php(37): Illuminate\\Container\\BoundMethod::callBoundMethod(Object(Illuminate\\Foundation\\Application), Object(Closure), Object(Closure))
#19 C:\\laragon\\www\\PROYECTO-LAZARO\\REPOSITORIO\\firmador\\FirmadorXml\\vendor\\laravel\\framework\\src\\Illuminate\\Container\\Container.php(653): Illuminate\\Container\\BoundMethod::call(Object(Illuminate\\Foundation\\Application), Object(Closure), Array, NULL)
#20 C:\\laragon\\www\\PROYECTO-LAZARO\\REPOSITORIO\\firmador\\FirmadorXml\\vendor\\laravel\\framework\\src\\Illuminate\\Support\\ServiceProvider.php(119): Illuminate\\Container\\Container->call(Object(Closure))
#21 C:\\laragon\\www\\PROYECTO-LAZARO\\REPOSITORIO\\firmador\\FirmadorXml\\vendor\\laravel\\framework\\src\\Illuminate\\Foundation\\Application.php(927): Illuminate\\Support\\ServiceProvider->callBootedCallbacks()
#22 C:\\laragon\\www\\PROYECTO-LAZARO\\REPOSITORIO\\firmador\\FirmadorXml\\vendor\\laravel\\framework\\src\\Illuminate\\Foundation\\Application.php(905): Illuminate\\Foundation\\Application->bootProvider(Object(App\\Providers\\RouteServiceProvider))
#23 [internal function]: Illuminate\\Foundation\\Application->Illuminate\\Foundation\\{closure}(Object(App\\Providers\\RouteServiceProvider), 23)
#24 C:\\laragon\\www\\PROYECTO-LAZARO\\REPOSITORIO\\firmador\\FirmadorXml\\vendor\\laravel\\framework\\src\\Illuminate\\Foundation\\Application.php(906): array_walk(Array, Object(Closure))
#25 C:\\laragon\\www\\PROYECTO-LAZARO\\REPOSITORIO\\firmador\\FirmadorXml\\vendor\\laravel\\framework\\src\\Illuminate\\Foundation\\Bootstrap\\BootProviders.php(17): Illuminate\\Foundation\\Application->boot()
#26 C:\\laragon\\www\\PROYECTO-LAZARO\\REPOSITORIO\\firmador\\FirmadorXml\\vendor\\laravel\\framework\\src\\Illuminate\\Foundation\\Application.php(237): Illuminate\\Foundation\\Bootstrap\\BootProviders->bootstrap(Object(Illuminate\\Foundation\\Application))
#27 C:\\laragon\\www\\PROYECTO-LAZARO\\REPOSITORIO\\firmador\\FirmadorXml\\vendor\\laravel\\framework\\src\\Illuminate\\Foundation\\Console\\Kernel.php(310): Illuminate\\Foundation\\Application->bootstrapWith(Array)
#28 C:\\laragon\\www\\PROYECTO-LAZARO\\REPOSITORIO\\firmador\\FirmadorXml\\vendor\\laravel\\framework\\src\\Illuminate\\Foundation\\Console\\Kernel.php(127): Illuminate\\Foundation\\Console\\Kernel->bootstrap()
#29 C:\\laragon\\www\\PROYECTO-LAZARO\\REPOSITORIO\\firmador\\FirmadorXml\\artisan(37): Illuminate\\Foundation\\Console\\Kernel->handle(Object(Symfony\\Component\\Console\\Input\\ArgvInput), Object(Symfony\\Component\\Console\\Output\\ConsoleOutput))
#30 {main}
"} 
[2023-04-26 01:04:07] local.ERROR: Command "optimizer" is not defined.

Did you mean one of these?
    optimize
    optimize:clear {"exception":"[object] (Symfony\\Component\\Console\\Exception\\CommandNotFoundException(code: 0): Command \"optimizer\" is not defined.

Did you mean one of these?
    optimize
    optimize:clear at C:\\laragon\\www\\PROYECTO-LAZARO\\REPOSITORIO\\firmador\\FirmadorXml\\vendor\\symfony\\console\\Application.php:720)
[stacktrace]
#0 C:\\laragon\\www\\PROYECTO-LAZARO\\REPOSITORIO\\firmador\\FirmadorXml\\vendor\\symfony\\console\\Application.php(259): Symfony\\Component\\Console\\Application->find('optimizer')
#1 C:\\laragon\\www\\PROYECTO-LAZARO\\REPOSITORIO\\firmador\\FirmadorXml\\vendor\\symfony\\console\\Application.php(171): Symfony\\Component\\Console\\Application->doRun(Object(Symfony\\Component\\Console\\Input\\ArgvInput), Object(Symfony\\Component\\Console\\Output\\ConsoleOutput))
#2 C:\\laragon\\www\\PROYECTO-LAZARO\\REPOSITORIO\\firmador\\FirmadorXml\\vendor\\laravel\\framework\\src\\Illuminate\\Console\\Application.php(94): Symfony\\Component\\Console\\Application->run(Object(Symfony\\Component\\Console\\Input\\ArgvInput), Object(Symfony\\Component\\Console\\Output\\ConsoleOutput))
#3 C:\\laragon\\www\\PROYECTO-LAZARO\\REPOSITORIO\\firmador\\FirmadorXml\\vendor\\laravel\\framework\\src\\Illuminate\\Foundation\\Console\\Kernel.php(129): Illuminate\\Console\\Application->run(Object(Symfony\\Component\\Console\\Input\\ArgvInput), Object(Symfony\\Component\\Console\\Output\\ConsoleOutput))
#4 C:\\laragon\\www\\PROYECTO-LAZARO\\REPOSITORIO\\firmador\\FirmadorXml\\artisan(37): Illuminate\\Foundation\\Console\\Kernel->handle(Object(Symfony\\Component\\Console\\Input\\ArgvInput), Object(Symfony\\Component\\Console\\Output\\ConsoleOutput))
#5 {main}
"} 
[2023-04-26 01:04:43] local.ERROR: Function () does not exist {"exception":"[object] (ReflectionException(code: 0): Function () does not exist at C:\\laragon\\www\\PROYECTO-LAZARO\\REPOSITORIO\\firmador\\FirmadorXml\\vendor\\laravel\\framework\\src\\Illuminate\\Routing\\RouteSignatureParameters.php:27)
[stacktrace]
#0 C:\\laragon\\www\\PROYECTO-LAZARO\\REPOSITORIO\\firmador\\FirmadorXml\\vendor\\laravel\\framework\\src\\Illuminate\\Routing\\RouteSignatureParameters.php(27): ReflectionFunction->__construct('')
#1 C:\\laragon\\www\\PROYECTO-LAZARO\\REPOSITORIO\\firmador\\FirmadorXml\\vendor\\laravel\\framework\\src\\Illuminate\\Routing\\Route.php(525): Illuminate\\Routing\\RouteSignatureParameters::fromAction(Array, 'Illuminate\\\\Cont...')
#2 C:\\laragon\\www\\PROYECTO-LAZARO\\REPOSITORIO\\firmador\\FirmadorXml\\vendor\\laravel\\framework\\src\\Illuminate\\Routing\\ImplicitRouteBinding.php(26): Illuminate\\Routing\\Route->signatureParameters('Illuminate\\\\Cont...')
#3 C:\\laragon\\www\\PROYECTO-LAZARO\\REPOSITORIO\\firmador\\FirmadorXml\\vendor\\laravel\\framework\\src\\Illuminate\\Routing\\Router.php(859): Illuminate\\Routing\\ImplicitRouteBinding::resolveForRoute(Object(Illuminate\\Foundation\\Application), Object(Illuminate\\Routing\\Route))
#4 C:\\laragon\\www\\PROYECTO-LAZARO\\REPOSITORIO\\firmador\\FirmadorXml\\vendor\\laravel\\framework\\src\\Illuminate\\Routing\\Middleware\\SubstituteBindings.php(41): Illuminate\\Routing\\Router->substituteImplicitBindings(Object(Illuminate\\Routing\\Route))
#5 C:\\laragon\\www\\PROYECTO-LAZARO\\REPOSITORIO\\firmador\\FirmadorXml\\vendor\\laravel\\framework\\src\\Illuminate\\Pipeline\\Pipeline.php(167): Illuminate\\Routing\\Middleware\\SubstituteBindings->handle(Object(Illuminate\\Http\\Request), Object(Closure))
#6 C:\\laragon\\www\\PROYECTO-LAZARO\\REPOSITORIO\\firmador\\FirmadorXml\\vendor\\laravel\\framework\\src\\Illuminate\\Routing\\Middleware\\ThrottleRequests.php(127): Illuminate\\Pipeline\\Pipeline->Illuminate\\Pipeline\\{closure}(Object(Illuminate\\Http\\Request))
#7 C:\\laragon\\www\\PROYECTO-LAZARO\\REPOSITORIO\\firmador\\FirmadorXml\\vendor\\laravel\\framework\\src\\Illuminate\\Routing\\Middleware\\ThrottleRequests.php(103): Illuminate\\Routing\\Middleware\\ThrottleRequests->handleRequest(Object(Illuminate\\Http\\Request), Object(Closure), Array)
#8 C:\\laragon\\www\\PROYECTO-LAZARO\\REPOSITORIO\\firmador\\FirmadorXml\\vendor\\laravel\\framework\\src\\Illuminate\\Routing\\Middleware\\ThrottleRequests.php(55): Illuminate\\Routing\\Middleware\\ThrottleRequests->handleRequestUsingNamedLimiter(Object(Illuminate\\Http\\Request), Object(Closure), 'api', Object(Closure))
#9 C:\\laragon\\www\\PROYECTO-LAZARO\\REPOSITORIO\\firmador\\FirmadorXml\\vendor\\laravel\\framework\\src\\Illuminate\\Pipeline\\Pipeline.php(167): Illuminate\\Routing\\Middleware\\ThrottleRequests->handle(Object(Illuminate\\Http\\Request), Object(Closure), 'api')
#10 C:\\laragon\\www\\PROYECTO-LAZARO\\REPOSITORIO\\firmador\\FirmadorXml\\vendor\\laravel\\framework\\src\\Illuminate\\Pipeline\\Pipeline.php(103): Illuminate\\Pipeline\\Pipeline->Illuminate\\Pipeline\\{closure}(Object(Illuminate\\Http\\Request))
#11 C:\\laragon\\www\\PROYECTO-LAZARO\\REPOSITORIO\\firmador\\FirmadorXml\\vendor\\laravel\\framework\\src\\Illuminate\\Routing\\Router.php(723): Illuminate\\Pipeline\\Pipeline->then(Object(Closure))
#12 C:\\laragon\\www\\PROYECTO-LAZARO\\REPOSITORIO\\firmador\\FirmadorXml\\vendor\\laravel\\framework\\src\\Illuminate\\Routing\\Router.php(698): Illuminate\\Routing\\Router->runRouteWithinStack(Object(Illuminate\\Routing\\Route), Object(Illuminate\\Http\\Request))
#13 C:\\laragon\\www\\PROYECTO-LAZARO\\REPOSITORIO\\firmador\\FirmadorXml\\vendor\\laravel\\framework\\src\\Illuminate\\Routing\\Router.php(662): Illuminate\\Routing\\Router->runRoute(Object(Illuminate\\Http\\Request), Object(Illuminate\\Routing\\Route))
#14 C:\\laragon\\www\\PROYECTO-LAZARO\\REPOSITORIO\\firmador\\FirmadorXml\\vendor\\laravel\\framework\\src\\Illuminate\\Routing\\Router.php(651): Illuminate\\Routing\\Router->dispatchToRoute(Object(Illuminate\\Http\\Request))
#15 C:\\laragon\\www\\PROYECTO-LAZARO\\REPOSITORIO\\firmador\\FirmadorXml\\vendor\\laravel\\framework\\src\\Illuminate\\Foundation\\Http\\Kernel.php(167): Illuminate\\Routing\\Router->dispatch(Object(Illuminate\\Http\\Request))
#16 C:\\laragon\\www\\PROYECTO-LAZARO\\REPOSITORIO\\firmador\\FirmadorXml\\vendor\\laravel\\framework\\src\\Illuminate\\Pipeline\\Pipeline.php(128): Illuminate\\Foundation\\Http\\Kernel->Illuminate\\Foundation\\Http\\{closure}(Object(Illuminate\\Http\\Request))
#17 C:\\laragon\\www\\PROYECTO-LAZARO\\REPOSITORIO\\firmador\\FirmadorXml\\vendor\\laravel\\framework\\src\\Illuminate\\Foundation\\Http\\Middleware\\TransformsRequest.php(21): Illuminate\\Pipeline\\Pipeline->Illuminate\\Pipeline\\{closure}(Object(Illuminate\\Http\\Request))
#18 C:\\laragon\\www\\PROYECTO-LAZARO\\REPOSITORIO\\firmador\\FirmadorXml\\vendor\\laravel\\framework\\src\\Illuminate\\Foundation\\Http\\Middleware\\ConvertEmptyStringsToNull.php(31): Illuminate\\Foundation\\Http\\Middleware\\TransformsRequest->handle(Object(Illuminate\\Http\\Request), Object(Closure))
#19 C:\\laragon\\www\\PROYECTO-LAZARO\\REPOSITORIO\\firmador\\FirmadorXml\\vendor\\laravel\\framework\\src\\Illuminate\\Pipeline\\Pipeline.php(167): Illuminate\\Foundation\\Http\\Middleware\\ConvertEmptyStringsToNull->handle(Object(Illuminate\\Http\\Request), Object(Closure))
#20 C:\\laragon\\www\\PROYECTO-LAZARO\\REPOSITORIO\\firmador\\FirmadorXml\\vendor\\laravel\\framework\\src\\Illuminate\\Foundation\\Http\\Middleware\\TransformsRequest.php(21): Illuminate\\Pipeline\\Pipeline->Illuminate\\Pipeline\\{closure}(Object(Illuminate\\Http\\Request))
#21 C:\\laragon\\www\\PROYECTO-LAZARO\\REPOSITORIO\\firmador\\FirmadorXml\\vendor\\laravel\\framework\\src\\Illuminate\\Foundation\\Http\\Middleware\\TrimStrings.php(40): Illuminate\\Foundation\\Http\\Middleware\\TransformsRequest->handle(Object(Illuminate\\Http\\Request), Object(Closure))
#22 C:\\laragon\\www\\PROYECTO-LAZARO\\REPOSITORIO\\firmador\\FirmadorXml\\vendor\\laravel\\framework\\src\\Illuminate\\Pipeline\\Pipeline.php(167): Illuminate\\Foundation\\Http\\Middleware\\TrimStrings->handle(Object(Illuminate\\Http\\Request), Object(Closure))
#23 C:\\laragon\\www\\PROYECTO-LAZARO\\REPOSITORIO\\firmador\\FirmadorXml\\vendor\\laravel\\framework\\src\\Illuminate\\Foundation\\Http\\Middleware\\ValidatePostSize.php(27): Illuminate\\Pipeline\\Pipeline->Illuminate\\Pipeline\\{closure}(Object(Illuminate\\Http\\Request))
#24 C:\\laragon\\www\\PROYECTO-LAZARO\\REPOSITORIO\\firmador\\FirmadorXml\\vendor\\laravel\\framework\\src\\Illuminate\\Pipeline\\Pipeline.php(167): Illuminate\\Foundation\\Http\\Middleware\\ValidatePostSize->handle(Object(Illuminate\\Http\\Request), Object(Closure))
#25 C:\\laragon\\www\\PROYECTO-LAZARO\\REPOSITORIO\\firmador\\FirmadorXml\\vendor\\laravel\\framework\\src\\Illuminate\\Foundation\\Http\\Middleware\\PreventRequestsDuringMaintenance.php(86): Illuminate\\Pipeline\\Pipeline->Illuminate\\Pipeline\\{closure}(Object(Illuminate\\Http\\Request))
#26 C:\\laragon\\www\\PROYECTO-LAZARO\\REPOSITORIO\\firmador\\FirmadorXml\\vendor\\laravel\\framework\\src\\Illuminate\\Pipeline\\Pipeline.php(167): Illuminate\\Foundation\\Http\\Middleware\\PreventRequestsDuringMaintenance->handle(Object(Illuminate\\Http\\Request), Object(Closure))
#27 C:\\laragon\\www\\PROYECTO-LAZARO\\REPOSITORIO\\firmador\\FirmadorXml\\vendor\\fruitcake\\laravel-cors\\src\\HandleCors.php(52): Illuminate\\Pipeline\\Pipeline->Illuminate\\Pipeline\\{closure}(Object(Illuminate\\Http\\Request))
#28 C:\\laragon\\www\\PROYECTO-LAZARO\\REPOSITORIO\\firmador\\FirmadorXml\\vendor\\laravel\\framework\\src\\Illuminate\\Pipeline\\Pipeline.php(167): Fruitcake\\Cors\\HandleCors->handle(Object(Illuminate\\Http\\Request), Object(Closure))
#29 C:\\laragon\\www\\PROYECTO-LAZARO\\REPOSITORIO\\firmador\\FirmadorXml\\vendor\\laravel\\framework\\src\\Illuminate\\Http\\Middleware\\TrustProxies.php(39): Illuminate\\Pipeline\\Pipeline->Illuminate\\Pipeline\\{closure}(Object(Illuminate\\Http\\Request))
#30 C:\\laragon\\www\\PROYECTO-LAZARO\\REPOSITORIO\\firmador\\FirmadorXml\\vendor\\laravel\\framework\\src\\Illuminate\\Pipeline\\Pipeline.php(167): Illuminate\\Http\\Middleware\\TrustProxies->handle(Object(Illuminate\\Http\\Request), Object(Closure))
#31 C:\\laragon\\www\\PROYECTO-LAZARO\\REPOSITORIO\\firmador\\FirmadorXml\\vendor\\laravel\\framework\\src\\Illuminate\\Pipeline\\Pipeline.php(103): Illuminate\\Pipeline\\Pipeline->Illuminate\\Pipeline\\{closure}(Object(Illuminate\\Http\\Request))
#32 C:\\laragon\\www\\PROYECTO-LAZARO\\REPOSITORIO\\firmador\\FirmadorXml\\vendor\\laravel\\framework\\src\\Illuminate\\Foundation\\Http\\Kernel.php(142): Illuminate\\Pipeline\\Pipeline->then(Object(Closure))
#33 C:\\laragon\\www\\PROYECTO-LAZARO\\REPOSITORIO\\firmador\\FirmadorXml\\vendor\\laravel\\framework\\src\\Illuminate\\Foundation\\Http\\Kernel.php(111): Illuminate\\Foundation\\Http\\Kernel->sendRequestThroughRouter(Object(Illuminate\\Http\\Request))
#34 C:\\laragon\\www\\PROYECTO-LAZARO\\REPOSITORIO\\firmador\\FirmadorXml\\public\\index.php(52): Illuminate\\Foundation\\Http\\Kernel->handle(Object(Illuminate\\Http\\Request))
#35 C:\\laragon\\www\\PROYECTO-LAZARO\\REPOSITORIO\\firmador\\FirmadorXml\\server.php(21): require_once('C:\\\\laragon\\\\www\\\\...')
#36 {main}
"} 
[2023-04-26 01:05:53] local.ERROR: Function () does not exist {"exception":"[object] (ReflectionException(code: 0): Function () does not exist at C:\\laragon\\www\\PROYECTO-LAZARO\\REPOSITORIO\\firmador\\FirmadorXml\\vendor\\laravel\\framework\\src\\Illuminate\\Routing\\RouteSignatureParameters.php:27)
[stacktrace]
#0 C:\\laragon\\www\\PROYECTO-LAZARO\\REPOSITORIO\\firmador\\FirmadorXml\\vendor\\laravel\\framework\\src\\Illuminate\\Routing\\RouteSignatureParameters.php(27): ReflectionFunction->__construct('')
#1 C:\\laragon\\www\\PROYECTO-LAZARO\\REPOSITORIO\\firmador\\FirmadorXml\\vendor\\laravel\\framework\\src\\Illuminate\\Routing\\Route.php(525): Illuminate\\Routing\\RouteSignatureParameters::fromAction(Array, 'Illuminate\\\\Cont...')
#2 C:\\laragon\\www\\PROYECTO-LAZARO\\REPOSITORIO\\firmador\\FirmadorXml\\vendor\\laravel\\framework\\src\\Illuminate\\Routing\\ImplicitRouteBinding.php(26): Illuminate\\Routing\\Route->signatureParameters('Illuminate\\\\Cont...')
#3 C:\\laragon\\www\\PROYECTO-LAZARO\\REPOSITORIO\\firmador\\FirmadorXml\\vendor\\laravel\\framework\\src\\Illuminate\\Routing\\Router.php(859): Illuminate\\Routing\\ImplicitRouteBinding::resolveForRoute(Object(Illuminate\\Foundation\\Application), Object(Illuminate\\Routing\\Route))
#4 C:\\laragon\\www\\PROYECTO-LAZARO\\REPOSITORIO\\firmador\\FirmadorXml\\vendor\\laravel\\framework\\src\\Illuminate\\Routing\\Middleware\\SubstituteBindings.php(41): Illuminate\\Routing\\Router->substituteImplicitBindings(Object(Illuminate\\Routing\\Route))
#5 C:\\laragon\\www\\PROYECTO-LAZARO\\REPOSITORIO\\firmador\\FirmadorXml\\vendor\\laravel\\framework\\src\\Illuminate\\Pipeline\\Pipeline.php(167): Illuminate\\Routing\\Middleware\\SubstituteBindings->handle(Object(Illuminate\\Http\\Request), Object(Closure))
#6 C:\\laragon\\www\\PROYECTO-LAZARO\\REPOSITORIO\\firmador\\FirmadorXml\\vendor\\laravel\\framework\\src\\Illuminate\\Routing\\Middleware\\ThrottleRequests.php(127): Illuminate\\Pipeline\\Pipeline->Illuminate\\Pipeline\\{closure}(Object(Illuminate\\Http\\Request))
#7 C:\\laragon\\www\\PROYECTO-LAZARO\\REPOSITORIO\\firmador\\FirmadorXml\\vendor\\laravel\\framework\\src\\Illuminate\\Routing\\Middleware\\ThrottleRequests.php(103): Illuminate\\Routing\\Middleware\\ThrottleRequests->handleRequest(Object(Illuminate\\Http\\Request), Object(Closure), Array)
#8 C:\\laragon\\www\\PROYECTO-LAZARO\\REPOSITORIO\\firmador\\FirmadorXml\\vendor\\laravel\\framework\\src\\Illuminate\\Routing\\Middleware\\ThrottleRequests.php(55): Illuminate\\Routing\\Middleware\\ThrottleRequests->handleRequestUsingNamedLimiter(Object(Illuminate\\Http\\Request), Object(Closure), 'api', Object(Closure))
#9 C:\\laragon\\www\\PROYECTO-LAZARO\\REPOSITORIO\\firmador\\FirmadorXml\\vendor\\laravel\\framework\\src\\Illuminate\\Pipeline\\Pipeline.php(167): Illuminate\\Routing\\Middleware\\ThrottleRequests->handle(Object(Illuminate\\Http\\Request), Object(Closure), 'api')
#10 C:\\laragon\\www\\PROYECTO-LAZARO\\REPOSITORIO\\firmador\\FirmadorXml\\vendor\\laravel\\framework\\src\\Illuminate\\Pipeline\\Pipeline.php(103): Illuminate\\Pipeline\\Pipeline->Illuminate\\Pipeline\\{closure}(Object(Illuminate\\Http\\Request))
#11 C:\\laragon\\www\\PROYECTO-LAZARO\\REPOSITORIO\\firmador\\FirmadorXml\\vendor\\laravel\\framework\\src\\Illuminate\\Routing\\Router.php(723): Illuminate\\Pipeline\\Pipeline->then(Object(Closure))
#12 C:\\laragon\\www\\PROYECTO-LAZARO\\REPOSITORIO\\firmador\\FirmadorXml\\vendor\\laravel\\framework\\src\\Illuminate\\Routing\\Router.php(698): Illuminate\\Routing\\Router->runRouteWithinStack(Object(Illuminate\\Routing\\Route), Object(Illuminate\\Http\\Request))
#13 C:\\laragon\\www\\PROYECTO-LAZARO\\REPOSITORIO\\firmador\\FirmadorXml\\vendor\\laravel\\framework\\src\\Illuminate\\Routing\\Router.php(662): Illuminate\\Routing\\Router->runRoute(Object(Illuminate\\Http\\Request), Object(Illuminate\\Routing\\Route))
#14 C:\\laragon\\www\\PROYECTO-LAZARO\\REPOSITORIO\\firmador\\FirmadorXml\\vendor\\laravel\\framework\\src\\Illuminate\\Routing\\Router.php(651): Illuminate\\Routing\\Router->dispatchToRoute(Object(Illuminate\\Http\\Request))
#15 C:\\laragon\\www\\PROYECTO-LAZARO\\REPOSITORIO\\firmador\\FirmadorXml\\vendor\\laravel\\framework\\src\\Illuminate\\Foundation\\Http\\Kernel.php(167): Illuminate\\Routing\\Router->dispatch(Object(Illuminate\\Http\\Request))
#16 C:\\laragon\\www\\PROYECTO-LAZARO\\REPOSITORIO\\firmador\\FirmadorXml\\vendor\\laravel\\framework\\src\\Illuminate\\Pipeline\\Pipeline.php(128): Illuminate\\Foundation\\Http\\Kernel->Illuminate\\Foundation\\Http\\{closure}(Object(Illuminate\\Http\\Request))
#17 C:\\laragon\\www\\PROYECTO-LAZARO\\REPOSITORIO\\firmador\\FirmadorXml\\vendor\\laravel\\framework\\src\\Illuminate\\Foundation\\Http\\Middleware\\TransformsRequest.php(21): Illuminate\\Pipeline\\Pipeline->Illuminate\\Pipeline\\{closure}(Object(Illuminate\\Http\\Request))
#18 C:\\laragon\\www\\PROYECTO-LAZARO\\REPOSITORIO\\firmador\\FirmadorXml\\vendor\\laravel\\framework\\src\\Illuminate\\Foundation\\Http\\Middleware\\ConvertEmptyStringsToNull.php(31): Illuminate\\Foundation\\Http\\Middleware\\TransformsRequest->handle(Object(Illuminate\\Http\\Request), Object(Closure))
#19 C:\\laragon\\www\\PROYECTO-LAZARO\\REPOSITORIO\\firmador\\FirmadorXml\\vendor\\laravel\\framework\\src\\Illuminate\\Pipeline\\Pipeline.php(167): Illuminate\\Foundation\\Http\\Middleware\\ConvertEmptyStringsToNull->handle(Object(Illuminate\\Http\\Request), Object(Closure))
#20 C:\\laragon\\www\\PROYECTO-LAZARO\\REPOSITORIO\\firmador\\FirmadorXml\\vendor\\laravel\\framework\\src\\Illuminate\\Foundation\\Http\\Middleware\\TransformsRequest.php(21): Illuminate\\Pipeline\\Pipeline->Illuminate\\Pipeline\\{closure}(Object(Illuminate\\Http\\Request))
#21 C:\\laragon\\www\\PROYECTO-LAZARO\\REPOSITORIO\\firmador\\FirmadorXml\\vendor\\laravel\\framework\\src\\Illuminate\\Foundation\\Http\\Middleware\\TrimStrings.php(40): Illuminate\\Foundation\\Http\\Middleware\\TransformsRequest->handle(Object(Illuminate\\Http\\Request), Object(Closure))
#22 C:\\laragon\\www\\PROYECTO-LAZARO\\REPOSITORIO\\firmador\\FirmadorXml\\vendor\\laravel\\framework\\src\\Illuminate\\Pipeline\\Pipeline.php(167): Illuminate\\Foundation\\Http\\Middleware\\TrimStrings->handle(Object(Illuminate\\Http\\Request), Object(Closure))
#23 C:\\laragon\\www\\PROYECTO-LAZARO\\REPOSITORIO\\firmador\\FirmadorXml\\vendor\\laravel\\framework\\src\\Illuminate\\Foundation\\Http\\Middleware\\ValidatePostSize.php(27): Illuminate\\Pipeline\\Pipeline->Illuminate\\Pipeline\\{closure}(Object(Illuminate\\Http\\Request))
#24 C:\\laragon\\www\\PROYECTO-LAZARO\\REPOSITORIO\\firmador\\FirmadorXml\\vendor\\laravel\\framework\\src\\Illuminate\\Pipeline\\Pipeline.php(167): Illuminate\\Foundation\\Http\\Middleware\\ValidatePostSize->handle(Object(Illuminate\\Http\\Request), Object(Closure))
#25 C:\\laragon\\www\\PROYECTO-LAZARO\\REPOSITORIO\\firmador\\FirmadorXml\\vendor\\laravel\\framework\\src\\Illuminate\\Foundation\\Http\\Middleware\\PreventRequestsDuringMaintenance.php(86): Illuminate\\Pipeline\\Pipeline->Illuminate\\Pipeline\\{closure}(Object(Illuminate\\Http\\Request))
#26 C:\\laragon\\www\\PROYECTO-LAZARO\\REPOSITORIO\\firmador\\FirmadorXml\\vendor\\laravel\\framework\\src\\Illuminate\\Pipeline\\Pipeline.php(167): Illuminate\\Foundation\\Http\\Middleware\\PreventRequestsDuringMaintenance->handle(Object(Illuminate\\Http\\Request), Object(Closure))
#27 C:\\laragon\\www\\PROYECTO-LAZARO\\REPOSITORIO\\firmador\\FirmadorXml\\vendor\\fruitcake\\laravel-cors\\src\\HandleCors.php(52): Illuminate\\Pipeline\\Pipeline->Illuminate\\Pipeline\\{closure}(Object(Illuminate\\Http\\Request))
#28 C:\\laragon\\www\\PROYECTO-LAZARO\\REPOSITORIO\\firmador\\FirmadorXml\\vendor\\laravel\\framework\\src\\Illuminate\\Pipeline\\Pipeline.php(167): Fruitcake\\Cors\\HandleCors->handle(Object(Illuminate\\Http\\Request), Object(Closure))
#29 C:\\laragon\\www\\PROYECTO-LAZARO\\REPOSITORIO\\firmador\\FirmadorXml\\vendor\\laravel\\framework\\src\\Illuminate\\Http\\Middleware\\TrustProxies.php(39): Illuminate\\Pipeline\\Pipeline->Illuminate\\Pipeline\\{closure}(Object(Illuminate\\Http\\Request))
#30 C:\\laragon\\www\\PROYECTO-LAZARO\\REPOSITORIO\\firmador\\FirmadorXml\\vendor\\laravel\\framework\\src\\Illuminate\\Pipeline\\Pipeline.php(167): Illuminate\\Http\\Middleware\\TrustProxies->handle(Object(Illuminate\\Http\\Request), Object(Closure))
#31 C:\\laragon\\www\\PROYECTO-LAZARO\\REPOSITORIO\\firmador\\FirmadorXml\\vendor\\laravel\\framework\\src\\Illuminate\\Pipeline\\Pipeline.php(103): Illuminate\\Pipeline\\Pipeline->Illuminate\\Pipeline\\{closure}(Object(Illuminate\\Http\\Request))
#32 C:\\laragon\\www\\PROYECTO-LAZARO\\REPOSITORIO\\firmador\\FirmadorXml\\vendor\\laravel\\framework\\src\\Illuminate\\Foundation\\Http\\Kernel.php(142): Illuminate\\Pipeline\\Pipeline->then(Object(Closure))
#33 C:\\laragon\\www\\PROYECTO-LAZARO\\REPOSITORIO\\firmador\\FirmadorXml\\vendor\\laravel\\framework\\src\\Illuminate\\Foundation\\Http\\Kernel.php(111): Illuminate\\Foundation\\Http\\Kernel->sendRequestThroughRouter(Object(Illuminate\\Http\\Request))
#34 C:\\laragon\\www\\PROYECTO-LAZARO\\REPOSITORIO\\firmador\\FirmadorXml\\public\\index.php(52): Illuminate\\Foundation\\Http\\Kernel->handle(Object(Illuminate\\Http\\Request))
#35 C:\\laragon\\www\\PROYECTO-LAZARO\\REPOSITORIO\\firmador\\FirmadorXml\\server.php(21): require_once('C:\\\\laragon\\\\www\\\\...')
#36 {main}
"} 
[2023-04-26 01:06:24] local.ERROR: Function () does not exist {"exception":"[object] (ReflectionException(code: 0): Function () does not exist at C:\\laragon\\www\\PROYECTO-LAZARO\\REPOSITORIO\\firmador\\FirmadorXml\\vendor\\laravel\\framework\\src\\Illuminate\\Routing\\RouteSignatureParameters.php:27)
[stacktrace]
#0 C:\\laragon\\www\\PROYECTO-LAZARO\\REPOSITORIO\\firmador\\FirmadorXml\\vendor\\laravel\\framework\\src\\Illuminate\\Routing\\RouteSignatureParameters.php(27): ReflectionFunction->__construct('')
#1 C:\\laragon\\www\\PROYECTO-LAZARO\\REPOSITORIO\\firmador\\FirmadorXml\\vendor\\laravel\\framework\\src\\Illuminate\\Routing\\Route.php(525): Illuminate\\Routing\\RouteSignatureParameters::fromAction(Array, 'Illuminate\\\\Cont...')
#2 C:\\laragon\\www\\PROYECTO-LAZARO\\REPOSITORIO\\firmador\\FirmadorXml\\vendor\\laravel\\framework\\src\\Illuminate\\Routing\\ImplicitRouteBinding.php(26): Illuminate\\Routing\\Route->signatureParameters('Illuminate\\\\Cont...')
#3 C:\\laragon\\www\\PROYECTO-LAZARO\\REPOSITORIO\\firmador\\FirmadorXml\\vendor\\laravel\\framework\\src\\Illuminate\\Routing\\Router.php(859): Illuminate\\Routing\\ImplicitRouteBinding::resolveForRoute(Object(Illuminate\\Foundation\\Application), Object(Illuminate\\Routing\\Route))
#4 C:\\laragon\\www\\PROYECTO-LAZARO\\REPOSITORIO\\firmador\\FirmadorXml\\vendor\\laravel\\framework\\src\\Illuminate\\Routing\\Middleware\\SubstituteBindings.php(41): Illuminate\\Routing\\Router->substituteImplicitBindings(Object(Illuminate\\Routing\\Route))
#5 C:\\laragon\\www\\PROYECTO-LAZARO\\REPOSITORIO\\firmador\\FirmadorXml\\vendor\\laravel\\framework\\src\\Illuminate\\Pipeline\\Pipeline.php(167): Illuminate\\Routing\\Middleware\\SubstituteBindings->handle(Object(Illuminate\\Http\\Request), Object(Closure))
#6 C:\\laragon\\www\\PROYECTO-LAZARO\\REPOSITORIO\\firmador\\FirmadorXml\\vendor\\laravel\\framework\\src\\Illuminate\\Routing\\Middleware\\ThrottleRequests.php(127): Illuminate\\Pipeline\\Pipeline->Illuminate\\Pipeline\\{closure}(Object(Illuminate\\Http\\Request))
#7 C:\\laragon\\www\\PROYECTO-LAZARO\\REPOSITORIO\\firmador\\FirmadorXml\\vendor\\laravel\\framework\\src\\Illuminate\\Routing\\Middleware\\ThrottleRequests.php(103): Illuminate\\Routing\\Middleware\\ThrottleRequests->handleRequest(Object(Illuminate\\Http\\Request), Object(Closure), Array)
#8 C:\\laragon\\www\\PROYECTO-LAZARO\\REPOSITORIO\\firmador\\FirmadorXml\\vendor\\laravel\\framework\\src\\Illuminate\\Routing\\Middleware\\ThrottleRequests.php(55): Illuminate\\Routing\\Middleware\\ThrottleRequests->handleRequestUsingNamedLimiter(Object(Illuminate\\Http\\Request), Object(Closure), 'api', Object(Closure))
#9 C:\\laragon\\www\\PROYECTO-LAZARO\\REPOSITORIO\\firmador\\FirmadorXml\\vendor\\laravel\\framework\\src\\Illuminate\\Pipeline\\Pipeline.php(167): Illuminate\\Routing\\Middleware\\ThrottleRequests->handle(Object(Illuminate\\Http\\Request), Object(Closure), 'api')
#10 C:\\laragon\\www\\PROYECTO-LAZARO\\REPOSITORIO\\firmador\\FirmadorXml\\vendor\\laravel\\framework\\src\\Illuminate\\Pipeline\\Pipeline.php(103): Illuminate\\Pipeline\\Pipeline->Illuminate\\Pipeline\\{closure}(Object(Illuminate\\Http\\Request))
#11 C:\\laragon\\www\\PROYECTO-LAZARO\\REPOSITORIO\\firmador\\FirmadorXml\\vendor\\laravel\\framework\\src\\Illuminate\\Routing\\Router.php(723): Illuminate\\Pipeline\\Pipeline->then(Object(Closure))
#12 C:\\laragon\\www\\PROYECTO-LAZARO\\REPOSITORIO\\firmador\\FirmadorXml\\vendor\\laravel\\framework\\src\\Illuminate\\Routing\\Router.php(698): Illuminate\\Routing\\Router->runRouteWithinStack(Object(Illuminate\\Routing\\Route), Object(Illuminate\\Http\\Request))
#13 C:\\laragon\\www\\PROYECTO-LAZARO\\REPOSITORIO\\firmador\\FirmadorXml\\vendor\\laravel\\framework\\src\\Illuminate\\Routing\\Router.php(662): Illuminate\\Routing\\Router->runRoute(Object(Illuminate\\Http\\Request), Object(Illuminate\\Routing\\Route))
#14 C:\\laragon\\www\\PROYECTO-LAZARO\\REPOSITORIO\\firmador\\FirmadorXml\\vendor\\laravel\\framework\\src\\Illuminate\\Routing\\Router.php(651): Illuminate\\Routing\\Router->dispatchToRoute(Object(Illuminate\\Http\\Request))
#15 C:\\laragon\\www\\PROYECTO-LAZARO\\REPOSITORIO\\firmador\\FirmadorXml\\vendor\\laravel\\framework\\src\\Illuminate\\Foundation\\Http\\Kernel.php(167): Illuminate\\Routing\\Router->dispatch(Object(Illuminate\\Http\\Request))
#16 C:\\laragon\\www\\PROYECTO-LAZARO\\REPOSITORIO\\firmador\\FirmadorXml\\vendor\\laravel\\framework\\src\\Illuminate\\Pipeline\\Pipeline.php(128): Illuminate\\Foundation\\Http\\Kernel->Illuminate\\Foundation\\Http\\{closure}(Object(Illuminate\\Http\\Request))
#17 C:\\laragon\\www\\PROYECTO-LAZARO\\REPOSITORIO\\firmador\\FirmadorXml\\vendor\\laravel\\framework\\src\\Illuminate\\Foundation\\Http\\Middleware\\TransformsRequest.php(21): Illuminate\\Pipeline\\Pipeline->Illuminate\\Pipeline\\{closure}(Object(Illuminate\\Http\\Request))
#18 C:\\laragon\\www\\PROYECTO-LAZARO\\REPOSITORIO\\firmador\\FirmadorXml\\vendor\\laravel\\framework\\src\\Illuminate\\Foundation\\Http\\Middleware\\ConvertEmptyStringsToNull.php(31): Illuminate\\Foundation\\Http\\Middleware\\TransformsRequest->handle(Object(Illuminate\\Http\\Request), Object(Closure))
#19 C:\\laragon\\www\\PROYECTO-LAZARO\\REPOSITORIO\\firmador\\FirmadorXml\\vendor\\laravel\\framework\\src\\Illuminate\\Pipeline\\Pipeline.php(167): Illuminate\\Foundation\\Http\\Middleware\\ConvertEmptyStringsToNull->handle(Object(Illuminate\\Http\\Request), Object(Closure))
#20 C:\\laragon\\www\\PROYECTO-LAZARO\\REPOSITORIO\\firmador\\FirmadorXml\\vendor\\laravel\\framework\\src\\Illuminate\\Foundation\\Http\\Middleware\\TransformsRequest.php(21): Illuminate\\Pipeline\\Pipeline->Illuminate\\Pipeline\\{closure}(Object(Illuminate\\Http\\Request))
#21 C:\\laragon\\www\\PROYECTO-LAZARO\\REPOSITORIO\\firmador\\FirmadorXml\\vendor\\laravel\\framework\\src\\Illuminate\\Foundation\\Http\\Middleware\\TrimStrings.php(40): Illuminate\\Foundation\\Http\\Middleware\\TransformsRequest->handle(Object(Illuminate\\Http\\Request), Object(Closure))
#22 C:\\laragon\\www\\PROYECTO-LAZARO\\REPOSITORIO\\firmador\\FirmadorXml\\vendor\\laravel\\framework\\src\\Illuminate\\Pipeline\\Pipeline.php(167): Illuminate\\Foundation\\Http\\Middleware\\TrimStrings->handle(Object(Illuminate\\Http\\Request), Object(Closure))
#23 C:\\laragon\\www\\PROYECTO-LAZARO\\REPOSITORIO\\firmador\\FirmadorXml\\vendor\\laravel\\framework\\src\\Illuminate\\Foundation\\Http\\Middleware\\ValidatePostSize.php(27): Illuminate\\Pipeline\\Pipeline->Illuminate\\Pipeline\\{closure}(Object(Illuminate\\Http\\Request))
#24 C:\\laragon\\www\\PROYECTO-LAZARO\\REPOSITORIO\\firmador\\FirmadorXml\\vendor\\laravel\\framework\\src\\Illuminate\\Pipeline\\Pipeline.php(167): Illuminate\\Foundation\\Http\\Middleware\\ValidatePostSize->handle(Object(Illuminate\\Http\\Request), Object(Closure))
#25 C:\\laragon\\www\\PROYECTO-LAZARO\\REPOSITORIO\\firmador\\FirmadorXml\\vendor\\laravel\\framework\\src\\Illuminate\\Foundation\\Http\\Middleware\\PreventRequestsDuringMaintenance.php(86): Illuminate\\Pipeline\\Pipeline->Illuminate\\Pipeline\\{closure}(Object(Illuminate\\Http\\Request))
#26 C:\\laragon\\www\\PROYECTO-LAZARO\\REPOSITORIO\\firmador\\FirmadorXml\\vendor\\laravel\\framework\\src\\Illuminate\\Pipeline\\Pipeline.php(167): Illuminate\\Foundation\\Http\\Middleware\\PreventRequestsDuringMaintenance->handle(Object(Illuminate\\Http\\Request), Object(Closure))
#27 C:\\laragon\\www\\PROYECTO-LAZARO\\REPOSITORIO\\firmador\\FirmadorXml\\vendor\\fruitcake\\laravel-cors\\src\\HandleCors.php(52): Illuminate\\Pipeline\\Pipeline->Illuminate\\Pipeline\\{closure}(Object(Illuminate\\Http\\Request))
#28 C:\\laragon\\www\\PROYECTO-LAZARO\\REPOSITORIO\\firmador\\FirmadorXml\\vendor\\laravel\\framework\\src\\Illuminate\\Pipeline\\Pipeline.php(167): Fruitcake\\Cors\\HandleCors->handle(Object(Illuminate\\Http\\Request), Object(Closure))
#29 C:\\laragon\\www\\PROYECTO-LAZARO\\REPOSITORIO\\firmador\\FirmadorXml\\vendor\\laravel\\framework\\src\\Illuminate\\Http\\Middleware\\TrustProxies.php(39): Illuminate\\Pipeline\\Pipeline->Illuminate\\Pipeline\\{closure}(Object(Illuminate\\Http\\Request))
#30 C:\\laragon\\www\\PROYECTO-LAZARO\\REPOSITORIO\\firmador\\FirmadorXml\\vendor\\laravel\\framework\\src\\Illuminate\\Pipeline\\Pipeline.php(167): Illuminate\\Http\\Middleware\\TrustProxies->handle(Object(Illuminate\\Http\\Request), Object(Closure))
#31 C:\\laragon\\www\\PROYECTO-LAZARO\\REPOSITORIO\\firmador\\FirmadorXml\\vendor\\laravel\\framework\\src\\Illuminate\\Pipeline\\Pipeline.php(103): Illuminate\\Pipeline\\Pipeline->Illuminate\\Pipeline\\{closure}(Object(Illuminate\\Http\\Request))
#32 C:\\laragon\\www\\PROYECTO-LAZARO\\REPOSITORIO\\firmador\\FirmadorXml\\vendor\\laravel\\framework\\src\\Illuminate\\Foundation\\Http\\Kernel.php(142): Illuminate\\Pipeline\\Pipeline->then(Object(Closure))
#33 C:\\laragon\\www\\PROYECTO-LAZARO\\REPOSITORIO\\firmador\\FirmadorXml\\vendor\\laravel\\framework\\src\\Illuminate\\Foundation\\Http\\Kernel.php(111): Illuminate\\Foundation\\Http\\Kernel->sendRequestThroughRouter(Object(Illuminate\\Http\\Request))
#34 C:\\laragon\\www\\PROYECTO-LAZARO\\REPOSITORIO\\firmador\\FirmadorXml\\public\\index.php(52): Illuminate\\Foundation\\Http\\Kernel->handle(Object(Illuminate\\Http\\Request))
#35 C:\\laragon\\www\\PROYECTO-LAZARO\\REPOSITORIO\\firmador\\FirmadorXml\\server.php(21): require_once('C:\\\\laragon\\\\www\\\\...')
#36 {main}
"} 
[2023-04-26 01:06:27] local.ERROR: Function () does not exist {"exception":"[object] (ReflectionException(code: 0): Function () does not exist at C:\\laragon\\www\\PROYECTO-LAZARO\\REPOSITORIO\\firmador\\FirmadorXml\\vendor\\laravel\\framework\\src\\Illuminate\\Routing\\RouteSignatureParameters.php:27)
[stacktrace]
#0 C:\\laragon\\www\\PROYECTO-LAZARO\\REPOSITORIO\\firmador\\FirmadorXml\\vendor\\laravel\\framework\\src\\Illuminate\\Routing\\RouteSignatureParameters.php(27): ReflectionFunction->__construct('')
#1 C:\\laragon\\www\\PROYECTO-LAZARO\\REPOSITORIO\\firmador\\FirmadorXml\\vendor\\laravel\\framework\\src\\Illuminate\\Routing\\Route.php(525): Illuminate\\Routing\\RouteSignatureParameters::fromAction(Array, 'Illuminate\\\\Cont...')
#2 C:\\laragon\\www\\PROYECTO-LAZARO\\REPOSITORIO\\firmador\\FirmadorXml\\vendor\\laravel\\framework\\src\\Illuminate\\Routing\\ImplicitRouteBinding.php(26): Illuminate\\Routing\\Route->signatureParameters('Illuminate\\\\Cont...')
#3 C:\\laragon\\www\\PROYECTO-LAZARO\\REPOSITORIO\\firmador\\FirmadorXml\\vendor\\laravel\\framework\\src\\Illuminate\\Routing\\Router.php(859): Illuminate\\Routing\\ImplicitRouteBinding::resolveForRoute(Object(Illuminate\\Foundation\\Application), Object(Illuminate\\Routing\\Route))
#4 C:\\laragon\\www\\PROYECTO-LAZARO\\REPOSITORIO\\firmador\\FirmadorXml\\vendor\\laravel\\framework\\src\\Illuminate\\Routing\\Middleware\\SubstituteBindings.php(41): Illuminate\\Routing\\Router->substituteImplicitBindings(Object(Illuminate\\Routing\\Route))
#5 C:\\laragon\\www\\PROYECTO-LAZARO\\REPOSITORIO\\firmador\\FirmadorXml\\vendor\\laravel\\framework\\src\\Illuminate\\Pipeline\\Pipeline.php(167): Illuminate\\Routing\\Middleware\\SubstituteBindings->handle(Object(Illuminate\\Http\\Request), Object(Closure))
#6 C:\\laragon\\www\\PROYECTO-LAZARO\\REPOSITORIO\\firmador\\FirmadorXml\\vendor\\laravel\\framework\\src\\Illuminate\\Routing\\Middleware\\ThrottleRequests.php(127): Illuminate\\Pipeline\\Pipeline->Illuminate\\Pipeline\\{closure}(Object(Illuminate\\Http\\Request))
#7 C:\\laragon\\www\\PROYECTO-LAZARO\\REPOSITORIO\\firmador\\FirmadorXml\\vendor\\laravel\\framework\\src\\Illuminate\\Routing\\Middleware\\ThrottleRequests.php(103): Illuminate\\Routing\\Middleware\\ThrottleRequests->handleRequest(Object(Illuminate\\Http\\Request), Object(Closure), Array)
#8 C:\\laragon\\www\\PROYECTO-LAZARO\\REPOSITORIO\\firmador\\FirmadorXml\\vendor\\laravel\\framework\\src\\Illuminate\\Routing\\Middleware\\ThrottleRequests.php(55): Illuminate\\Routing\\Middleware\\ThrottleRequests->handleRequestUsingNamedLimiter(Object(Illuminate\\Http\\Request), Object(Closure), 'api', Object(Closure))
#9 C:\\laragon\\www\\PROYECTO-LAZARO\\REPOSITORIO\\firmador\\FirmadorXml\\vendor\\laravel\\framework\\src\\Illuminate\\Pipeline\\Pipeline.php(167): Illuminate\\Routing\\Middleware\\ThrottleRequests->handle(Object(Illuminate\\Http\\Request), Object(Closure), 'api')
#10 C:\\laragon\\www\\PROYECTO-LAZARO\\REPOSITORIO\\firmador\\FirmadorXml\\vendor\\laravel\\framework\\src\\Illuminate\\Pipeline\\Pipeline.php(103): Illuminate\\Pipeline\\Pipeline->Illuminate\\Pipeline\\{closure}(Object(Illuminate\\Http\\Request))
#11 C:\\laragon\\www\\PROYECTO-LAZARO\\REPOSITORIO\\firmador\\FirmadorXml\\vendor\\laravel\\framework\\src\\Illuminate\\Routing\\Router.php(723): Illuminate\\Pipeline\\Pipeline->then(Object(Closure))
#12 C:\\laragon\\www\\PROYECTO-LAZARO\\REPOSITORIO\\firmador\\FirmadorXml\\vendor\\laravel\\framework\\src\\Illuminate\\Routing\\Router.php(698): Illuminate\\Routing\\Router->runRouteWithinStack(Object(Illuminate\\Routing\\Route), Object(Illuminate\\Http\\Request))
#13 C:\\laragon\\www\\PROYECTO-LAZARO\\REPOSITORIO\\firmador\\FirmadorXml\\vendor\\laravel\\framework\\src\\Illuminate\\Routing\\Router.php(662): Illuminate\\Routing\\Router->runRoute(Object(Illuminate\\Http\\Request), Object(Illuminate\\Routing\\Route))
#14 C:\\laragon\\www\\PROYECTO-LAZARO\\REPOSITORIO\\firmador\\FirmadorXml\\vendor\\laravel\\framework\\src\\Illuminate\\Routing\\Router.php(651): Illuminate\\Routing\\Router->dispatchToRoute(Object(Illuminate\\Http\\Request))
#15 C:\\laragon\\www\\PROYECTO-LAZARO\\REPOSITORIO\\firmador\\FirmadorXml\\vendor\\laravel\\framework\\src\\Illuminate\\Foundation\\Http\\Kernel.php(167): Illuminate\\Routing\\Router->dispatch(Object(Illuminate\\Http\\Request))
#16 C:\\laragon\\www\\PROYECTO-LAZARO\\REPOSITORIO\\firmador\\FirmadorXml\\vendor\\laravel\\framework\\src\\Illuminate\\Pipeline\\Pipeline.php(128): Illuminate\\Foundation\\Http\\Kernel->Illuminate\\Foundation\\Http\\{closure}(Object(Illuminate\\Http\\Request))
#17 C:\\laragon\\www\\PROYECTO-LAZARO\\REPOSITORIO\\firmador\\FirmadorXml\\vendor\\laravel\\framework\\src\\Illuminate\\Foundation\\Http\\Middleware\\TransformsRequest.php(21): Illuminate\\Pipeline\\Pipeline->Illuminate\\Pipeline\\{closure}(Object(Illuminate\\Http\\Request))
#18 C:\\laragon\\www\\PROYECTO-LAZARO\\REPOSITORIO\\firmador\\FirmadorXml\\vendor\\laravel\\framework\\src\\Illuminate\\Foundation\\Http\\Middleware\\ConvertEmptyStringsToNull.php(31): Illuminate\\Foundation\\Http\\Middleware\\TransformsRequest->handle(Object(Illuminate\\Http\\Request), Object(Closure))
#19 C:\\laragon\\www\\PROYECTO-LAZARO\\REPOSITORIO\\firmador\\FirmadorXml\\vendor\\laravel\\framework\\src\\Illuminate\\Pipeline\\Pipeline.php(167): Illuminate\\Foundation\\Http\\Middleware\\ConvertEmptyStringsToNull->handle(Object(Illuminate\\Http\\Request), Object(Closure))
#20 C:\\laragon\\www\\PROYECTO-LAZARO\\REPOSITORIO\\firmador\\FirmadorXml\\vendor\\laravel\\framework\\src\\Illuminate\\Foundation\\Http\\Middleware\\TransformsRequest.php(21): Illuminate\\Pipeline\\Pipeline->Illuminate\\Pipeline\\{closure}(Object(Illuminate\\Http\\Request))
#21 C:\\laragon\\www\\PROYECTO-LAZARO\\REPOSITORIO\\firmador\\FirmadorXml\\vendor\\laravel\\framework\\src\\Illuminate\\Foundation\\Http\\Middleware\\TrimStrings.php(40): Illuminate\\Foundation\\Http\\Middleware\\TransformsRequest->handle(Object(Illuminate\\Http\\Request), Object(Closure))
#22 C:\\laragon\\www\\PROYECTO-LAZARO\\REPOSITORIO\\firmador\\FirmadorXml\\vendor\\laravel\\framework\\src\\Illuminate\\Pipeline\\Pipeline.php(167): Illuminate\\Foundation\\Http\\Middleware\\TrimStrings->handle(Object(Illuminate\\Http\\Request), Object(Closure))
#23 C:\\laragon\\www\\PROYECTO-LAZARO\\REPOSITORIO\\firmador\\FirmadorXml\\vendor\\laravel\\framework\\src\\Illuminate\\Foundation\\Http\\Middleware\\ValidatePostSize.php(27): Illuminate\\Pipeline\\Pipeline->Illuminate\\Pipeline\\{closure}(Object(Illuminate\\Http\\Request))
#24 C:\\laragon\\www\\PROYECTO-LAZARO\\REPOSITORIO\\firmador\\FirmadorXml\\vendor\\laravel\\framework\\src\\Illuminate\\Pipeline\\Pipeline.php(167): Illuminate\\Foundation\\Http\\Middleware\\ValidatePostSize->handle(Object(Illuminate\\Http\\Request), Object(Closure))
#25 C:\\laragon\\www\\PROYECTO-LAZARO\\REPOSITORIO\\firmador\\FirmadorXml\\vendor\\laravel\\framework\\src\\Illuminate\\Foundation\\Http\\Middleware\\PreventRequestsDuringMaintenance.php(86): Illuminate\\Pipeline\\Pipeline->Illuminate\\Pipeline\\{closure}(Object(Illuminate\\Http\\Request))
#26 C:\\laragon\\www\\PROYECTO-LAZARO\\REPOSITORIO\\firmador\\FirmadorXml\\vendor\\laravel\\framework\\src\\Illuminate\\Pipeline\\Pipeline.php(167): Illuminate\\Foundation\\Http\\Middleware\\PreventRequestsDuringMaintenance->handle(Object(Illuminate\\Http\\Request), Object(Closure))
#27 C:\\laragon\\www\\PROYECTO-LAZARO\\REPOSITORIO\\firmador\\FirmadorXml\\vendor\\fruitcake\\laravel-cors\\src\\HandleCors.php(52): Illuminate\\Pipeline\\Pipeline->Illuminate\\Pipeline\\{closure}(Object(Illuminate\\Http\\Request))
#28 C:\\laragon\\www\\PROYECTO-LAZARO\\REPOSITORIO\\firmador\\FirmadorXml\\vendor\\laravel\\framework\\src\\Illuminate\\Pipeline\\Pipeline.php(167): Fruitcake\\Cors\\HandleCors->handle(Object(Illuminate\\Http\\Request), Object(Closure))
#29 C:\\laragon\\www\\PROYECTO-LAZARO\\REPOSITORIO\\firmador\\FirmadorXml\\vendor\\laravel\\framework\\src\\Illuminate\\Http\\Middleware\\TrustProxies.php(39): Illuminate\\Pipeline\\Pipeline->Illuminate\\Pipeline\\{closure}(Object(Illuminate\\Http\\Request))
#30 C:\\laragon\\www\\PROYECTO-LAZARO\\REPOSITORIO\\firmador\\FirmadorXml\\vendor\\laravel\\framework\\src\\Illuminate\\Pipeline\\Pipeline.php(167): Illuminate\\Http\\Middleware\\TrustProxies->handle(Object(Illuminate\\Http\\Request), Object(Closure))
#31 C:\\laragon\\www\\PROYECTO-LAZARO\\REPOSITORIO\\firmador\\FirmadorXml\\vendor\\laravel\\framework\\src\\Illuminate\\Pipeline\\Pipeline.php(103): Illuminate\\Pipeline\\Pipeline->Illuminate\\Pipeline\\{closure}(Object(Illuminate\\Http\\Request))
#32 C:\\laragon\\www\\PROYECTO-LAZARO\\REPOSITORIO\\firmador\\FirmadorXml\\vendor\\laravel\\framework\\src\\Illuminate\\Foundation\\Http\\Kernel.php(142): Illuminate\\Pipeline\\Pipeline->then(Object(Closure))
#33 C:\\laragon\\www\\PROYECTO-LAZARO\\REPOSITORIO\\firmador\\FirmadorXml\\vendor\\laravel\\framework\\src\\Illuminate\\Foundation\\Http\\Kernel.php(111): Illuminate\\Foundation\\Http\\Kernel->sendRequestThroughRouter(Object(Illuminate\\Http\\Request))
#34 C:\\laragon\\www\\PROYECTO-LAZARO\\REPOSITORIO\\firmador\\FirmadorXml\\public\\index.php(52): Illuminate\\Foundation\\Http\\Kernel->handle(Object(Illuminate\\Http\\Request))
#35 C:\\laragon\\www\\PROYECTO-LAZARO\\REPOSITORIO\\firmador\\FirmadorXml\\server.php(21): require_once('C:\\\\laragon\\\\www\\\\...')
#36 {main}
"} 
[2023-04-26 01:06:36] local.ERROR: Function () does not exist {"exception":"[object] (ReflectionException(code: 0): Function () does not exist at C:\\laragon\\www\\PROYECTO-LAZARO\\REPOSITORIO\\firmador\\FirmadorXml\\vendor\\laravel\\framework\\src\\Illuminate\\Routing\\RouteSignatureParameters.php:27)
[stacktrace]
#0 C:\\laragon\\www\\PROYECTO-LAZARO\\REPOSITORIO\\firmador\\FirmadorXml\\vendor\\laravel\\framework\\src\\Illuminate\\Routing\\RouteSignatureParameters.php(27): ReflectionFunction->__construct('')
#1 C:\\laragon\\www\\PROYECTO-LAZARO\\REPOSITORIO\\firmador\\FirmadorXml\\vendor\\laravel\\framework\\src\\Illuminate\\Routing\\Route.php(525): Illuminate\\Routing\\RouteSignatureParameters::fromAction(Array, 'Illuminate\\\\Cont...')
#2 C:\\laragon\\www\\PROYECTO-LAZARO\\REPOSITORIO\\firmador\\FirmadorXml\\vendor\\laravel\\framework\\src\\Illuminate\\Routing\\ImplicitRouteBinding.php(26): Illuminate\\Routing\\Route->signatureParameters('Illuminate\\\\Cont...')
#3 C:\\laragon\\www\\PROYECTO-LAZARO\\REPOSITORIO\\firmador\\FirmadorXml\\vendor\\laravel\\framework\\src\\Illuminate\\Routing\\Router.php(859): Illuminate\\Routing\\ImplicitRouteBinding::resolveForRoute(Object(Illuminate\\Foundation\\Application), Object(Illuminate\\Routing\\Route))
#4 C:\\laragon\\www\\PROYECTO-LAZARO\\REPOSITORIO\\firmador\\FirmadorXml\\vendor\\laravel\\framework\\src\\Illuminate\\Routing\\Middleware\\SubstituteBindings.php(41): Illuminate\\Routing\\Router->substituteImplicitBindings(Object(Illuminate\\Routing\\Route))
#5 C:\\laragon\\www\\PROYECTO-LAZARO\\REPOSITORIO\\firmador\\FirmadorXml\\vendor\\laravel\\framework\\src\\Illuminate\\Pipeline\\Pipeline.php(167): Illuminate\\Routing\\Middleware\\SubstituteBindings->handle(Object(Illuminate\\Http\\Request), Object(Closure))
#6 C:\\laragon\\www\\PROYECTO-LAZARO\\REPOSITORIO\\firmador\\FirmadorXml\\vendor\\laravel\\framework\\src\\Illuminate\\Routing\\Middleware\\ThrottleRequests.php(127): Illuminate\\Pipeline\\Pipeline->Illuminate\\Pipeline\\{closure}(Object(Illuminate\\Http\\Request))
#7 C:\\laragon\\www\\PROYECTO-LAZARO\\REPOSITORIO\\firmador\\FirmadorXml\\vendor\\laravel\\framework\\src\\Illuminate\\Routing\\Middleware\\ThrottleRequests.php(103): Illuminate\\Routing\\Middleware\\ThrottleRequests->handleRequest(Object(Illuminate\\Http\\Request), Object(Closure), Array)
#8 C:\\laragon\\www\\PROYECTO-LAZARO\\REPOSITORIO\\firmador\\FirmadorXml\\vendor\\laravel\\framework\\src\\Illuminate\\Routing\\Middleware\\ThrottleRequests.php(55): Illuminate\\Routing\\Middleware\\ThrottleRequests->handleRequestUsingNamedLimiter(Object(Illuminate\\Http\\Request), Object(Closure), 'api', Object(Closure))
#9 C:\\laragon\\www\\PROYECTO-LAZARO\\REPOSITORIO\\firmador\\FirmadorXml\\vendor\\laravel\\framework\\src\\Illuminate\\Pipeline\\Pipeline.php(167): Illuminate\\Routing\\Middleware\\ThrottleRequests->handle(Object(Illuminate\\Http\\Request), Object(Closure), 'api')
#10 C:\\laragon\\www\\PROYECTO-LAZARO\\REPOSITORIO\\firmador\\FirmadorXml\\vendor\\laravel\\framework\\src\\Illuminate\\Pipeline\\Pipeline.php(103): Illuminate\\Pipeline\\Pipeline->Illuminate\\Pipeline\\{closure}(Object(Illuminate\\Http\\Request))
#11 C:\\laragon\\www\\PROYECTO-LAZARO\\REPOSITORIO\\firmador\\FirmadorXml\\vendor\\laravel\\framework\\src\\Illuminate\\Routing\\Router.php(723): Illuminate\\Pipeline\\Pipeline->then(Object(Closure))
#12 C:\\laragon\\www\\PROYECTO-LAZARO\\REPOSITORIO\\firmador\\FirmadorXml\\vendor\\laravel\\framework\\src\\Illuminate\\Routing\\Router.php(698): Illuminate\\Routing\\Router->runRouteWithinStack(Object(Illuminate\\Routing\\Route), Object(Illuminate\\Http\\Request))
#13 C:\\laragon\\www\\PROYECTO-LAZARO\\REPOSITORIO\\firmador\\FirmadorXml\\vendor\\laravel\\framework\\src\\Illuminate\\Routing\\Router.php(662): Illuminate\\Routing\\Router->runRoute(Object(Illuminate\\Http\\Request), Object(Illuminate\\Routing\\Route))
#14 C:\\laragon\\www\\PROYECTO-LAZARO\\REPOSITORIO\\firmador\\FirmadorXml\\vendor\\laravel\\framework\\src\\Illuminate\\Routing\\Router.php(651): Illuminate\\Routing\\Router->dispatchToRoute(Object(Illuminate\\Http\\Request))
#15 C:\\laragon\\www\\PROYECTO-LAZARO\\REPOSITORIO\\firmador\\FirmadorXml\\vendor\\laravel\\framework\\src\\Illuminate\\Foundation\\Http\\Kernel.php(167): Illuminate\\Routing\\Router->dispatch(Object(Illuminate\\Http\\Request))
#16 C:\\laragon\\www\\PROYECTO-LAZARO\\REPOSITORIO\\firmador\\FirmadorXml\\vendor\\laravel\\framework\\src\\Illuminate\\Pipeline\\Pipeline.php(128): Illuminate\\Foundation\\Http\\Kernel->Illuminate\\Foundation\\Http\\{closure}(Object(Illuminate\\Http\\Request))
#17 C:\\laragon\\www\\PROYECTO-LAZARO\\REPOSITORIO\\firmador\\FirmadorXml\\vendor\\laravel\\framework\\src\\Illuminate\\Foundation\\Http\\Middleware\\TransformsRequest.php(21): Illuminate\\Pipeline\\Pipeline->Illuminate\\Pipeline\\{closure}(Object(Illuminate\\Http\\Request))
#18 C:\\laragon\\www\\PROYECTO-LAZARO\\REPOSITORIO\\firmador\\FirmadorXml\\vendor\\laravel\\framework\\src\\Illuminate\\Foundation\\Http\\Middleware\\ConvertEmptyStringsToNull.php(31): Illuminate\\Foundation\\Http\\Middleware\\TransformsRequest->handle(Object(Illuminate\\Http\\Request), Object(Closure))
#19 C:\\laragon\\www\\PROYECTO-LAZARO\\REPOSITORIO\\firmador\\FirmadorXml\\vendor\\laravel\\framework\\src\\Illuminate\\Pipeline\\Pipeline.php(167): Illuminate\\Foundation\\Http\\Middleware\\ConvertEmptyStringsToNull->handle(Object(Illuminate\\Http\\Request), Object(Closure))
#20 C:\\laragon\\www\\PROYECTO-LAZARO\\REPOSITORIO\\firmador\\FirmadorXml\\vendor\\laravel\\framework\\src\\Illuminate\\Foundation\\Http\\Middleware\\TransformsRequest.php(21): Illuminate\\Pipeline\\Pipeline->Illuminate\\Pipeline\\{closure}(Object(Illuminate\\Http\\Request))
#21 C:\\laragon\\www\\PROYECTO-LAZARO\\REPOSITORIO\\firmador\\FirmadorXml\\vendor\\laravel\\framework\\src\\Illuminate\\Foundation\\Http\\Middleware\\TrimStrings.php(40): Illuminate\\Foundation\\Http\\Middleware\\TransformsRequest->handle(Object(Illuminate\\Http\\Request), Object(Closure))
#22 C:\\laragon\\www\\PROYECTO-LAZARO\\REPOSITORIO\\firmador\\FirmadorXml\\vendor\\laravel\\framework\\src\\Illuminate\\Pipeline\\Pipeline.php(167): Illuminate\\Foundation\\Http\\Middleware\\TrimStrings->handle(Object(Illuminate\\Http\\Request), Object(Closure))
#23 C:\\laragon\\www\\PROYECTO-LAZARO\\REPOSITORIO\\firmador\\FirmadorXml\\vendor\\laravel\\framework\\src\\Illuminate\\Foundation\\Http\\Middleware\\ValidatePostSize.php(27): Illuminate\\Pipeline\\Pipeline->Illuminate\\Pipeline\\{closure}(Object(Illuminate\\Http\\Request))
#24 C:\\laragon\\www\\PROYECTO-LAZARO\\REPOSITORIO\\firmador\\FirmadorXml\\vendor\\laravel\\framework\\src\\Illuminate\\Pipeline\\Pipeline.php(167): Illuminate\\Foundation\\Http\\Middleware\\ValidatePostSize->handle(Object(Illuminate\\Http\\Request), Object(Closure))
#25 C:\\laragon\\www\\PROYECTO-LAZARO\\REPOSITORIO\\firmador\\FirmadorXml\\vendor\\laravel\\framework\\src\\Illuminate\\Foundation\\Http\\Middleware\\PreventRequestsDuringMaintenance.php(86): Illuminate\\Pipeline\\Pipeline->Illuminate\\Pipeline\\{closure}(Object(Illuminate\\Http\\Request))
#26 C:\\laragon\\www\\PROYECTO-LAZARO\\REPOSITORIO\\firmador\\FirmadorXml\\vendor\\laravel\\framework\\src\\Illuminate\\Pipeline\\Pipeline.php(167): Illuminate\\Foundation\\Http\\Middleware\\PreventRequestsDuringMaintenance->handle(Object(Illuminate\\Http\\Request), Object(Closure))
#27 C:\\laragon\\www\\PROYECTO-LAZARO\\REPOSITORIO\\firmador\\FirmadorXml\\vendor\\fruitcake\\laravel-cors\\src\\HandleCors.php(52): Illuminate\\Pipeline\\Pipeline->Illuminate\\Pipeline\\{closure}(Object(Illuminate\\Http\\Request))
#28 C:\\laragon\\www\\PROYECTO-LAZARO\\REPOSITORIO\\firmador\\FirmadorXml\\vendor\\laravel\\framework\\src\\Illuminate\\Pipeline\\Pipeline.php(167): Fruitcake\\Cors\\HandleCors->handle(Object(Illuminate\\Http\\Request), Object(Closure))
#29 C:\\laragon\\www\\PROYECTO-LAZARO\\REPOSITORIO\\firmador\\FirmadorXml\\vendor\\laravel\\framework\\src\\Illuminate\\Http\\Middleware\\TrustProxies.php(39): Illuminate\\Pipeline\\Pipeline->Illuminate\\Pipeline\\{closure}(Object(Illuminate\\Http\\Request))
#30 C:\\laragon\\www\\PROYECTO-LAZARO\\REPOSITORIO\\firmador\\FirmadorXml\\vendor\\laravel\\framework\\src\\Illuminate\\Pipeline\\Pipeline.php(167): Illuminate\\Http\\Middleware\\TrustProxies->handle(Object(Illuminate\\Http\\Request), Object(Closure))
#31 C:\\laragon\\www\\PROYECTO-LAZARO\\REPOSITORIO\\firmador\\FirmadorXml\\vendor\\laravel\\framework\\src\\Illuminate\\Pipeline\\Pipeline.php(103): Illuminate\\Pipeline\\Pipeline->Illuminate\\Pipeline\\{closure}(Object(Illuminate\\Http\\Request))
#32 C:\\laragon\\www\\PROYECTO-LAZARO\\REPOSITORIO\\firmador\\FirmadorXml\\vendor\\laravel\\framework\\src\\Illuminate\\Foundation\\Http\\Kernel.php(142): Illuminate\\Pipeline\\Pipeline->then(Object(Closure))
#33 C:\\laragon\\www\\PROYECTO-LAZARO\\REPOSITORIO\\firmador\\FirmadorXml\\vendor\\laravel\\framework\\src\\Illuminate\\Foundation\\Http\\Kernel.php(111): Illuminate\\Foundation\\Http\\Kernel->sendRequestThroughRouter(Object(Illuminate\\Http\\Request))
#34 C:\\laragon\\www\\PROYECTO-LAZARO\\REPOSITORIO\\firmador\\FirmadorXml\\public\\index.php(52): Illuminate\\Foundation\\Http\\Kernel->handle(Object(Illuminate\\Http\\Request))
#35 C:\\laragon\\www\\PROYECTO-LAZARO\\REPOSITORIO\\firmador\\FirmadorXml\\server.php(21): require_once('C:\\\\laragon\\\\www\\\\...')
#36 {main}
"} 
[2023-04-26 01:06:56] local.ERROR: Function () does not exist {"exception":"[object] (ReflectionException(code: 0): Function () does not exist at C:\\laragon\\www\\PROYECTO-LAZARO\\REPOSITORIO\\firmador\\FirmadorXml\\vendor\\laravel\\framework\\src\\Illuminate\\Routing\\RouteSignatureParameters.php:27)
[stacktrace]
#0 C:\\laragon\\www\\PROYECTO-LAZARO\\REPOSITORIO\\firmador\\FirmadorXml\\vendor\\laravel\\framework\\src\\Illuminate\\Routing\\RouteSignatureParameters.php(27): ReflectionFunction->__construct('')
#1 C:\\laragon\\www\\PROYECTO-LAZARO\\REPOSITORIO\\firmador\\FirmadorXml\\vendor\\laravel\\framework\\src\\Illuminate\\Routing\\Route.php(525): Illuminate\\Routing\\RouteSignatureParameters::fromAction(Array, 'Illuminate\\\\Cont...')
#2 C:\\laragon\\www\\PROYECTO-LAZARO\\REPOSITORIO\\firmador\\FirmadorXml\\vendor\\laravel\\framework\\src\\Illuminate\\Routing\\ImplicitRouteBinding.php(26): Illuminate\\Routing\\Route->signatureParameters('Illuminate\\\\Cont...')
#3 C:\\laragon\\www\\PROYECTO-LAZARO\\REPOSITORIO\\firmador\\FirmadorXml\\vendor\\laravel\\framework\\src\\Illuminate\\Routing\\Router.php(859): Illuminate\\Routing\\ImplicitRouteBinding::resolveForRoute(Object(Illuminate\\Foundation\\Application), Object(Illuminate\\Routing\\Route))
#4 C:\\laragon\\www\\PROYECTO-LAZARO\\REPOSITORIO\\firmador\\FirmadorXml\\vendor\\laravel\\framework\\src\\Illuminate\\Routing\\Middleware\\SubstituteBindings.php(41): Illuminate\\Routing\\Router->substituteImplicitBindings(Object(Illuminate\\Routing\\Route))
#5 C:\\laragon\\www\\PROYECTO-LAZARO\\REPOSITORIO\\firmador\\FirmadorXml\\vendor\\laravel\\framework\\src\\Illuminate\\Pipeline\\Pipeline.php(167): Illuminate\\Routing\\Middleware\\SubstituteBindings->handle(Object(Illuminate\\Http\\Request), Object(Closure))
#6 C:\\laragon\\www\\PROYECTO-LAZARO\\REPOSITORIO\\firmador\\FirmadorXml\\vendor\\laravel\\framework\\src\\Illuminate\\Routing\\Middleware\\ThrottleRequests.php(127): Illuminate\\Pipeline\\Pipeline->Illuminate\\Pipeline\\{closure}(Object(Illuminate\\Http\\Request))
#7 C:\\laragon\\www\\PROYECTO-LAZARO\\REPOSITORIO\\firmador\\FirmadorXml\\vendor\\laravel\\framework\\src\\Illuminate\\Routing\\Middleware\\ThrottleRequests.php(103): Illuminate\\Routing\\Middleware\\ThrottleRequests->handleRequest(Object(Illuminate\\Http\\Request), Object(Closure), Array)
#8 C:\\laragon\\www\\PROYECTO-LAZARO\\REPOSITORIO\\firmador\\FirmadorXml\\vendor\\laravel\\framework\\src\\Illuminate\\Routing\\Middleware\\ThrottleRequests.php(55): Illuminate\\Routing\\Middleware\\ThrottleRequests->handleRequestUsingNamedLimiter(Object(Illuminate\\Http\\Request), Object(Closure), 'api', Object(Closure))
#9 C:\\laragon\\www\\PROYECTO-LAZARO\\REPOSITORIO\\firmador\\FirmadorXml\\vendor\\laravel\\framework\\src\\Illuminate\\Pipeline\\Pipeline.php(167): Illuminate\\Routing\\Middleware\\ThrottleRequests->handle(Object(Illuminate\\Http\\Request), Object(Closure), 'api')
#10 C:\\laragon\\www\\PROYECTO-LAZARO\\REPOSITORIO\\firmador\\FirmadorXml\\vendor\\laravel\\framework\\src\\Illuminate\\Pipeline\\Pipeline.php(103): Illuminate\\Pipeline\\Pipeline->Illuminate\\Pipeline\\{closure}(Object(Illuminate\\Http\\Request))
#11 C:\\laragon\\www\\PROYECTO-LAZARO\\REPOSITORIO\\firmador\\FirmadorXml\\vendor\\laravel\\framework\\src\\Illuminate\\Routing\\Router.php(723): Illuminate\\Pipeline\\Pipeline->then(Object(Closure))
#12 C:\\laragon\\www\\PROYECTO-LAZARO\\REPOSITORIO\\firmador\\FirmadorXml\\vendor\\laravel\\framework\\src\\Illuminate\\Routing\\Router.php(698): Illuminate\\Routing\\Router->runRouteWithinStack(Object(Illuminate\\Routing\\Route), Object(Illuminate\\Http\\Request))
#13 C:\\laragon\\www\\PROYECTO-LAZARO\\REPOSITORIO\\firmador\\FirmadorXml\\vendor\\laravel\\framework\\src\\Illuminate\\Routing\\Router.php(662): Illuminate\\Routing\\Router->runRoute(Object(Illuminate\\Http\\Request), Object(Illuminate\\Routing\\Route))
#14 C:\\laragon\\www\\PROYECTO-LAZARO\\REPOSITORIO\\firmador\\FirmadorXml\\vendor\\laravel\\framework\\src\\Illuminate\\Routing\\Router.php(651): Illuminate\\Routing\\Router->dispatchToRoute(Object(Illuminate\\Http\\Request))
#15 C:\\laragon\\www\\PROYECTO-LAZARO\\REPOSITORIO\\firmador\\FirmadorXml\\vendor\\laravel\\framework\\src\\Illuminate\\Foundation\\Http\\Kernel.php(167): Illuminate\\Routing\\Router->dispatch(Object(Illuminate\\Http\\Request))
#16 C:\\laragon\\www\\PROYECTO-LAZARO\\REPOSITORIO\\firmador\\FirmadorXml\\vendor\\laravel\\framework\\src\\Illuminate\\Pipeline\\Pipeline.php(128): Illuminate\\Foundation\\Http\\Kernel->Illuminate\\Foundation\\Http\\{closure}(Object(Illuminate\\Http\\Request))
#17 C:\\laragon\\www\\PROYECTO-LAZARO\\REPOSITORIO\\firmador\\FirmadorXml\\vendor\\laravel\\framework\\src\\Illuminate\\Foundation\\Http\\Middleware\\TransformsRequest.php(21): Illuminate\\Pipeline\\Pipeline->Illuminate\\Pipeline\\{closure}(Object(Illuminate\\Http\\Request))
#18 C:\\laragon\\www\\PROYECTO-LAZARO\\REPOSITORIO\\firmador\\FirmadorXml\\vendor\\laravel\\framework\\src\\Illuminate\\Foundation\\Http\\Middleware\\ConvertEmptyStringsToNull.php(31): Illuminate\\Foundation\\Http\\Middleware\\TransformsRequest->handle(Object(Illuminate\\Http\\Request), Object(Closure))
#19 C:\\laragon\\www\\PROYECTO-LAZARO\\REPOSITORIO\\firmador\\FirmadorXml\\vendor\\laravel\\framework\\src\\Illuminate\\Pipeline\\Pipeline.php(167): Illuminate\\Foundation\\Http\\Middleware\\ConvertEmptyStringsToNull->handle(Object(Illuminate\\Http\\Request), Object(Closure))
#20 C:\\laragon\\www\\PROYECTO-LAZARO\\REPOSITORIO\\firmador\\FirmadorXml\\vendor\\laravel\\framework\\src\\Illuminate\\Foundation\\Http\\Middleware\\TransformsRequest.php(21): Illuminate\\Pipeline\\Pipeline->Illuminate\\Pipeline\\{closure}(Object(Illuminate\\Http\\Request))
#21 C:\\laragon\\www\\PROYECTO-LAZARO\\REPOSITORIO\\firmador\\FirmadorXml\\vendor\\laravel\\framework\\src\\Illuminate\\Foundation\\Http\\Middleware\\TrimStrings.php(40): Illuminate\\Foundation\\Http\\Middleware\\TransformsRequest->handle(Object(Illuminate\\Http\\Request), Object(Closure))
#22 C:\\laragon\\www\\PROYECTO-LAZARO\\REPOSITORIO\\firmador\\FirmadorXml\\vendor\\laravel\\framework\\src\\Illuminate\\Pipeline\\Pipeline.php(167): Illuminate\\Foundation\\Http\\Middleware\\TrimStrings->handle(Object(Illuminate\\Http\\Request), Object(Closure))
#23 C:\\laragon\\www\\PROYECTO-LAZARO\\REPOSITORIO\\firmador\\FirmadorXml\\vendor\\laravel\\framework\\src\\Illuminate\\Foundation\\Http\\Middleware\\ValidatePostSize.php(27): Illuminate\\Pipeline\\Pipeline->Illuminate\\Pipeline\\{closure}(Object(Illuminate\\Http\\Request))
#24 C:\\laragon\\www\\PROYECTO-LAZARO\\REPOSITORIO\\firmador\\FirmadorXml\\vendor\\laravel\\framework\\src\\Illuminate\\Pipeline\\Pipeline.php(167): Illuminate\\Foundation\\Http\\Middleware\\ValidatePostSize->handle(Object(Illuminate\\Http\\Request), Object(Closure))
#25 C:\\laragon\\www\\PROYECTO-LAZARO\\REPOSITORIO\\firmador\\FirmadorXml\\vendor\\laravel\\framework\\src\\Illuminate\\Foundation\\Http\\Middleware\\PreventRequestsDuringMaintenance.php(86): Illuminate\\Pipeline\\Pipeline->Illuminate\\Pipeline\\{closure}(Object(Illuminate\\Http\\Request))
#26 C:\\laragon\\www\\PROYECTO-LAZARO\\REPOSITORIO\\firmador\\FirmadorXml\\vendor\\laravel\\framework\\src\\Illuminate\\Pipeline\\Pipeline.php(167): Illuminate\\Foundation\\Http\\Middleware\\PreventRequestsDuringMaintenance->handle(Object(Illuminate\\Http\\Request), Object(Closure))
#27 C:\\laragon\\www\\PROYECTO-LAZARO\\REPOSITORIO\\firmador\\FirmadorXml\\vendor\\fruitcake\\laravel-cors\\src\\HandleCors.php(52): Illuminate\\Pipeline\\Pipeline->Illuminate\\Pipeline\\{closure}(Object(Illuminate\\Http\\Request))
#28 C:\\laragon\\www\\PROYECTO-LAZARO\\REPOSITORIO\\firmador\\FirmadorXml\\vendor\\laravel\\framework\\src\\Illuminate\\Pipeline\\Pipeline.php(167): Fruitcake\\Cors\\HandleCors->handle(Object(Illuminate\\Http\\Request), Object(Closure))
#29 C:\\laragon\\www\\PROYECTO-LAZARO\\REPOSITORIO\\firmador\\FirmadorXml\\vendor\\laravel\\framework\\src\\Illuminate\\Http\\Middleware\\TrustProxies.php(39): Illuminate\\Pipeline\\Pipeline->Illuminate\\Pipeline\\{closure}(Object(Illuminate\\Http\\Request))
#30 C:\\laragon\\www\\PROYECTO-LAZARO\\REPOSITORIO\\firmador\\FirmadorXml\\vendor\\laravel\\framework\\src\\Illuminate\\Pipeline\\Pipeline.php(167): Illuminate\\Http\\Middleware\\TrustProxies->handle(Object(Illuminate\\Http\\Request), Object(Closure))
#31 C:\\laragon\\www\\PROYECTO-LAZARO\\REPOSITORIO\\firmador\\FirmadorXml\\vendor\\laravel\\framework\\src\\Illuminate\\Pipeline\\Pipeline.php(103): Illuminate\\Pipeline\\Pipeline->Illuminate\\Pipeline\\{closure}(Object(Illuminate\\Http\\Request))
#32 C:\\laragon\\www\\PROYECTO-LAZARO\\REPOSITORIO\\firmador\\FirmadorXml\\vendor\\laravel\\framework\\src\\Illuminate\\Foundation\\Http\\Kernel.php(142): Illuminate\\Pipeline\\Pipeline->then(Object(Closure))
#33 C:\\laragon\\www\\PROYECTO-LAZARO\\REPOSITORIO\\firmador\\FirmadorXml\\vendor\\laravel\\framework\\src\\Illuminate\\Foundation\\Http\\Kernel.php(111): Illuminate\\Foundation\\Http\\Kernel->sendRequestThroughRouter(Object(Illuminate\\Http\\Request))
#34 C:\\laragon\\www\\PROYECTO-LAZARO\\REPOSITORIO\\firmador\\FirmadorXml\\public\\index.php(52): Illuminate\\Foundation\\Http\\Kernel->handle(Object(Illuminate\\Http\\Request))
#35 C:\\laragon\\www\\PROYECTO-LAZARO\\REPOSITORIO\\firmador\\FirmadorXml\\server.php(21): require_once('C:\\\\laragon\\\\www\\\\...')
#36 {main}
"} 
[2023-04-26 01:06:58] local.ERROR: Function () does not exist {"exception":"[object] (ReflectionException(code: 0): Function () does not exist at C:\\laragon\\www\\PROYECTO-LAZARO\\REPOSITORIO\\firmador\\FirmadorXml\\vendor\\laravel\\framework\\src\\Illuminate\\Routing\\RouteSignatureParameters.php:27)
[stacktrace]
#0 C:\\laragon\\www\\PROYECTO-LAZARO\\REPOSITORIO\\firmador\\FirmadorXml\\vendor\\laravel\\framework\\src\\Illuminate\\Routing\\RouteSignatureParameters.php(27): ReflectionFunction->__construct('')
#1 C:\\laragon\\www\\PROYECTO-LAZARO\\REPOSITORIO\\firmador\\FirmadorXml\\vendor\\laravel\\framework\\src\\Illuminate\\Routing\\Route.php(525): Illuminate\\Routing\\RouteSignatureParameters::fromAction(Array, 'Illuminate\\\\Cont...')
#2 C:\\laragon\\www\\PROYECTO-LAZARO\\REPOSITORIO\\firmador\\FirmadorXml\\vendor\\laravel\\framework\\src\\Illuminate\\Routing\\ImplicitRouteBinding.php(26): Illuminate\\Routing\\Route->signatureParameters('Illuminate\\\\Cont...')
#3 C:\\laragon\\www\\PROYECTO-LAZARO\\REPOSITORIO\\firmador\\FirmadorXml\\vendor\\laravel\\framework\\src\\Illuminate\\Routing\\Router.php(859): Illuminate\\Routing\\ImplicitRouteBinding::resolveForRoute(Object(Illuminate\\Foundation\\Application), Object(Illuminate\\Routing\\Route))
#4 C:\\laragon\\www\\PROYECTO-LAZARO\\REPOSITORIO\\firmador\\FirmadorXml\\vendor\\laravel\\framework\\src\\Illuminate\\Routing\\Middleware\\SubstituteBindings.php(41): Illuminate\\Routing\\Router->substituteImplicitBindings(Object(Illuminate\\Routing\\Route))
#5 C:\\laragon\\www\\PROYECTO-LAZARO\\REPOSITORIO\\firmador\\FirmadorXml\\vendor\\laravel\\framework\\src\\Illuminate\\Pipeline\\Pipeline.php(167): Illuminate\\Routing\\Middleware\\SubstituteBindings->handle(Object(Illuminate\\Http\\Request), Object(Closure))
#6 C:\\laragon\\www\\PROYECTO-LAZARO\\REPOSITORIO\\firmador\\FirmadorXml\\vendor\\laravel\\framework\\src\\Illuminate\\Routing\\Middleware\\ThrottleRequests.php(127): Illuminate\\Pipeline\\Pipeline->Illuminate\\Pipeline\\{closure}(Object(Illuminate\\Http\\Request))
#7 C:\\laragon\\www\\PROYECTO-LAZARO\\REPOSITORIO\\firmador\\FirmadorXml\\vendor\\laravel\\framework\\src\\Illuminate\\Routing\\Middleware\\ThrottleRequests.php(103): Illuminate\\Routing\\Middleware\\ThrottleRequests->handleRequest(Object(Illuminate\\Http\\Request), Object(Closure), Array)
#8 C:\\laragon\\www\\PROYECTO-LAZARO\\REPOSITORIO\\firmador\\FirmadorXml\\vendor\\laravel\\framework\\src\\Illuminate\\Routing\\Middleware\\ThrottleRequests.php(55): Illuminate\\Routing\\Middleware\\ThrottleRequests->handleRequestUsingNamedLimiter(Object(Illuminate\\Http\\Request), Object(Closure), 'api', Object(Closure))
#9 C:\\laragon\\www\\PROYECTO-LAZARO\\REPOSITORIO\\firmador\\FirmadorXml\\vendor\\laravel\\framework\\src\\Illuminate\\Pipeline\\Pipeline.php(167): Illuminate\\Routing\\Middleware\\ThrottleRequests->handle(Object(Illuminate\\Http\\Request), Object(Closure), 'api')
#10 C:\\laragon\\www\\PROYECTO-LAZARO\\REPOSITORIO\\firmador\\FirmadorXml\\vendor\\laravel\\framework\\src\\Illuminate\\Pipeline\\Pipeline.php(103): Illuminate\\Pipeline\\Pipeline->Illuminate\\Pipeline\\{closure}(Object(Illuminate\\Http\\Request))
#11 C:\\laragon\\www\\PROYECTO-LAZARO\\REPOSITORIO\\firmador\\FirmadorXml\\vendor\\laravel\\framework\\src\\Illuminate\\Routing\\Router.php(723): Illuminate\\Pipeline\\Pipeline->then(Object(Closure))
#12 C:\\laragon\\www\\PROYECTO-LAZARO\\REPOSITORIO\\firmador\\FirmadorXml\\vendor\\laravel\\framework\\src\\Illuminate\\Routing\\Router.php(698): Illuminate\\Routing\\Router->runRouteWithinStack(Object(Illuminate\\Routing\\Route), Object(Illuminate\\Http\\Request))
#13 C:\\laragon\\www\\PROYECTO-LAZARO\\REPOSITORIO\\firmador\\FirmadorXml\\vendor\\laravel\\framework\\src\\Illuminate\\Routing\\Router.php(662): Illuminate\\Routing\\Router->runRoute(Object(Illuminate\\Http\\Request), Object(Illuminate\\Routing\\Route))
#14 C:\\laragon\\www\\PROYECTO-LAZARO\\REPOSITORIO\\firmador\\FirmadorXml\\vendor\\laravel\\framework\\src\\Illuminate\\Routing\\Router.php(651): Illuminate\\Routing\\Router->dispatchToRoute(Object(Illuminate\\Http\\Request))
#15 C:\\laragon\\www\\PROYECTO-LAZARO\\REPOSITORIO\\firmador\\FirmadorXml\\vendor\\laravel\\framework\\src\\Illuminate\\Foundation\\Http\\Kernel.php(167): Illuminate\\Routing\\Router->dispatch(Object(Illuminate\\Http\\Request))
#16 C:\\laragon\\www\\PROYECTO-LAZARO\\REPOSITORIO\\firmador\\FirmadorXml\\vendor\\laravel\\framework\\src\\Illuminate\\Pipeline\\Pipeline.php(128): Illuminate\\Foundation\\Http\\Kernel->Illuminate\\Foundation\\Http\\{closure}(Object(Illuminate\\Http\\Request))
#17 C:\\laragon\\www\\PROYECTO-LAZARO\\REPOSITORIO\\firmador\\FirmadorXml\\vendor\\laravel\\framework\\src\\Illuminate\\Foundation\\Http\\Middleware\\TransformsRequest.php(21): Illuminate\\Pipeline\\Pipeline->Illuminate\\Pipeline\\{closure}(Object(Illuminate\\Http\\Request))
#18 C:\\laragon\\www\\PROYECTO-LAZARO\\REPOSITORIO\\firmador\\FirmadorXml\\vendor\\laravel\\framework\\src\\Illuminate\\Foundation\\Http\\Middleware\\ConvertEmptyStringsToNull.php(31): Illuminate\\Foundation\\Http\\Middleware\\TransformsRequest->handle(Object(Illuminate\\Http\\Request), Object(Closure))
#19 C:\\laragon\\www\\PROYECTO-LAZARO\\REPOSITORIO\\firmador\\FirmadorXml\\vendor\\laravel\\framework\\src\\Illuminate\\Pipeline\\Pipeline.php(167): Illuminate\\Foundation\\Http\\Middleware\\ConvertEmptyStringsToNull->handle(Object(Illuminate\\Http\\Request), Object(Closure))
#20 C:\\laragon\\www\\PROYECTO-LAZARO\\REPOSITORIO\\firmador\\FirmadorXml\\vendor\\laravel\\framework\\src\\Illuminate\\Foundation\\Http\\Middleware\\TransformsRequest.php(21): Illuminate\\Pipeline\\Pipeline->Illuminate\\Pipeline\\{closure}(Object(Illuminate\\Http\\Request))
#21 C:\\laragon\\www\\PROYECTO-LAZARO\\REPOSITORIO\\firmador\\FirmadorXml\\vendor\\laravel\\framework\\src\\Illuminate\\Foundation\\Http\\Middleware\\TrimStrings.php(40): Illuminate\\Foundation\\Http\\Middleware\\TransformsRequest->handle(Object(Illuminate\\Http\\Request), Object(Closure))
#22 C:\\laragon\\www\\PROYECTO-LAZARO\\REPOSITORIO\\firmador\\FirmadorXml\\vendor\\laravel\\framework\\src\\Illuminate\\Pipeline\\Pipeline.php(167): Illuminate\\Foundation\\Http\\Middleware\\TrimStrings->handle(Object(Illuminate\\Http\\Request), Object(Closure))
#23 C:\\laragon\\www\\PROYECTO-LAZARO\\REPOSITORIO\\firmador\\FirmadorXml\\vendor\\laravel\\framework\\src\\Illuminate\\Foundation\\Http\\Middleware\\ValidatePostSize.php(27): Illuminate\\Pipeline\\Pipeline->Illuminate\\Pipeline\\{closure}(Object(Illuminate\\Http\\Request))
#24 C:\\laragon\\www\\PROYECTO-LAZARO\\REPOSITORIO\\firmador\\FirmadorXml\\vendor\\laravel\\framework\\src\\Illuminate\\Pipeline\\Pipeline.php(167): Illuminate\\Foundation\\Http\\Middleware\\ValidatePostSize->handle(Object(Illuminate\\Http\\Request), Object(Closure))
#25 C:\\laragon\\www\\PROYECTO-LAZARO\\REPOSITORIO\\firmador\\FirmadorXml\\vendor\\laravel\\framework\\src\\Illuminate\\Foundation\\Http\\Middleware\\PreventRequestsDuringMaintenance.php(86): Illuminate\\Pipeline\\Pipeline->Illuminate\\Pipeline\\{closure}(Object(Illuminate\\Http\\Request))
#26 C:\\laragon\\www\\PROYECTO-LAZARO\\REPOSITORIO\\firmador\\FirmadorXml\\vendor\\laravel\\framework\\src\\Illuminate\\Pipeline\\Pipeline.php(167): Illuminate\\Foundation\\Http\\Middleware\\PreventRequestsDuringMaintenance->handle(Object(Illuminate\\Http\\Request), Object(Closure))
#27 C:\\laragon\\www\\PROYECTO-LAZARO\\REPOSITORIO\\firmador\\FirmadorXml\\vendor\\fruitcake\\laravel-cors\\src\\HandleCors.php(52): Illuminate\\Pipeline\\Pipeline->Illuminate\\Pipeline\\{closure}(Object(Illuminate\\Http\\Request))
#28 C:\\laragon\\www\\PROYECTO-LAZARO\\REPOSITORIO\\firmador\\FirmadorXml\\vendor\\laravel\\framework\\src\\Illuminate\\Pipeline\\Pipeline.php(167): Fruitcake\\Cors\\HandleCors->handle(Object(Illuminate\\Http\\Request), Object(Closure))
#29 C:\\laragon\\www\\PROYECTO-LAZARO\\REPOSITORIO\\firmador\\FirmadorXml\\vendor\\laravel\\framework\\src\\Illuminate\\Http\\Middleware\\TrustProxies.php(39): Illuminate\\Pipeline\\Pipeline->Illuminate\\Pipeline\\{closure}(Object(Illuminate\\Http\\Request))
#30 C:\\laragon\\www\\PROYECTO-LAZARO\\REPOSITORIO\\firmador\\FirmadorXml\\vendor\\laravel\\framework\\src\\Illuminate\\Pipeline\\Pipeline.php(167): Illuminate\\Http\\Middleware\\TrustProxies->handle(Object(Illuminate\\Http\\Request), Object(Closure))
#31 C:\\laragon\\www\\PROYECTO-LAZARO\\REPOSITORIO\\firmador\\FirmadorXml\\vendor\\laravel\\framework\\src\\Illuminate\\Pipeline\\Pipeline.php(103): Illuminate\\Pipeline\\Pipeline->Illuminate\\Pipeline\\{closure}(Object(Illuminate\\Http\\Request))
#32 C:\\laragon\\www\\PROYECTO-LAZARO\\REPOSITORIO\\firmador\\FirmadorXml\\vendor\\laravel\\framework\\src\\Illuminate\\Foundation\\Http\\Kernel.php(142): Illuminate\\Pipeline\\Pipeline->then(Object(Closure))
#33 C:\\laragon\\www\\PROYECTO-LAZARO\\REPOSITORIO\\firmador\\FirmadorXml\\vendor\\laravel\\framework\\src\\Illuminate\\Foundation\\Http\\Kernel.php(111): Illuminate\\Foundation\\Http\\Kernel->sendRequestThroughRouter(Object(Illuminate\\Http\\Request))
#34 C:\\laragon\\www\\PROYECTO-LAZARO\\REPOSITORIO\\firmador\\FirmadorXml\\public\\index.php(52): Illuminate\\Foundation\\Http\\Kernel->handle(Object(Illuminate\\Http\\Request))
#35 C:\\laragon\\www\\PROYECTO-LAZARO\\REPOSITORIO\\firmador\\FirmadorXml\\server.php(21): require_once('C:\\\\laragon\\\\www\\\\...')
#36 {main}
"} 
[2024-05-10 00:42:47] local.ERROR: There are no commands defined in the "ide-helper" namespace. {"exception":"[object] (Symfony\\Component\\Console\\Exception\\NamespaceNotFoundException(code: 0): There are no commands defined in the \"ide-helper\" namespace. at C:\\laragon\\www\\Firmador\\vendor\\symfony\\console\\Application.php:650)
[stacktrace]
#0 C:\\laragon\\www\\Firmador\\vendor\\symfony\\console\\Application.php(701): Symfony\\Component\\Console\\Application->findNamespace('ide-helper')
#1 C:\\laragon\\www\\Firmador\\vendor\\symfony\\console\\Application.php(259): Symfony\\Component\\Console\\Application->find('ide-helper:gene...')
#2 C:\\laragon\\www\\Firmador\\vendor\\symfony\\console\\Application.php(171): Symfony\\Component\\Console\\Application->doRun(Object(Symfony\\Component\\Console\\Input\\ArgvInput), Object(Symfony\\Component\\Console\\Output\\ConsoleOutput))
#3 C:\\laragon\\www\\Firmador\\vendor\\laravel\\framework\\src\\Illuminate\\Console\\Application.php(94): Symfony\\Component\\Console\\Application->run(Object(Symfony\\Component\\Console\\Input\\ArgvInput), Object(Symfony\\Component\\Console\\Output\\ConsoleOutput))
#4 C:\\laragon\\www\\Firmador\\vendor\\laravel\\framework\\src\\Illuminate\\Foundation\\Console\\Kernel.php(129): Illuminate\\Console\\Application->run(Object(Symfony\\Component\\Console\\Input\\ArgvInput), Object(Symfony\\Component\\Console\\Output\\ConsoleOutput))
#5 C:\\laragon\\www\\Firmador\\artisan(37): Illuminate\\Foundation\\Console\\Kernel->handle(Object(Symfony\\Component\\Console\\Input\\ArgvInput), Object(Symfony\\Component\\Console\\Output\\ConsoleOutput))
#6 {main}
"} 
[2024-05-10 00:42:47] local.ERROR: There are no commands defined in the "ide-helper" namespace. {"exception":"[object] (Symfony\\Component\\Console\\Exception\\NamespaceNotFoundException(code: 0): There are no commands defined in the \"ide-helper\" namespace. at C:\\laragon\\www\\Firmador\\vendor\\symfony\\console\\Application.php:650)
[stacktrace]
#0 C:\\laragon\\www\\Firmador\\vendor\\symfony\\console\\Application.php(701): Symfony\\Component\\Console\\Application->findNamespace('ide-helper')
#1 C:\\laragon\\www\\Firmador\\vendor\\symfony\\console\\Application.php(259): Symfony\\Component\\Console\\Application->find('ide-helper:gene...')
#2 C:\\laragon\\www\\Firmador\\vendor\\symfony\\console\\Application.php(171): Symfony\\Component\\Console\\Application->doRun(Object(Symfony\\Component\\Console\\Input\\ArgvInput), Object(Symfony\\Component\\Console\\Output\\ConsoleOutput))
#3 C:\\laragon\\www\\Firmador\\vendor\\laravel\\framework\\src\\Illuminate\\Console\\Application.php(94): Symfony\\Component\\Console\\Application->run(Object(Symfony\\Component\\Console\\Input\\ArgvInput), Object(Symfony\\Component\\Console\\Output\\ConsoleOutput))
#4 C:\\laragon\\www\\Firmador\\vendor\\laravel\\framework\\src\\Illuminate\\Foundation\\Console\\Kernel.php(129): Illuminate\\Console\\Application->run(Object(Symfony\\Component\\Console\\Input\\ArgvInput), Object(Symfony\\Component\\Console\\Output\\ConsoleOutput))
#5 C:\\laragon\\www\\Firmador\\artisan(37): Illuminate\\Foundation\\Console\\Kernel->handle(Object(Symfony\\Component\\Console\\Input\\ArgvInput), Object(Symfony\\Component\\Console\\Output\\ConsoleOutput))
#6 {main}
"} 
[2024-05-10 00:43:16] local.ERROR: There are no commands defined in the "ide-helper" namespace. {"exception":"[object] (Symfony\\Component\\Console\\Exception\\NamespaceNotFoundException(code: 0): There are no commands defined in the \"ide-helper\" namespace. at C:\\laragon\\www\\Firmador\\vendor\\symfony\\console\\Application.php:650)
[stacktrace]
#0 C:\\laragon\\www\\Firmador\\vendor\\symfony\\console\\Application.php(701): Symfony\\Component\\Console\\Application->findNamespace('ide-helper')
#1 C:\\laragon\\www\\Firmador\\vendor\\symfony\\console\\Application.php(259): Symfony\\Component\\Console\\Application->find('ide-helper:gene...')
#2 C:\\laragon\\www\\Firmador\\vendor\\symfony\\console\\Application.php(171): Symfony\\Component\\Console\\Application->doRun(Object(Symfony\\Component\\Console\\Input\\ArgvInput), Object(Symfony\\Component\\Console\\Output\\ConsoleOutput))
#3 C:\\laragon\\www\\Firmador\\vendor\\laravel\\framework\\src\\Illuminate\\Console\\Application.php(94): Symfony\\Component\\Console\\Application->run(Object(Symfony\\Component\\Console\\Input\\ArgvInput), Object(Symfony\\Component\\Console\\Output\\ConsoleOutput))
#4 C:\\laragon\\www\\Firmador\\vendor\\laravel\\framework\\src\\Illuminate\\Foundation\\Console\\Kernel.php(129): Illuminate\\Console\\Application->run(Object(Symfony\\Component\\Console\\Input\\ArgvInput), Object(Symfony\\Component\\Console\\Output\\ConsoleOutput))
#5 C:\\laragon\\www\\Firmador\\artisan(37): Illuminate\\Foundation\\Console\\Kernel->handle(Object(Symfony\\Component\\Console\\Input\\ArgvInput), Object(Symfony\\Component\\Console\\Output\\ConsoleOutput))
#6 {main}
"} 
[2024-05-10 00:43:17] local.ERROR: There are no commands defined in the "ide-helper" namespace. {"exception":"[object] (Symfony\\Component\\Console\\Exception\\NamespaceNotFoundException(code: 0): There are no commands defined in the \"ide-helper\" namespace. at C:\\laragon\\www\\Firmador\\vendor\\symfony\\console\\Application.php:650)
[stacktrace]
#0 C:\\laragon\\www\\Firmador\\vendor\\symfony\\console\\Application.php(701): Symfony\\Component\\Console\\Application->findNamespace('ide-helper')
#1 C:\\laragon\\www\\Firmador\\vendor\\symfony\\console\\Application.php(259): Symfony\\Component\\Console\\Application->find('ide-helper:gene...')
#2 C:\\laragon\\www\\Firmador\\vendor\\symfony\\console\\Application.php(171): Symfony\\Component\\Console\\Application->doRun(Object(Symfony\\Component\\Console\\Input\\ArgvInput), Object(Symfony\\Component\\Console\\Output\\ConsoleOutput))
#3 C:\\laragon\\www\\Firmador\\vendor\\laravel\\framework\\src\\Illuminate\\Console\\Application.php(94): Symfony\\Component\\Console\\Application->run(Object(Symfony\\Component\\Console\\Input\\ArgvInput), Object(Symfony\\Component\\Console\\Output\\ConsoleOutput))
#4 C:\\laragon\\www\\Firmador\\vendor\\laravel\\framework\\src\\Illuminate\\Foundation\\Console\\Kernel.php(129): Illuminate\\Console\\Application->run(Object(Symfony\\Component\\Console\\Input\\ArgvInput), Object(Symfony\\Component\\Console\\Output\\ConsoleOutput))
#5 C:\\laragon\\www\\Firmador\\artisan(37): Illuminate\\Foundation\\Console\\Kernel->handle(Object(Symfony\\Component\\Console\\Input\\ArgvInput), Object(Symfony\\Component\\Console\\Output\\ConsoleOutput))
#6 {main}
"} 
[2024-05-10 00:46:29] local.ERROR: There are no commands defined in the "ide-helper" namespace. {"exception":"[object] (Symfony\\Component\\Console\\Exception\\NamespaceNotFoundException(code: 0): There are no commands defined in the \"ide-helper\" namespace. at C:\\laragon\\www\\Firmador\\vendor\\symfony\\console\\Application.php:650)
[stacktrace]
#0 C:\\laragon\\www\\Firmador\\vendor\\symfony\\console\\Application.php(701): Symfony\\Component\\Console\\Application->findNamespace('ide-helper')
#1 C:\\laragon\\www\\Firmador\\vendor\\symfony\\console\\Application.php(259): Symfony\\Component\\Console\\Application->find('ide-helper:gene...')
#2 C:\\laragon\\www\\Firmador\\vendor\\symfony\\console\\Application.php(171): Symfony\\Component\\Console\\Application->doRun(Object(Symfony\\Component\\Console\\Input\\ArgvInput), Object(Symfony\\Component\\Console\\Output\\ConsoleOutput))
#3 C:\\laragon\\www\\Firmador\\vendor\\laravel\\framework\\src\\Illuminate\\Console\\Application.php(94): Symfony\\Component\\Console\\Application->run(Object(Symfony\\Component\\Console\\Input\\ArgvInput), Object(Symfony\\Component\\Console\\Output\\ConsoleOutput))
#4 C:\\laragon\\www\\Firmador\\vendor\\laravel\\framework\\src\\Illuminate\\Foundation\\Console\\Kernel.php(129): Illuminate\\Console\\Application->run(Object(Symfony\\Component\\Console\\Input\\ArgvInput), Object(Symfony\\Component\\Console\\Output\\ConsoleOutput))
#5 C:\\laragon\\www\\Firmador\\artisan(37): Illuminate\\Foundation\\Console\\Kernel->handle(Object(Symfony\\Component\\Console\\Input\\ArgvInput), Object(Symfony\\Component\\Console\\Output\\ConsoleOutput))
#6 {main}
"} 
[2024-05-10 00:46:29] local.ERROR: There are no commands defined in the "ide-helper" namespace. {"exception":"[object] (Symfony\\Component\\Console\\Exception\\NamespaceNotFoundException(code: 0): There are no commands defined in the \"ide-helper\" namespace. at C:\\laragon\\www\\Firmador\\vendor\\symfony\\console\\Application.php:650)
[stacktrace]
#0 C:\\laragon\\www\\Firmador\\vendor\\symfony\\console\\Application.php(701): Symfony\\Component\\Console\\Application->findNamespace('ide-helper')
#1 C:\\laragon\\www\\Firmador\\vendor\\symfony\\console\\Application.php(259): Symfony\\Component\\Console\\Application->find('ide-helper:gene...')
#2 C:\\laragon\\www\\Firmador\\vendor\\symfony\\console\\Application.php(171): Symfony\\Component\\Console\\Application->doRun(Object(Symfony\\Component\\Console\\Input\\ArgvInput), Object(Symfony\\Component\\Console\\Output\\ConsoleOutput))
#3 C:\\laragon\\www\\Firmador\\vendor\\laravel\\framework\\src\\Illuminate\\Console\\Application.php(94): Symfony\\Component\\Console\\Application->run(Object(Symfony\\Component\\Console\\Input\\ArgvInput), Object(Symfony\\Component\\Console\\Output\\ConsoleOutput))
#4 C:\\laragon\\www\\Firmador\\vendor\\laravel\\framework\\src\\Illuminate\\Foundation\\Console\\Kernel.php(129): Illuminate\\Console\\Application->run(Object(Symfony\\Component\\Console\\Input\\ArgvInput), Object(Symfony\\Component\\Console\\Output\\ConsoleOutput))
#5 C:\\laragon\\www\\Firmador\\artisan(37): Illuminate\\Foundation\\Console\\Kernel->handle(Object(Symfony\\Component\\Console\\Input\\ArgvInput), Object(Symfony\\Component\\Console\\Output\\ConsoleOutput))
#6 {main}
"} 
[2024-05-10 00:46:36] local.ERROR: There are no commands defined in the "ide-helper" namespace. {"exception":"[object] (Symfony\\Component\\Console\\Exception\\NamespaceNotFoundException(code: 0): There are no commands defined in the \"ide-helper\" namespace. at C:\\laragon\\www\\Firmador\\vendor\\symfony\\console\\Application.php:650)
[stacktrace]
#0 C:\\laragon\\www\\Firmador\\vendor\\symfony\\console\\Application.php(701): Symfony\\Component\\Console\\Application->findNamespace('ide-helper')
#1 C:\\laragon\\www\\Firmador\\vendor\\symfony\\console\\Application.php(259): Symfony\\Component\\Console\\Application->find('ide-helper:gene...')
#2 C:\\laragon\\www\\Firmador\\vendor\\symfony\\console\\Application.php(171): Symfony\\Component\\Console\\Application->doRun(Object(Symfony\\Component\\Console\\Input\\ArgvInput), Object(Symfony\\Component\\Console\\Output\\ConsoleOutput))
#3 C:\\laragon\\www\\Firmador\\vendor\\laravel\\framework\\src\\Illuminate\\Console\\Application.php(94): Symfony\\Component\\Console\\Application->run(Object(Symfony\\Component\\Console\\Input\\ArgvInput), Object(Symfony\\Component\\Console\\Output\\ConsoleOutput))
#4 C:\\laragon\\www\\Firmador\\vendor\\laravel\\framework\\src\\Illuminate\\Foundation\\Console\\Kernel.php(129): Illuminate\\Console\\Application->run(Object(Symfony\\Component\\Console\\Input\\ArgvInput), Object(Symfony\\Component\\Console\\Output\\ConsoleOutput))
#5 C:\\laragon\\www\\Firmador\\artisan(37): Illuminate\\Foundation\\Console\\Kernel->handle(Object(Symfony\\Component\\Console\\Input\\ArgvInput), Object(Symfony\\Component\\Console\\Output\\ConsoleOutput))
#6 {main}
"} 
[2024-05-10 00:46:36] local.ERROR: There are no commands defined in the "ide-helper" namespace. {"exception":"[object] (Symfony\\Component\\Console\\Exception\\NamespaceNotFoundException(code: 0): There are no commands defined in the \"ide-helper\" namespace. at C:\\laragon\\www\\Firmador\\vendor\\symfony\\console\\Application.php:650)
[stacktrace]
#0 C:\\laragon\\www\\Firmador\\vendor\\symfony\\console\\Application.php(701): Symfony\\Component\\Console\\Application->findNamespace('ide-helper')
#1 C:\\laragon\\www\\Firmador\\vendor\\symfony\\console\\Application.php(259): Symfony\\Component\\Console\\Application->find('ide-helper:gene...')
#2 C:\\laragon\\www\\Firmador\\vendor\\symfony\\console\\Application.php(171): Symfony\\Component\\Console\\Application->doRun(Object(Symfony\\Component\\Console\\Input\\ArgvInput), Object(Symfony\\Component\\Console\\Output\\ConsoleOutput))
#3 C:\\laragon\\www\\Firmador\\vendor\\laravel\\framework\\src\\Illuminate\\Console\\Application.php(94): Symfony\\Component\\Console\\Application->run(Object(Symfony\\Component\\Console\\Input\\ArgvInput), Object(Symfony\\Component\\Console\\Output\\ConsoleOutput))
#4 C:\\laragon\\www\\Firmador\\vendor\\laravel\\framework\\src\\Illuminate\\Foundation\\Console\\Kernel.php(129): Illuminate\\Console\\Application->run(Object(Symfony\\Component\\Console\\Input\\ArgvInput), Object(Symfony\\Component\\Console\\Output\\ConsoleOutput))
#5 C:\\laragon\\www\\Firmador\\artisan(37): Illuminate\\Foundation\\Console\\Kernel->handle(Object(Symfony\\Component\\Console\\Input\\ArgvInput), Object(Symfony\\Component\\Console\\Output\\ConsoleOutput))
#6 {main}
"} 
[2024-05-10 00:46:39] local.ERROR: There are no commands defined in the "ide-helper" namespace. {"exception":"[object] (Symfony\\Component\\Console\\Exception\\NamespaceNotFoundException(code: 0): There are no commands defined in the \"ide-helper\" namespace. at C:\\laragon\\www\\Firmador\\vendor\\symfony\\console\\Application.php:650)
[stacktrace]
#0 C:\\laragon\\www\\Firmador\\vendor\\symfony\\console\\Application.php(701): Symfony\\Component\\Console\\Application->findNamespace('ide-helper')
#1 C:\\laragon\\www\\Firmador\\vendor\\symfony\\console\\Application.php(259): Symfony\\Component\\Console\\Application->find('ide-helper:gene...')
#2 C:\\laragon\\www\\Firmador\\vendor\\symfony\\console\\Application.php(171): Symfony\\Component\\Console\\Application->doRun(Object(Symfony\\Component\\Console\\Input\\ArgvInput), Object(Symfony\\Component\\Console\\Output\\ConsoleOutput))
#3 C:\\laragon\\www\\Firmador\\vendor\\laravel\\framework\\src\\Illuminate\\Console\\Application.php(94): Symfony\\Component\\Console\\Application->run(Object(Symfony\\Component\\Console\\Input\\ArgvInput), Object(Symfony\\Component\\Console\\Output\\ConsoleOutput))
#4 C:\\laragon\\www\\Firmador\\vendor\\laravel\\framework\\src\\Illuminate\\Foundation\\Console\\Kernel.php(129): Illuminate\\Console\\Application->run(Object(Symfony\\Component\\Console\\Input\\ArgvInput), Object(Symfony\\Component\\Console\\Output\\ConsoleOutput))
#5 C:\\laragon\\www\\Firmador\\artisan(37): Illuminate\\Foundation\\Console\\Kernel->handle(Object(Symfony\\Component\\Console\\Input\\ArgvInput), Object(Symfony\\Component\\Console\\Output\\ConsoleOutput))
#6 {main}
"} 
[2024-05-10 00:46:40] local.ERROR: There are no commands defined in the "ide-helper" namespace. {"exception":"[object] (Symfony\\Component\\Console\\Exception\\NamespaceNotFoundException(code: 0): There are no commands defined in the \"ide-helper\" namespace. at C:\\laragon\\www\\Firmador\\vendor\\symfony\\console\\Application.php:650)
[stacktrace]
#0 C:\\laragon\\www\\Firmador\\vendor\\symfony\\console\\Application.php(701): Symfony\\Component\\Console\\Application->findNamespace('ide-helper')
#1 C:\\laragon\\www\\Firmador\\vendor\\symfony\\console\\Application.php(259): Symfony\\Component\\Console\\Application->find('ide-helper:gene...')
#2 C:\\laragon\\www\\Firmador\\vendor\\symfony\\console\\Application.php(171): Symfony\\Component\\Console\\Application->doRun(Object(Symfony\\Component\\Console\\Input\\ArgvInput), Object(Symfony\\Component\\Console\\Output\\ConsoleOutput))
#3 C:\\laragon\\www\\Firmador\\vendor\\laravel\\framework\\src\\Illuminate\\Console\\Application.php(94): Symfony\\Component\\Console\\Application->run(Object(Symfony\\Component\\Console\\Input\\ArgvInput), Object(Symfony\\Component\\Console\\Output\\ConsoleOutput))
#4 C:\\laragon\\www\\Firmador\\vendor\\laravel\\framework\\src\\Illuminate\\Foundation\\Console\\Kernel.php(129): Illuminate\\Console\\Application->run(Object(Symfony\\Component\\Console\\Input\\ArgvInput), Object(Symfony\\Component\\Console\\Output\\ConsoleOutput))
#5 C:\\laragon\\www\\Firmador\\artisan(37): Illuminate\\Foundation\\Console\\Kernel->handle(Object(Symfony\\Component\\Console\\Input\\ArgvInput), Object(Symfony\\Component\\Console\\Output\\ConsoleOutput))
#6 {main}
"} 
[2024-05-10 00:48:19] local.ERROR: There are no commands defined in the "ide-helper" namespace. {"exception":"[object] (Symfony\\Component\\Console\\Exception\\NamespaceNotFoundException(code: 0): There are no commands defined in the \"ide-helper\" namespace. at C:\\laragon\\www\\Firmador\\vendor\\symfony\\console\\Application.php:650)
[stacktrace]
#0 C:\\laragon\\www\\Firmador\\vendor\\symfony\\console\\Application.php(701): Symfony\\Component\\Console\\Application->findNamespace('ide-helper')
#1 C:\\laragon\\www\\Firmador\\vendor\\symfony\\console\\Application.php(259): Symfony\\Component\\Console\\Application->find('ide-helper:gene...')
#2 C:\\laragon\\www\\Firmador\\vendor\\symfony\\console\\Application.php(171): Symfony\\Component\\Console\\Application->doRun(Object(Symfony\\Component\\Console\\Input\\ArgvInput), Object(Symfony\\Component\\Console\\Output\\ConsoleOutput))
#3 C:\\laragon\\www\\Firmador\\vendor\\laravel\\framework\\src\\Illuminate\\Console\\Application.php(94): Symfony\\Component\\Console\\Application->run(Object(Symfony\\Component\\Console\\Input\\ArgvInput), Object(Symfony\\Component\\Console\\Output\\ConsoleOutput))
#4 C:\\laragon\\www\\Firmador\\vendor\\laravel\\framework\\src\\Illuminate\\Foundation\\Console\\Kernel.php(129): Illuminate\\Console\\Application->run(Object(Symfony\\Component\\Console\\Input\\ArgvInput), Object(Symfony\\Component\\Console\\Output\\ConsoleOutput))
#5 C:\\laragon\\www\\Firmador\\artisan(37): Illuminate\\Foundation\\Console\\Kernel->handle(Object(Symfony\\Component\\Console\\Input\\ArgvInput), Object(Symfony\\Component\\Console\\Output\\ConsoleOutput))
#6 {main}
"} 
[2024-05-10 00:48:19] local.ERROR: There are no commands defined in the "ide-helper" namespace. {"exception":"[object] (Symfony\\Component\\Console\\Exception\\NamespaceNotFoundException(code: 0): There are no commands defined in the \"ide-helper\" namespace. at C:\\laragon\\www\\Firmador\\vendor\\symfony\\console\\Application.php:650)
[stacktrace]
#0 C:\\laragon\\www\\Firmador\\vendor\\symfony\\console\\Application.php(701): Symfony\\Component\\Console\\Application->findNamespace('ide-helper')
#1 C:\\laragon\\www\\Firmador\\vendor\\symfony\\console\\Application.php(259): Symfony\\Component\\Console\\Application->find('ide-helper:gene...')
#2 C:\\laragon\\www\\Firmador\\vendor\\symfony\\console\\Application.php(171): Symfony\\Component\\Console\\Application->doRun(Object(Symfony\\Component\\Console\\Input\\ArgvInput), Object(Symfony\\Component\\Console\\Output\\ConsoleOutput))
#3 C:\\laragon\\www\\Firmador\\vendor\\laravel\\framework\\src\\Illuminate\\Console\\Application.php(94): Symfony\\Component\\Console\\Application->run(Object(Symfony\\Component\\Console\\Input\\ArgvInput), Object(Symfony\\Component\\Console\\Output\\ConsoleOutput))
#4 C:\\laragon\\www\\Firmador\\vendor\\laravel\\framework\\src\\Illuminate\\Foundation\\Console\\Kernel.php(129): Illuminate\\Console\\Application->run(Object(Symfony\\Component\\Console\\Input\\ArgvInput), Object(Symfony\\Component\\Console\\Output\\ConsoleOutput))
#5 C:\\laragon\\www\\Firmador\\artisan(37): Illuminate\\Foundation\\Console\\Kernel->handle(Object(Symfony\\Component\\Console\\Input\\ArgvInput), Object(Symfony\\Component\\Console\\Output\\ConsoleOutput))
#6 {main}
"} 
[2024-05-10 00:49:04] local.ERROR: There are no commands defined in the "ide-helper" namespace. {"exception":"[object] (Symfony\\Component\\Console\\Exception\\NamespaceNotFoundException(code: 0): There are no commands defined in the \"ide-helper\" namespace. at C:\\laragon\\www\\Firmador\\vendor\\symfony\\console\\Application.php:650)
[stacktrace]
#0 C:\\laragon\\www\\Firmador\\vendor\\symfony\\console\\Application.php(701): Symfony\\Component\\Console\\Application->findNamespace('ide-helper')
#1 C:\\laragon\\www\\Firmador\\vendor\\symfony\\console\\Application.php(259): Symfony\\Component\\Console\\Application->find('ide-helper:gene...')
#2 C:\\laragon\\www\\Firmador\\vendor\\symfony\\console\\Application.php(171): Symfony\\Component\\Console\\Application->doRun(Object(Symfony\\Component\\Console\\Input\\ArgvInput), Object(Symfony\\Component\\Console\\Output\\ConsoleOutput))
#3 C:\\laragon\\www\\Firmador\\vendor\\laravel\\framework\\src\\Illuminate\\Console\\Application.php(94): Symfony\\Component\\Console\\Application->run(Object(Symfony\\Component\\Console\\Input\\ArgvInput), Object(Symfony\\Component\\Console\\Output\\ConsoleOutput))
#4 C:\\laragon\\www\\Firmador\\vendor\\laravel\\framework\\src\\Illuminate\\Foundation\\Console\\Kernel.php(129): Illuminate\\Console\\Application->run(Object(Symfony\\Component\\Console\\Input\\ArgvInput), Object(Symfony\\Component\\Console\\Output\\ConsoleOutput))
#5 C:\\laragon\\www\\Firmador\\artisan(37): Illuminate\\Foundation\\Console\\Kernel->handle(Object(Symfony\\Component\\Console\\Input\\ArgvInput), Object(Symfony\\Component\\Console\\Output\\ConsoleOutput))
#6 {main}
"} 
[2024-05-10 00:49:04] local.ERROR: There are no commands defined in the "ide-helper" namespace. {"exception":"[object] (Symfony\\Component\\Console\\Exception\\NamespaceNotFoundException(code: 0): There are no commands defined in the \"ide-helper\" namespace. at C:\\laragon\\www\\Firmador\\vendor\\symfony\\console\\Application.php:650)
[stacktrace]
#0 C:\\laragon\\www\\Firmador\\vendor\\symfony\\console\\Application.php(701): Symfony\\Component\\Console\\Application->findNamespace('ide-helper')
#1 C:\\laragon\\www\\Firmador\\vendor\\symfony\\console\\Application.php(259): Symfony\\Component\\Console\\Application->find('ide-helper:gene...')
#2 C:\\laragon\\www\\Firmador\\vendor\\symfony\\console\\Application.php(171): Symfony\\Component\\Console\\Application->doRun(Object(Symfony\\Component\\Console\\Input\\ArgvInput), Object(Symfony\\Component\\Console\\Output\\ConsoleOutput))
#3 C:\\laragon\\www\\Firmador\\vendor\\laravel\\framework\\src\\Illuminate\\Console\\Application.php(94): Symfony\\Component\\Console\\Application->run(Object(Symfony\\Component\\Console\\Input\\ArgvInput), Object(Symfony\\Component\\Console\\Output\\ConsoleOutput))
#4 C:\\laragon\\www\\Firmador\\vendor\\laravel\\framework\\src\\Illuminate\\Foundation\\Console\\Kernel.php(129): Illuminate\\Console\\Application->run(Object(Symfony\\Component\\Console\\Input\\ArgvInput), Object(Symfony\\Component\\Console\\Output\\ConsoleOutput))
#5 C:\\laragon\\www\\Firmador\\artisan(37): Illuminate\\Foundation\\Console\\Kernel->handle(Object(Symfony\\Component\\Console\\Input\\ArgvInput), Object(Symfony\\Component\\Console\\Output\\ConsoleOutput))
#6 {main}
"} 
[2024-05-10 00:49:31] local.ERROR: There are no commands defined in the "ide-helper" namespace. {"exception":"[object] (Symfony\\Component\\Console\\Exception\\NamespaceNotFoundException(code: 0): There are no commands defined in the \"ide-helper\" namespace. at C:\\laragon\\www\\Firmador\\vendor\\symfony\\console\\Application.php:650)
[stacktrace]
#0 C:\\laragon\\www\\Firmador\\vendor\\symfony\\console\\Application.php(701): Symfony\\Component\\Console\\Application->findNamespace('ide-helper')
#1 C:\\laragon\\www\\Firmador\\vendor\\symfony\\console\\Application.php(259): Symfony\\Component\\Console\\Application->find('ide-helper:gene...')
#2 C:\\laragon\\www\\Firmador\\vendor\\symfony\\console\\Application.php(171): Symfony\\Component\\Console\\Application->doRun(Object(Symfony\\Component\\Console\\Input\\ArgvInput), Object(Symfony\\Component\\Console\\Output\\ConsoleOutput))
#3 C:\\laragon\\www\\Firmador\\vendor\\laravel\\framework\\src\\Illuminate\\Console\\Application.php(94): Symfony\\Component\\Console\\Application->run(Object(Symfony\\Component\\Console\\Input\\ArgvInput), Object(Symfony\\Component\\Console\\Output\\ConsoleOutput))
#4 C:\\laragon\\www\\Firmador\\vendor\\laravel\\framework\\src\\Illuminate\\Foundation\\Console\\Kernel.php(129): Illuminate\\Console\\Application->run(Object(Symfony\\Component\\Console\\Input\\ArgvInput), Object(Symfony\\Component\\Console\\Output\\ConsoleOutput))
#5 C:\\laragon\\www\\Firmador\\artisan(37): Illuminate\\Foundation\\Console\\Kernel->handle(Object(Symfony\\Component\\Console\\Input\\ArgvInput), Object(Symfony\\Component\\Console\\Output\\ConsoleOutput))
#6 {main}
"} 
[2024-05-10 00:49:31] local.ERROR: There are no commands defined in the "ide-helper" namespace. {"exception":"[object] (Symfony\\Component\\Console\\Exception\\NamespaceNotFoundException(code: 0): There are no commands defined in the \"ide-helper\" namespace. at C:\\laragon\\www\\Firmador\\vendor\\symfony\\console\\Application.php:650)
[stacktrace]
#0 C:\\laragon\\www\\Firmador\\vendor\\symfony\\console\\Application.php(701): Symfony\\Component\\Console\\Application->findNamespace('ide-helper')
#1 C:\\laragon\\www\\Firmador\\vendor\\symfony\\console\\Application.php(259): Symfony\\Component\\Console\\Application->find('ide-helper:gene...')
#2 C:\\laragon\\www\\Firmador\\vendor\\symfony\\console\\Application.php(171): Symfony\\Component\\Console\\Application->doRun(Object(Symfony\\Component\\Console\\Input\\ArgvInput), Object(Symfony\\Component\\Console\\Output\\ConsoleOutput))
#3 C:\\laragon\\www\\Firmador\\vendor\\laravel\\framework\\src\\Illuminate\\Console\\Application.php(94): Symfony\\Component\\Console\\Application->run(Object(Symfony\\Component\\Console\\Input\\ArgvInput), Object(Symfony\\Component\\Console\\Output\\ConsoleOutput))
#4 C:\\laragon\\www\\Firmador\\vendor\\laravel\\framework\\src\\Illuminate\\Foundation\\Console\\Kernel.php(129): Illuminate\\Console\\Application->run(Object(Symfony\\Component\\Console\\Input\\ArgvInput), Object(Symfony\\Component\\Console\\Output\\ConsoleOutput))
#5 C:\\laragon\\www\\Firmador\\artisan(37): Illuminate\\Foundation\\Console\\Kernel->handle(Object(Symfony\\Component\\Console\\Input\\ArgvInput), Object(Symfony\\Component\\Console\\Output\\ConsoleOutput))
#6 {main}
"} 
[2024-05-10 00:50:21] local.ERROR: There are no commands defined in the "ide-helper" namespace. {"exception":"[object] (Symfony\\Component\\Console\\Exception\\NamespaceNotFoundException(code: 0): There are no commands defined in the \"ide-helper\" namespace. at C:\\laragon\\www\\Firmador\\vendor\\symfony\\console\\Application.php:650)
[stacktrace]
#0 C:\\laragon\\www\\Firmador\\vendor\\symfony\\console\\Application.php(701): Symfony\\Component\\Console\\Application->findNamespace('ide-helper')
#1 C:\\laragon\\www\\Firmador\\vendor\\symfony\\console\\Application.php(259): Symfony\\Component\\Console\\Application->find('ide-helper:gene...')
#2 C:\\laragon\\www\\Firmador\\vendor\\symfony\\console\\Application.php(171): Symfony\\Component\\Console\\Application->doRun(Object(Symfony\\Component\\Console\\Input\\ArgvInput), Object(Symfony\\Component\\Console\\Output\\ConsoleOutput))
#3 C:\\laragon\\www\\Firmador\\vendor\\laravel\\framework\\src\\Illuminate\\Console\\Application.php(94): Symfony\\Component\\Console\\Application->run(Object(Symfony\\Component\\Console\\Input\\ArgvInput), Object(Symfony\\Component\\Console\\Output\\ConsoleOutput))
#4 C:\\laragon\\www\\Firmador\\vendor\\laravel\\framework\\src\\Illuminate\\Foundation\\Console\\Kernel.php(129): Illuminate\\Console\\Application->run(Object(Symfony\\Component\\Console\\Input\\ArgvInput), Object(Symfony\\Component\\Console\\Output\\ConsoleOutput))
#5 C:\\laragon\\www\\Firmador\\artisan(37): Illuminate\\Foundation\\Console\\Kernel->handle(Object(Symfony\\Component\\Console\\Input\\ArgvInput), Object(Symfony\\Component\\Console\\Output\\ConsoleOutput))
#6 {main}
"} 
[2024-05-10 00:50:21] local.ERROR: There are no commands defined in the "ide-helper" namespace. {"exception":"[object] (Symfony\\Component\\Console\\Exception\\NamespaceNotFoundException(code: 0): There are no commands defined in the \"ide-helper\" namespace. at C:\\laragon\\www\\Firmador\\vendor\\symfony\\console\\Application.php:650)
[stacktrace]
#0 C:\\laragon\\www\\Firmador\\vendor\\symfony\\console\\Application.php(701): Symfony\\Component\\Console\\Application->findNamespace('ide-helper')
#1 C:\\laragon\\www\\Firmador\\vendor\\symfony\\console\\Application.php(259): Symfony\\Component\\Console\\Application->find('ide-helper:gene...')
#2 C:\\laragon\\www\\Firmador\\vendor\\symfony\\console\\Application.php(171): Symfony\\Component\\Console\\Application->doRun(Object(Symfony\\Component\\Console\\Input\\ArgvInput), Object(Symfony\\Component\\Console\\Output\\ConsoleOutput))
#3 C:\\laragon\\www\\Firmador\\vendor\\laravel\\framework\\src\\Illuminate\\Console\\Application.php(94): Symfony\\Component\\Console\\Application->run(Object(Symfony\\Component\\Console\\Input\\ArgvInput), Object(Symfony\\Component\\Console\\Output\\ConsoleOutput))
#4 C:\\laragon\\www\\Firmador\\vendor\\laravel\\framework\\src\\Illuminate\\Foundation\\Console\\Kernel.php(129): Illuminate\\Console\\Application->run(Object(Symfony\\Component\\Console\\Input\\ArgvInput), Object(Symfony\\Component\\Console\\Output\\ConsoleOutput))
#5 C:\\laragon\\www\\Firmador\\artisan(37): Illuminate\\Foundation\\Console\\Kernel->handle(Object(Symfony\\Component\\Console\\Input\\ArgvInput), Object(Symfony\\Component\\Console\\Output\\ConsoleOutput))
#6 {main}
"} 
[2024-05-10 00:50:22] local.ERROR: There are no commands defined in the "ide-helper" namespace. {"exception":"[object] (Symfony\\Component\\Console\\Exception\\NamespaceNotFoundException(code: 0): There are no commands defined in the \"ide-helper\" namespace. at C:\\laragon\\www\\Firmador\\vendor\\symfony\\console\\Application.php:650)
[stacktrace]
#0 C:\\laragon\\www\\Firmador\\vendor\\symfony\\console\\Application.php(701): Symfony\\Component\\Console\\Application->findNamespace('ide-helper')
#1 C:\\laragon\\www\\Firmador\\vendor\\symfony\\console\\Application.php(259): Symfony\\Component\\Console\\Application->find('ide-helper:gene...')
#2 C:\\laragon\\www\\Firmador\\vendor\\symfony\\console\\Application.php(171): Symfony\\Component\\Console\\Application->doRun(Object(Symfony\\Component\\Console\\Input\\ArgvInput), Object(Symfony\\Component\\Console\\Output\\ConsoleOutput))
#3 C:\\laragon\\www\\Firmador\\vendor\\laravel\\framework\\src\\Illuminate\\Console\\Application.php(94): Symfony\\Component\\Console\\Application->run(Object(Symfony\\Component\\Console\\Input\\ArgvInput), Object(Symfony\\Component\\Console\\Output\\ConsoleOutput))
#4 C:\\laragon\\www\\Firmador\\vendor\\laravel\\framework\\src\\Illuminate\\Foundation\\Console\\Kernel.php(129): Illuminate\\Console\\Application->run(Object(Symfony\\Component\\Console\\Input\\ArgvInput), Object(Symfony\\Component\\Console\\Output\\ConsoleOutput))
#5 C:\\laragon\\www\\Firmador\\artisan(37): Illuminate\\Foundation\\Console\\Kernel->handle(Object(Symfony\\Component\\Console\\Input\\ArgvInput), Object(Symfony\\Component\\Console\\Output\\ConsoleOutput))
#6 {main}
"} 
[2024-05-10 00:50:33] local.ERROR: There are no commands defined in the "ide-helper" namespace. {"exception":"[object] (Symfony\\Component\\Console\\Exception\\NamespaceNotFoundException(code: 0): There are no commands defined in the \"ide-helper\" namespace. at C:\\laragon\\www\\Firmador\\vendor\\symfony\\console\\Application.php:650)
[stacktrace]
#0 C:\\laragon\\www\\Firmador\\vendor\\symfony\\console\\Application.php(701): Symfony\\Component\\Console\\Application->findNamespace('ide-helper')
#1 C:\\laragon\\www\\Firmador\\vendor\\symfony\\console\\Application.php(259): Symfony\\Component\\Console\\Application->find('ide-helper:gene...')
#2 C:\\laragon\\www\\Firmador\\vendor\\symfony\\console\\Application.php(171): Symfony\\Component\\Console\\Application->doRun(Object(Symfony\\Component\\Console\\Input\\ArgvInput), Object(Symfony\\Component\\Console\\Output\\ConsoleOutput))
#3 C:\\laragon\\www\\Firmador\\vendor\\laravel\\framework\\src\\Illuminate\\Console\\Application.php(94): Symfony\\Component\\Console\\Application->run(Object(Symfony\\Component\\Console\\Input\\ArgvInput), Object(Symfony\\Component\\Console\\Output\\ConsoleOutput))
#4 C:\\laragon\\www\\Firmador\\vendor\\laravel\\framework\\src\\Illuminate\\Foundation\\Console\\Kernel.php(129): Illuminate\\Console\\Application->run(Object(Symfony\\Component\\Console\\Input\\ArgvInput), Object(Symfony\\Component\\Console\\Output\\ConsoleOutput))
#5 C:\\laragon\\www\\Firmador\\artisan(37): Illuminate\\Foundation\\Console\\Kernel->handle(Object(Symfony\\Component\\Console\\Input\\ArgvInput), Object(Symfony\\Component\\Console\\Output\\ConsoleOutput))
#6 {main}
"} 
[2024-05-10 00:50:34] local.ERROR: There are no commands defined in the "ide-helper" namespace. {"exception":"[object] (Symfony\\Component\\Console\\Exception\\NamespaceNotFoundException(code: 0): There are no commands defined in the \"ide-helper\" namespace. at C:\\laragon\\www\\Firmador\\vendor\\symfony\\console\\Application.php:650)
[stacktrace]
#0 C:\\laragon\\www\\Firmador\\vendor\\symfony\\console\\Application.php(701): Symfony\\Component\\Console\\Application->findNamespace('ide-helper')
#1 C:\\laragon\\www\\Firmador\\vendor\\symfony\\console\\Application.php(259): Symfony\\Component\\Console\\Application->find('ide-helper:gene...')
#2 C:\\laragon\\www\\Firmador\\vendor\\symfony\\console\\Application.php(171): Symfony\\Component\\Console\\Application->doRun(Object(Symfony\\Component\\Console\\Input\\ArgvInput), Object(Symfony\\Component\\Console\\Output\\ConsoleOutput))
#3 C:\\laragon\\www\\Firmador\\vendor\\laravel\\framework\\src\\Illuminate\\Console\\Application.php(94): Symfony\\Component\\Console\\Application->run(Object(Symfony\\Component\\Console\\Input\\ArgvInput), Object(Symfony\\Component\\Console\\Output\\ConsoleOutput))
#4 C:\\laragon\\www\\Firmador\\vendor\\laravel\\framework\\src\\Illuminate\\Foundation\\Console\\Kernel.php(129): Illuminate\\Console\\Application->run(Object(Symfony\\Component\\Console\\Input\\ArgvInput), Object(Symfony\\Component\\Console\\Output\\ConsoleOutput))
#5 C:\\laragon\\www\\Firmador\\artisan(37): Illuminate\\Foundation\\Console\\Kernel->handle(Object(Symfony\\Component\\Console\\Input\\ArgvInput), Object(Symfony\\Component\\Console\\Output\\ConsoleOutput))
#6 {main}
"} 
[2024-05-10 00:50:47] local.ERROR: There are no commands defined in the "ide-helper" namespace. {"exception":"[object] (Symfony\\Component\\Console\\Exception\\NamespaceNotFoundException(code: 0): There are no commands defined in the \"ide-helper\" namespace. at C:\\laragon\\www\\Firmador\\vendor\\symfony\\console\\Application.php:650)
[stacktrace]
#0 C:\\laragon\\www\\Firmador\\vendor\\symfony\\console\\Application.php(701): Symfony\\Component\\Console\\Application->findNamespace('ide-helper')
#1 C:\\laragon\\www\\Firmador\\vendor\\symfony\\console\\Application.php(259): Symfony\\Component\\Console\\Application->find('ide-helper:gene...')
#2 C:\\laragon\\www\\Firmador\\vendor\\symfony\\console\\Application.php(171): Symfony\\Component\\Console\\Application->doRun(Object(Symfony\\Component\\Console\\Input\\ArgvInput), Object(Symfony\\Component\\Console\\Output\\ConsoleOutput))
#3 C:\\laragon\\www\\Firmador\\vendor\\laravel\\framework\\src\\Illuminate\\Console\\Application.php(94): Symfony\\Component\\Console\\Application->run(Object(Symfony\\Component\\Console\\Input\\ArgvInput), Object(Symfony\\Component\\Console\\Output\\ConsoleOutput))
#4 C:\\laragon\\www\\Firmador\\vendor\\laravel\\framework\\src\\Illuminate\\Foundation\\Console\\Kernel.php(129): Illuminate\\Console\\Application->run(Object(Symfony\\Component\\Console\\Input\\ArgvInput), Object(Symfony\\Component\\Console\\Output\\ConsoleOutput))
#5 C:\\laragon\\www\\Firmador\\artisan(37): Illuminate\\Foundation\\Console\\Kernel->handle(Object(Symfony\\Component\\Console\\Input\\ArgvInput), Object(Symfony\\Component\\Console\\Output\\ConsoleOutput))
#6 {main}
"} 
[2024-05-10 00:50:48] local.ERROR: There are no commands defined in the "ide-helper" namespace. {"exception":"[object] (Symfony\\Component\\Console\\Exception\\NamespaceNotFoundException(code: 0): There are no commands defined in the \"ide-helper\" namespace. at C:\\laragon\\www\\Firmador\\vendor\\symfony\\console\\Application.php:650)
[stacktrace]
#0 C:\\laragon\\www\\Firmador\\vendor\\symfony\\console\\Application.php(701): Symfony\\Component\\Console\\Application->findNamespace('ide-helper')
#1 C:\\laragon\\www\\Firmador\\vendor\\symfony\\console\\Application.php(259): Symfony\\Component\\Console\\Application->find('ide-helper:gene...')
#2 C:\\laragon\\www\\Firmador\\vendor\\symfony\\console\\Application.php(171): Symfony\\Component\\Console\\Application->doRun(Object(Symfony\\Component\\Console\\Input\\ArgvInput), Object(Symfony\\Component\\Console\\Output\\ConsoleOutput))
#3 C:\\laragon\\www\\Firmador\\vendor\\laravel\\framework\\src\\Illuminate\\Console\\Application.php(94): Symfony\\Component\\Console\\Application->run(Object(Symfony\\Component\\Console\\Input\\ArgvInput), Object(Symfony\\Component\\Console\\Output\\ConsoleOutput))
#4 C:\\laragon\\www\\Firmador\\vendor\\laravel\\framework\\src\\Illuminate\\Foundation\\Console\\Kernel.php(129): Illuminate\\Console\\Application->run(Object(Symfony\\Component\\Console\\Input\\ArgvInput), Object(Symfony\\Component\\Console\\Output\\ConsoleOutput))
#5 C:\\laragon\\www\\Firmador\\artisan(37): Illuminate\\Foundation\\Console\\Kernel->handle(Object(Symfony\\Component\\Console\\Input\\ArgvInput), Object(Symfony\\Component\\Console\\Output\\ConsoleOutput))
#6 {main}
"} 
[2024-05-10 00:50:59] local.ERROR: There are no commands defined in the "ide-helper" namespace. {"exception":"[object] (Symfony\\Component\\Console\\Exception\\NamespaceNotFoundException(code: 0): There are no commands defined in the \"ide-helper\" namespace. at C:\\laragon\\www\\Firmador\\vendor\\symfony\\console\\Application.php:650)
[stacktrace]
#0 C:\\laragon\\www\\Firmador\\vendor\\symfony\\console\\Application.php(701): Symfony\\Component\\Console\\Application->findNamespace('ide-helper')
#1 C:\\laragon\\www\\Firmador\\vendor\\symfony\\console\\Application.php(259): Symfony\\Component\\Console\\Application->find('ide-helper:gene...')
#2 C:\\laragon\\www\\Firmador\\vendor\\symfony\\console\\Application.php(171): Symfony\\Component\\Console\\Application->doRun(Object(Symfony\\Component\\Console\\Input\\ArgvInput), Object(Symfony\\Component\\Console\\Output\\ConsoleOutput))
#3 C:\\laragon\\www\\Firmador\\vendor\\laravel\\framework\\src\\Illuminate\\Console\\Application.php(94): Symfony\\Component\\Console\\Application->run(Object(Symfony\\Component\\Console\\Input\\ArgvInput), Object(Symfony\\Component\\Console\\Output\\ConsoleOutput))
#4 C:\\laragon\\www\\Firmador\\vendor\\laravel\\framework\\src\\Illuminate\\Foundation\\Console\\Kernel.php(129): Illuminate\\Console\\Application->run(Object(Symfony\\Component\\Console\\Input\\ArgvInput), Object(Symfony\\Component\\Console\\Output\\ConsoleOutput))
#5 C:\\laragon\\www\\Firmador\\artisan(37): Illuminate\\Foundation\\Console\\Kernel->handle(Object(Symfony\\Component\\Console\\Input\\ArgvInput), Object(Symfony\\Component\\Console\\Output\\ConsoleOutput))
#6 {main}
"} 
[2024-05-10 00:50:59] local.ERROR: There are no commands defined in the "ide-helper" namespace. {"exception":"[object] (Symfony\\Component\\Console\\Exception\\NamespaceNotFoundException(code: 0): There are no commands defined in the \"ide-helper\" namespace. at C:\\laragon\\www\\Firmador\\vendor\\symfony\\console\\Application.php:650)
[stacktrace]
#0 C:\\laragon\\www\\Firmador\\vendor\\symfony\\console\\Application.php(701): Symfony\\Component\\Console\\Application->findNamespace('ide-helper')
#1 C:\\laragon\\www\\Firmador\\vendor\\symfony\\console\\Application.php(259): Symfony\\Component\\Console\\Application->find('ide-helper:gene...')
#2 C:\\laragon\\www\\Firmador\\vendor\\symfony\\console\\Application.php(171): Symfony\\Component\\Console\\Application->doRun(Object(Symfony\\Component\\Console\\Input\\ArgvInput), Object(Symfony\\Component\\Console\\Output\\ConsoleOutput))
#3 C:\\laragon\\www\\Firmador\\vendor\\laravel\\framework\\src\\Illuminate\\Console\\Application.php(94): Symfony\\Component\\Console\\Application->run(Object(Symfony\\Component\\Console\\Input\\ArgvInput), Object(Symfony\\Component\\Console\\Output\\ConsoleOutput))
#4 C:\\laragon\\www\\Firmador\\vendor\\laravel\\framework\\src\\Illuminate\\Foundation\\Console\\Kernel.php(129): Illuminate\\Console\\Application->run(Object(Symfony\\Component\\Console\\Input\\ArgvInput), Object(Symfony\\Component\\Console\\Output\\ConsoleOutput))
#5 C:\\laragon\\www\\Firmador\\artisan(37): Illuminate\\Foundation\\Console\\Kernel->handle(Object(Symfony\\Component\\Console\\Input\\ArgvInput), Object(Symfony\\Component\\Console\\Output\\ConsoleOutput))
#6 {main}
"} 
[2024-05-10 00:51:09] local.ERROR: There are no commands defined in the "ide-helper" namespace. {"exception":"[object] (Symfony\\Component\\Console\\Exception\\NamespaceNotFoundException(code: 0): There are no commands defined in the \"ide-helper\" namespace. at C:\\laragon\\www\\Firmador\\vendor\\symfony\\console\\Application.php:650)
[stacktrace]
#0 C:\\laragon\\www\\Firmador\\vendor\\symfony\\console\\Application.php(701): Symfony\\Component\\Console\\Application->findNamespace('ide-helper')
#1 C:\\laragon\\www\\Firmador\\vendor\\symfony\\console\\Application.php(259): Symfony\\Component\\Console\\Application->find('ide-helper:gene...')
#2 C:\\laragon\\www\\Firmador\\vendor\\symfony\\console\\Application.php(171): Symfony\\Component\\Console\\Application->doRun(Object(Symfony\\Component\\Console\\Input\\ArgvInput), Object(Symfony\\Component\\Console\\Output\\ConsoleOutput))
#3 C:\\laragon\\www\\Firmador\\vendor\\laravel\\framework\\src\\Illuminate\\Console\\Application.php(94): Symfony\\Component\\Console\\Application->run(Object(Symfony\\Component\\Console\\Input\\ArgvInput), Object(Symfony\\Component\\Console\\Output\\ConsoleOutput))
#4 C:\\laragon\\www\\Firmador\\vendor\\laravel\\framework\\src\\Illuminate\\Foundation\\Console\\Kernel.php(129): Illuminate\\Console\\Application->run(Object(Symfony\\Component\\Console\\Input\\ArgvInput), Object(Symfony\\Component\\Console\\Output\\ConsoleOutput))
#5 C:\\laragon\\www\\Firmador\\artisan(37): Illuminate\\Foundation\\Console\\Kernel->handle(Object(Symfony\\Component\\Console\\Input\\ArgvInput), Object(Symfony\\Component\\Console\\Output\\ConsoleOutput))
#6 {main}
"} 
[2024-05-10 00:51:52] local.ERROR: There are no commands defined in the "ide-helper" namespace. {"exception":"[object] (Symfony\\Component\\Console\\Exception\\NamespaceNotFoundException(code: 0): There are no commands defined in the \"ide-helper\" namespace. at C:\\laragon\\www\\Firmador\\vendor\\symfony\\console\\Application.php:650)
[stacktrace]
#0 C:\\laragon\\www\\Firmador\\vendor\\symfony\\console\\Application.php(701): Symfony\\Component\\Console\\Application->findNamespace('ide-helper')
#1 C:\\laragon\\www\\Firmador\\vendor\\symfony\\console\\Application.php(259): Symfony\\Component\\Console\\Application->find('ide-helper:gene...')
#2 C:\\laragon\\www\\Firmador\\vendor\\symfony\\console\\Application.php(171): Symfony\\Component\\Console\\Application->doRun(Object(Symfony\\Component\\Console\\Input\\ArgvInput), Object(Symfony\\Component\\Console\\Output\\ConsoleOutput))
#3 C:\\laragon\\www\\Firmador\\vendor\\laravel\\framework\\src\\Illuminate\\Console\\Application.php(94): Symfony\\Component\\Console\\Application->run(Object(Symfony\\Component\\Console\\Input\\ArgvInput), Object(Symfony\\Component\\Console\\Output\\ConsoleOutput))
#4 C:\\laragon\\www\\Firmador\\vendor\\laravel\\framework\\src\\Illuminate\\Foundation\\Console\\Kernel.php(129): Illuminate\\Console\\Application->run(Object(Symfony\\Component\\Console\\Input\\ArgvInput), Object(Symfony\\Component\\Console\\Output\\ConsoleOutput))
#5 C:\\laragon\\www\\Firmador\\artisan(37): Illuminate\\Foundation\\Console\\Kernel->handle(Object(Symfony\\Component\\Console\\Input\\ArgvInput), Object(Symfony\\Component\\Console\\Output\\ConsoleOutput))
#6 {main}
"} 
[2024-05-10 00:51:53] local.ERROR: There are no commands defined in the "ide-helper" namespace. {"exception":"[object] (Symfony\\Component\\Console\\Exception\\NamespaceNotFoundException(code: 0): There are no commands defined in the \"ide-helper\" namespace. at C:\\laragon\\www\\Firmador\\vendor\\symfony\\console\\Application.php:650)
[stacktrace]
#0 C:\\laragon\\www\\Firmador\\vendor\\symfony\\console\\Application.php(701): Symfony\\Component\\Console\\Application->findNamespace('ide-helper')
#1 C:\\laragon\\www\\Firmador\\vendor\\symfony\\console\\Application.php(259): Symfony\\Component\\Console\\Application->find('ide-helper:gene...')
#2 C:\\laragon\\www\\Firmador\\vendor\\symfony\\console\\Application.php(171): Symfony\\Component\\Console\\Application->doRun(Object(Symfony\\Component\\Console\\Input\\ArgvInput), Object(Symfony\\Component\\Console\\Output\\ConsoleOutput))
#3 C:\\laragon\\www\\Firmador\\vendor\\laravel\\framework\\src\\Illuminate\\Console\\Application.php(94): Symfony\\Component\\Console\\Application->run(Object(Symfony\\Component\\Console\\Input\\ArgvInput), Object(Symfony\\Component\\Console\\Output\\ConsoleOutput))
#4 C:\\laragon\\www\\Firmador\\vendor\\laravel\\framework\\src\\Illuminate\\Foundation\\Console\\Kernel.php(129): Illuminate\\Console\\Application->run(Object(Symfony\\Component\\Console\\Input\\ArgvInput), Object(Symfony\\Component\\Console\\Output\\ConsoleOutput))
#5 C:\\laragon\\www\\Firmador\\artisan(37): Illuminate\\Foundation\\Console\\Kernel->handle(Object(Symfony\\Component\\Console\\Input\\ArgvInput), Object(Symfony\\Component\\Console\\Output\\ConsoleOutput))
#6 {main}
"} 
[2024-05-10 00:51:59] local.ERROR: There are no commands defined in the "ide-helper" namespace. {"exception":"[object] (Symfony\\Component\\Console\\Exception\\NamespaceNotFoundException(code: 0): There are no commands defined in the \"ide-helper\" namespace. at C:\\laragon\\www\\Firmador\\vendor\\symfony\\console\\Application.php:650)
[stacktrace]
#0 C:\\laragon\\www\\Firmador\\vendor\\symfony\\console\\Application.php(701): Symfony\\Component\\Console\\Application->findNamespace('ide-helper')
#1 C:\\laragon\\www\\Firmador\\vendor\\symfony\\console\\Application.php(259): Symfony\\Component\\Console\\Application->find('ide-helper:gene...')
#2 C:\\laragon\\www\\Firmador\\vendor\\symfony\\console\\Application.php(171): Symfony\\Component\\Console\\Application->doRun(Object(Symfony\\Component\\Console\\Input\\ArgvInput), Object(Symfony\\Component\\Console\\Output\\ConsoleOutput))
#3 C:\\laragon\\www\\Firmador\\vendor\\laravel\\framework\\src\\Illuminate\\Console\\Application.php(94): Symfony\\Component\\Console\\Application->run(Object(Symfony\\Component\\Console\\Input\\ArgvInput), Object(Symfony\\Component\\Console\\Output\\ConsoleOutput))
#4 C:\\laragon\\www\\Firmador\\vendor\\laravel\\framework\\src\\Illuminate\\Foundation\\Console\\Kernel.php(129): Illuminate\\Console\\Application->run(Object(Symfony\\Component\\Console\\Input\\ArgvInput), Object(Symfony\\Component\\Console\\Output\\ConsoleOutput))
#5 C:\\laragon\\www\\Firmador\\artisan(37): Illuminate\\Foundation\\Console\\Kernel->handle(Object(Symfony\\Component\\Console\\Input\\ArgvInput), Object(Symfony\\Component\\Console\\Output\\ConsoleOutput))
#6 {main}
"} 
[2024-05-10 00:52:00] local.ERROR: There are no commands defined in the "ide-helper" namespace. {"exception":"[object] (Symfony\\Component\\Console\\Exception\\NamespaceNotFoundException(code: 0): There are no commands defined in the \"ide-helper\" namespace. at C:\\laragon\\www\\Firmador\\vendor\\symfony\\console\\Application.php:650)
[stacktrace]
#0 C:\\laragon\\www\\Firmador\\vendor\\symfony\\console\\Application.php(701): Symfony\\Component\\Console\\Application->findNamespace('ide-helper')
#1 C:\\laragon\\www\\Firmador\\vendor\\symfony\\console\\Application.php(259): Symfony\\Component\\Console\\Application->find('ide-helper:gene...')
#2 C:\\laragon\\www\\Firmador\\vendor\\symfony\\console\\Application.php(171): Symfony\\Component\\Console\\Application->doRun(Object(Symfony\\Component\\Console\\Input\\ArgvInput), Object(Symfony\\Component\\Console\\Output\\ConsoleOutput))
#3 C:\\laragon\\www\\Firmador\\vendor\\laravel\\framework\\src\\Illuminate\\Console\\Application.php(94): Symfony\\Component\\Console\\Application->run(Object(Symfony\\Component\\Console\\Input\\ArgvInput), Object(Symfony\\Component\\Console\\Output\\ConsoleOutput))
#4 C:\\laragon\\www\\Firmador\\vendor\\laravel\\framework\\src\\Illuminate\\Foundation\\Console\\Kernel.php(129): Illuminate\\Console\\Application->run(Object(Symfony\\Component\\Console\\Input\\ArgvInput), Object(Symfony\\Component\\Console\\Output\\ConsoleOutput))
#5 C:\\laragon\\www\\Firmador\\artisan(37): Illuminate\\Foundation\\Console\\Kernel->handle(Object(Symfony\\Component\\Console\\Input\\ArgvInput), Object(Symfony\\Component\\Console\\Output\\ConsoleOutput))
#6 {main}
"} 
[2024-05-09 19:52:04] local.ERROR: Symfony\Component\HttpFoundation\Response::setContent(): Argument #1 ($content) must be of type ?string, App\Librerias\SignDOcumentToSRI given, called in C:\laragon\www\Firmador\vendor\laravel\framework\src\Illuminate\Http\Response.php on line 72 {"exception":"[object] (TypeError(code: 0): Symfony\\Component\\HttpFoundation\\Response::setContent(): Argument #1 ($content) must be of type ?string, App\\Librerias\\SignDOcumentToSRI given, called in C:\\laragon\\www\\Firmador\\vendor\\laravel\\framework\\src\\Illuminate\\Http\\Response.php on line 72 at C:\\laragon\\www\\Firmador\\vendor\\symfony\\http-foundation\\Response.php:413)
[stacktrace]
#0 C:\\laragon\\www\\Firmador\\vendor\\laravel\\framework\\src\\Illuminate\\Http\\Response.php(72): Symfony\\Component\\HttpFoundation\\Response->setContent(Object(App\\Librerias\\SignDOcumentToSRI))
#1 C:\\laragon\\www\\Firmador\\vendor\\laravel\\framework\\src\\Illuminate\\Http\\Response.php(35): Illuminate\\Http\\Response->setContent(Object(App\\Librerias\\SignDOcumentToSRI))
#2 C:\\laragon\\www\\Firmador\\vendor\\laravel\\framework\\src\\Illuminate\\Routing\\Router.php(820): Illuminate\\Http\\Response->__construct(Object(App\\Librerias\\SignDOcumentToSRI), 200, Array)
#3 C:\\laragon\\www\\Firmador\\vendor\\laravel\\framework\\src\\Illuminate\\Routing\\Router.php(789): Illuminate\\Routing\\Router::toResponse(Object(Illuminate\\Http\\Request), Object(App\\Librerias\\SignDOcumentToSRI))
#4 C:\\laragon\\www\\Firmador\\vendor\\laravel\\framework\\src\\Illuminate\\Routing\\Router.php(721): Illuminate\\Routing\\Router->prepareResponse(Object(Illuminate\\Http\\Request), Object(App\\Librerias\\SignDOcumentToSRI))
#5 C:\\laragon\\www\\Firmador\\vendor\\laravel\\framework\\src\\Illuminate\\Pipeline\\Pipeline.php(128): Illuminate\\Routing\\Router->Illuminate\\Routing\\{closure}(Object(Illuminate\\Http\\Request))
#6 C:\\laragon\\www\\Firmador\\app\\Http\\Middleware\\AuthenticateApp.php(21): Illuminate\\Pipeline\\Pipeline->Illuminate\\Pipeline\\{closure}(Object(Illuminate\\Http\\Request))
#7 C:\\laragon\\www\\Firmador\\vendor\\laravel\\framework\\src\\Illuminate\\Pipeline\\Pipeline.php(167): App\\Http\\Middleware\\AuthenticateApp->handle(Object(Illuminate\\Http\\Request), Object(Closure))
#8 C:\\laragon\\www\\Firmador\\vendor\\laravel\\framework\\src\\Illuminate\\Routing\\Middleware\\SubstituteBindings.php(50): Illuminate\\Pipeline\\Pipeline->Illuminate\\Pipeline\\{closure}(Object(Illuminate\\Http\\Request))
#9 C:\\laragon\\www\\Firmador\\vendor\\laravel\\framework\\src\\Illuminate\\Pipeline\\Pipeline.php(167): Illuminate\\Routing\\Middleware\\SubstituteBindings->handle(Object(Illuminate\\Http\\Request), Object(Closure))
#10 C:\\laragon\\www\\Firmador\\vendor\\laravel\\framework\\src\\Illuminate\\Routing\\Middleware\\ThrottleRequests.php(127): Illuminate\\Pipeline\\Pipeline->Illuminate\\Pipeline\\{closure}(Object(Illuminate\\Http\\Request))
#11 C:\\laragon\\www\\Firmador\\vendor\\laravel\\framework\\src\\Illuminate\\Routing\\Middleware\\ThrottleRequests.php(103): Illuminate\\Routing\\Middleware\\ThrottleRequests->handleRequest(Object(Illuminate\\Http\\Request), Object(Closure), Array)
#12 C:\\laragon\\www\\Firmador\\vendor\\laravel\\framework\\src\\Illuminate\\Routing\\Middleware\\ThrottleRequests.php(55): Illuminate\\Routing\\Middleware\\ThrottleRequests->handleRequestUsingNamedLimiter(Object(Illuminate\\Http\\Request), Object(Closure), 'api', Object(Closure))
#13 C:\\laragon\\www\\Firmador\\vendor\\laravel\\framework\\src\\Illuminate\\Pipeline\\Pipeline.php(167): Illuminate\\Routing\\Middleware\\ThrottleRequests->handle(Object(Illuminate\\Http\\Request), Object(Closure), 'api')
#14 C:\\laragon\\www\\Firmador\\vendor\\laravel\\framework\\src\\Illuminate\\Pipeline\\Pipeline.php(103): Illuminate\\Pipeline\\Pipeline->Illuminate\\Pipeline\\{closure}(Object(Illuminate\\Http\\Request))
#15 C:\\laragon\\www\\Firmador\\vendor\\laravel\\framework\\src\\Illuminate\\Routing\\Router.php(723): Illuminate\\Pipeline\\Pipeline->then(Object(Closure))
#16 C:\\laragon\\www\\Firmador\\vendor\\laravel\\framework\\src\\Illuminate\\Routing\\Router.php(698): Illuminate\\Routing\\Router->runRouteWithinStack(Object(Illuminate\\Routing\\Route), Object(Illuminate\\Http\\Request))
#17 C:\\laragon\\www\\Firmador\\vendor\\laravel\\framework\\src\\Illuminate\\Routing\\Router.php(662): Illuminate\\Routing\\Router->runRoute(Object(Illuminate\\Http\\Request), Object(Illuminate\\Routing\\Route))
#18 C:\\laragon\\www\\Firmador\\vendor\\laravel\\framework\\src\\Illuminate\\Routing\\Router.php(651): Illuminate\\Routing\\Router->dispatchToRoute(Object(Illuminate\\Http\\Request))
#19 C:\\laragon\\www\\Firmador\\vendor\\laravel\\framework\\src\\Illuminate\\Foundation\\Http\\Kernel.php(167): Illuminate\\Routing\\Router->dispatch(Object(Illuminate\\Http\\Request))
#20 C:\\laragon\\www\\Firmador\\vendor\\laravel\\framework\\src\\Illuminate\\Pipeline\\Pipeline.php(128): Illuminate\\Foundation\\Http\\Kernel->Illuminate\\Foundation\\Http\\{closure}(Object(Illuminate\\Http\\Request))
#21 C:\\laragon\\www\\Firmador\\vendor\\laravel\\framework\\src\\Illuminate\\Foundation\\Http\\Middleware\\TransformsRequest.php(21): Illuminate\\Pipeline\\Pipeline->Illuminate\\Pipeline\\{closure}(Object(Illuminate\\Http\\Request))
#22 C:\\laragon\\www\\Firmador\\vendor\\laravel\\framework\\src\\Illuminate\\Foundation\\Http\\Middleware\\ConvertEmptyStringsToNull.php(31): Illuminate\\Foundation\\Http\\Middleware\\TransformsRequest->handle(Object(Illuminate\\Http\\Request), Object(Closure))
#23 C:\\laragon\\www\\Firmador\\vendor\\laravel\\framework\\src\\Illuminate\\Pipeline\\Pipeline.php(167): Illuminate\\Foundation\\Http\\Middleware\\ConvertEmptyStringsToNull->handle(Object(Illuminate\\Http\\Request), Object(Closure))
#24 C:\\laragon\\www\\Firmador\\vendor\\laravel\\framework\\src\\Illuminate\\Foundation\\Http\\Middleware\\TransformsRequest.php(21): Illuminate\\Pipeline\\Pipeline->Illuminate\\Pipeline\\{closure}(Object(Illuminate\\Http\\Request))
#25 C:\\laragon\\www\\Firmador\\vendor\\laravel\\framework\\src\\Illuminate\\Foundation\\Http\\Middleware\\TrimStrings.php(40): Illuminate\\Foundation\\Http\\Middleware\\TransformsRequest->handle(Object(Illuminate\\Http\\Request), Object(Closure))
#26 C:\\laragon\\www\\Firmador\\vendor\\laravel\\framework\\src\\Illuminate\\Pipeline\\Pipeline.php(167): Illuminate\\Foundation\\Http\\Middleware\\TrimStrings->handle(Object(Illuminate\\Http\\Request), Object(Closure))
#27 C:\\laragon\\www\\Firmador\\vendor\\laravel\\framework\\src\\Illuminate\\Foundation\\Http\\Middleware\\ValidatePostSize.php(27): Illuminate\\Pipeline\\Pipeline->Illuminate\\Pipeline\\{closure}(Object(Illuminate\\Http\\Request))
#28 C:\\laragon\\www\\Firmador\\vendor\\laravel\\framework\\src\\Illuminate\\Pipeline\\Pipeline.php(167): Illuminate\\Foundation\\Http\\Middleware\\ValidatePostSize->handle(Object(Illuminate\\Http\\Request), Object(Closure))
#29 C:\\laragon\\www\\Firmador\\vendor\\laravel\\framework\\src\\Illuminate\\Foundation\\Http\\Middleware\\PreventRequestsDuringMaintenance.php(86): Illuminate\\Pipeline\\Pipeline->Illuminate\\Pipeline\\{closure}(Object(Illuminate\\Http\\Request))
#30 C:\\laragon\\www\\Firmador\\vendor\\laravel\\framework\\src\\Illuminate\\Pipeline\\Pipeline.php(167): Illuminate\\Foundation\\Http\\Middleware\\PreventRequestsDuringMaintenance->handle(Object(Illuminate\\Http\\Request), Object(Closure))
#31 C:\\laragon\\www\\Firmador\\vendor\\fruitcake\\laravel-cors\\src\\HandleCors.php(52): Illuminate\\Pipeline\\Pipeline->Illuminate\\Pipeline\\{closure}(Object(Illuminate\\Http\\Request))
#32 C:\\laragon\\www\\Firmador\\vendor\\laravel\\framework\\src\\Illuminate\\Pipeline\\Pipeline.php(167): Fruitcake\\Cors\\HandleCors->handle(Object(Illuminate\\Http\\Request), Object(Closure))
#33 C:\\laragon\\www\\Firmador\\vendor\\laravel\\framework\\src\\Illuminate\\Http\\Middleware\\TrustProxies.php(39): Illuminate\\Pipeline\\Pipeline->Illuminate\\Pipeline\\{closure}(Object(Illuminate\\Http\\Request))
#34 C:\\laragon\\www\\Firmador\\vendor\\laravel\\framework\\src\\Illuminate\\Pipeline\\Pipeline.php(167): Illuminate\\Http\\Middleware\\TrustProxies->handle(Object(Illuminate\\Http\\Request), Object(Closure))
#35 C:\\laragon\\www\\Firmador\\vendor\\laravel\\framework\\src\\Illuminate\\Pipeline\\Pipeline.php(103): Illuminate\\Pipeline\\Pipeline->Illuminate\\Pipeline\\{closure}(Object(Illuminate\\Http\\Request))
#36 C:\\laragon\\www\\Firmador\\vendor\\laravel\\framework\\src\\Illuminate\\Foundation\\Http\\Kernel.php(142): Illuminate\\Pipeline\\Pipeline->then(Object(Closure))
#37 C:\\laragon\\www\\Firmador\\vendor\\laravel\\framework\\src\\Illuminate\\Foundation\\Http\\Kernel.php(111): Illuminate\\Foundation\\Http\\Kernel->sendRequestThroughRouter(Object(Illuminate\\Http\\Request))
#38 C:\\laragon\\www\\Firmador\\public\\index.php(52): Illuminate\\Foundation\\Http\\Kernel->handle(Object(Illuminate\\Http\\Request))
#39 C:\\laragon\\www\\Firmador\\server.php(21): require_once('C:\\\\laragon\\\\www\\\\...')
#40 {main}
"} 
[2024-05-10 00:52:25] local.ERROR: There are no commands defined in the "ide-helper" namespace. {"exception":"[object] (Symfony\\Component\\Console\\Exception\\NamespaceNotFoundException(code: 0): There are no commands defined in the \"ide-helper\" namespace. at C:\\laragon\\www\\Firmador\\vendor\\symfony\\console\\Application.php:650)
[stacktrace]
#0 C:\\laragon\\www\\Firmador\\vendor\\symfony\\console\\Application.php(701): Symfony\\Component\\Console\\Application->findNamespace('ide-helper')
#1 C:\\laragon\\www\\Firmador\\vendor\\symfony\\console\\Application.php(259): Symfony\\Component\\Console\\Application->find('ide-helper:gene...')
#2 C:\\laragon\\www\\Firmador\\vendor\\symfony\\console\\Application.php(171): Symfony\\Component\\Console\\Application->doRun(Object(Symfony\\Component\\Console\\Input\\ArgvInput), Object(Symfony\\Component\\Console\\Output\\ConsoleOutput))
#3 C:\\laragon\\www\\Firmador\\vendor\\laravel\\framework\\src\\Illuminate\\Console\\Application.php(94): Symfony\\Component\\Console\\Application->run(Object(Symfony\\Component\\Console\\Input\\ArgvInput), Object(Symfony\\Component\\Console\\Output\\ConsoleOutput))
#4 C:\\laragon\\www\\Firmador\\vendor\\laravel\\framework\\src\\Illuminate\\Foundation\\Console\\Kernel.php(129): Illuminate\\Console\\Application->run(Object(Symfony\\Component\\Console\\Input\\ArgvInput), Object(Symfony\\Component\\Console\\Output\\ConsoleOutput))
#5 C:\\laragon\\www\\Firmador\\artisan(37): Illuminate\\Foundation\\Console\\Kernel->handle(Object(Symfony\\Component\\Console\\Input\\ArgvInput), Object(Symfony\\Component\\Console\\Output\\ConsoleOutput))
#6 {main}
"} 
[2024-05-10 00:52:25] local.ERROR: There are no commands defined in the "ide-helper" namespace. {"exception":"[object] (Symfony\\Component\\Console\\Exception\\NamespaceNotFoundException(code: 0): There are no commands defined in the \"ide-helper\" namespace. at C:\\laragon\\www\\Firmador\\vendor\\symfony\\console\\Application.php:650)
[stacktrace]
#0 C:\\laragon\\www\\Firmador\\vendor\\symfony\\console\\Application.php(701): Symfony\\Component\\Console\\Application->findNamespace('ide-helper')
#1 C:\\laragon\\www\\Firmador\\vendor\\symfony\\console\\Application.php(259): Symfony\\Component\\Console\\Application->find('ide-helper:gene...')
#2 C:\\laragon\\www\\Firmador\\vendor\\symfony\\console\\Application.php(171): Symfony\\Component\\Console\\Application->doRun(Object(Symfony\\Component\\Console\\Input\\ArgvInput), Object(Symfony\\Component\\Console\\Output\\ConsoleOutput))
#3 C:\\laragon\\www\\Firmador\\vendor\\laravel\\framework\\src\\Illuminate\\Console\\Application.php(94): Symfony\\Component\\Console\\Application->run(Object(Symfony\\Component\\Console\\Input\\ArgvInput), Object(Symfony\\Component\\Console\\Output\\ConsoleOutput))
#4 C:\\laragon\\www\\Firmador\\vendor\\laravel\\framework\\src\\Illuminate\\Foundation\\Console\\Kernel.php(129): Illuminate\\Console\\Application->run(Object(Symfony\\Component\\Console\\Input\\ArgvInput), Object(Symfony\\Component\\Console\\Output\\ConsoleOutput))
#5 C:\\laragon\\www\\Firmador\\artisan(37): Illuminate\\Foundation\\Console\\Kernel->handle(Object(Symfony\\Component\\Console\\Input\\ArgvInput), Object(Symfony\\Component\\Console\\Output\\ConsoleOutput))
#6 {main}
"} 
[2024-05-10 00:53:15] local.ERROR: There are no commands defined in the "ide-helper" namespace. {"exception":"[object] (Symfony\\Component\\Console\\Exception\\NamespaceNotFoundException(code: 0): There are no commands defined in the \"ide-helper\" namespace. at C:\\laragon\\www\\Firmador\\vendor\\symfony\\console\\Application.php:650)
[stacktrace]
#0 C:\\laragon\\www\\Firmador\\vendor\\symfony\\console\\Application.php(701): Symfony\\Component\\Console\\Application->findNamespace('ide-helper')
#1 C:\\laragon\\www\\Firmador\\vendor\\symfony\\console\\Application.php(259): Symfony\\Component\\Console\\Application->find('ide-helper:gene...')
#2 C:\\laragon\\www\\Firmador\\vendor\\symfony\\console\\Application.php(171): Symfony\\Component\\Console\\Application->doRun(Object(Symfony\\Component\\Console\\Input\\ArgvInput), Object(Symfony\\Component\\Console\\Output\\ConsoleOutput))
#3 C:\\laragon\\www\\Firmador\\vendor\\laravel\\framework\\src\\Illuminate\\Console\\Application.php(94): Symfony\\Component\\Console\\Application->run(Object(Symfony\\Component\\Console\\Input\\ArgvInput), Object(Symfony\\Component\\Console\\Output\\ConsoleOutput))
#4 C:\\laragon\\www\\Firmador\\vendor\\laravel\\framework\\src\\Illuminate\\Foundation\\Console\\Kernel.php(129): Illuminate\\Console\\Application->run(Object(Symfony\\Component\\Console\\Input\\ArgvInput), Object(Symfony\\Component\\Console\\Output\\ConsoleOutput))
#5 C:\\laragon\\www\\Firmador\\artisan(37): Illuminate\\Foundation\\Console\\Kernel->handle(Object(Symfony\\Component\\Console\\Input\\ArgvInput), Object(Symfony\\Component\\Console\\Output\\ConsoleOutput))
#6 {main}
"} 
[2024-05-10 00:53:15] local.ERROR: There are no commands defined in the "ide-helper" namespace. {"exception":"[object] (Symfony\\Component\\Console\\Exception\\NamespaceNotFoundException(code: 0): There are no commands defined in the \"ide-helper\" namespace. at C:\\laragon\\www\\Firmador\\vendor\\symfony\\console\\Application.php:650)
[stacktrace]
#0 C:\\laragon\\www\\Firmador\\vendor\\symfony\\console\\Application.php(701): Symfony\\Component\\Console\\Application->findNamespace('ide-helper')
#1 C:\\laragon\\www\\Firmador\\vendor\\symfony\\console\\Application.php(259): Symfony\\Component\\Console\\Application->find('ide-helper:gene...')
#2 C:\\laragon\\www\\Firmador\\vendor\\symfony\\console\\Application.php(171): Symfony\\Component\\Console\\Application->doRun(Object(Symfony\\Component\\Console\\Input\\ArgvInput), Object(Symfony\\Component\\Console\\Output\\ConsoleOutput))
#3 C:\\laragon\\www\\Firmador\\vendor\\laravel\\framework\\src\\Illuminate\\Console\\Application.php(94): Symfony\\Component\\Console\\Application->run(Object(Symfony\\Component\\Console\\Input\\ArgvInput), Object(Symfony\\Component\\Console\\Output\\ConsoleOutput))
#4 C:\\laragon\\www\\Firmador\\vendor\\laravel\\framework\\src\\Illuminate\\Foundation\\Console\\Kernel.php(129): Illuminate\\Console\\Application->run(Object(Symfony\\Component\\Console\\Input\\ArgvInput), Object(Symfony\\Component\\Console\\Output\\ConsoleOutput))
#5 C:\\laragon\\www\\Firmador\\artisan(37): Illuminate\\Foundation\\Console\\Kernel->handle(Object(Symfony\\Component\\Console\\Input\\ArgvInput), Object(Symfony\\Component\\Console\\Output\\ConsoleOutput))
#6 {main}
"} 
[2024-05-10 00:53:17] local.ERROR: There are no commands defined in the "ide-helper" namespace. {"exception":"[object] (Symfony\\Component\\Console\\Exception\\NamespaceNotFoundException(code: 0): There are no commands defined in the \"ide-helper\" namespace. at C:\\laragon\\www\\Firmador\\vendor\\symfony\\console\\Application.php:650)
[stacktrace]
#0 C:\\laragon\\www\\Firmador\\vendor\\symfony\\console\\Application.php(701): Symfony\\Component\\Console\\Application->findNamespace('ide-helper')
#1 C:\\laragon\\www\\Firmador\\vendor\\symfony\\console\\Application.php(259): Symfony\\Component\\Console\\Application->find('ide-helper:gene...')
#2 C:\\laragon\\www\\Firmador\\vendor\\symfony\\console\\Application.php(171): Symfony\\Component\\Console\\Application->doRun(Object(Symfony\\Component\\Console\\Input\\ArgvInput), Object(Symfony\\Component\\Console\\Output\\ConsoleOutput))
#3 C:\\laragon\\www\\Firmador\\vendor\\laravel\\framework\\src\\Illuminate\\Console\\Application.php(94): Symfony\\Component\\Console\\Application->run(Object(Symfony\\Component\\Console\\Input\\ArgvInput), Object(Symfony\\Component\\Console\\Output\\ConsoleOutput))
#4 C:\\laragon\\www\\Firmador\\vendor\\laravel\\framework\\src\\Illuminate\\Foundation\\Console\\Kernel.php(129): Illuminate\\Console\\Application->run(Object(Symfony\\Component\\Console\\Input\\ArgvInput), Object(Symfony\\Component\\Console\\Output\\ConsoleOutput))
#5 C:\\laragon\\www\\Firmador\\artisan(37): Illuminate\\Foundation\\Console\\Kernel->handle(Object(Symfony\\Component\\Console\\Input\\ArgvInput), Object(Symfony\\Component\\Console\\Output\\ConsoleOutput))
#6 {main}
"} 
[2024-05-10 00:53:18] local.ERROR: There are no commands defined in the "ide-helper" namespace. {"exception":"[object] (Symfony\\Component\\Console\\Exception\\NamespaceNotFoundException(code: 0): There are no commands defined in the \"ide-helper\" namespace. at C:\\laragon\\www\\Firmador\\vendor\\symfony\\console\\Application.php:650)
[stacktrace]
#0 C:\\laragon\\www\\Firmador\\vendor\\symfony\\console\\Application.php(701): Symfony\\Component\\Console\\Application->findNamespace('ide-helper')
#1 C:\\laragon\\www\\Firmador\\vendor\\symfony\\console\\Application.php(259): Symfony\\Component\\Console\\Application->find('ide-helper:gene...')
#2 C:\\laragon\\www\\Firmador\\vendor\\symfony\\console\\Application.php(171): Symfony\\Component\\Console\\Application->doRun(Object(Symfony\\Component\\Console\\Input\\ArgvInput), Object(Symfony\\Component\\Console\\Output\\ConsoleOutput))
#3 C:\\laragon\\www\\Firmador\\vendor\\laravel\\framework\\src\\Illuminate\\Console\\Application.php(94): Symfony\\Component\\Console\\Application->run(Object(Symfony\\Component\\Console\\Input\\ArgvInput), Object(Symfony\\Component\\Console\\Output\\ConsoleOutput))
#4 C:\\laragon\\www\\Firmador\\vendor\\laravel\\framework\\src\\Illuminate\\Foundation\\Console\\Kernel.php(129): Illuminate\\Console\\Application->run(Object(Symfony\\Component\\Console\\Input\\ArgvInput), Object(Symfony\\Component\\Console\\Output\\ConsoleOutput))
#5 C:\\laragon\\www\\Firmador\\artisan(37): Illuminate\\Foundation\\Console\\Kernel->handle(Object(Symfony\\Component\\Console\\Input\\ArgvInput), Object(Symfony\\Component\\Console\\Output\\ConsoleOutput))
#6 {main}
"} 
[2024-05-10 00:53:21] local.ERROR: There are no commands defined in the "ide-helper" namespace. {"exception":"[object] (Symfony\\Component\\Console\\Exception\\NamespaceNotFoundException(code: 0): There are no commands defined in the \"ide-helper\" namespace. at C:\\laragon\\www\\Firmador\\vendor\\symfony\\console\\Application.php:650)
[stacktrace]
#0 C:\\laragon\\www\\Firmador\\vendor\\symfony\\console\\Application.php(701): Symfony\\Component\\Console\\Application->findNamespace('ide-helper')
#1 C:\\laragon\\www\\Firmador\\vendor\\symfony\\console\\Application.php(259): Symfony\\Component\\Console\\Application->find('ide-helper:gene...')
#2 C:\\laragon\\www\\Firmador\\vendor\\symfony\\console\\Application.php(171): Symfony\\Component\\Console\\Application->doRun(Object(Symfony\\Component\\Console\\Input\\ArgvInput), Object(Symfony\\Component\\Console\\Output\\ConsoleOutput))
#3 C:\\laragon\\www\\Firmador\\vendor\\laravel\\framework\\src\\Illuminate\\Console\\Application.php(94): Symfony\\Component\\Console\\Application->run(Object(Symfony\\Component\\Console\\Input\\ArgvInput), Object(Symfony\\Component\\Console\\Output\\ConsoleOutput))
#4 C:\\laragon\\www\\Firmador\\vendor\\laravel\\framework\\src\\Illuminate\\Foundation\\Console\\Kernel.php(129): Illuminate\\Console\\Application->run(Object(Symfony\\Component\\Console\\Input\\ArgvInput), Object(Symfony\\Component\\Console\\Output\\ConsoleOutput))
#5 C:\\laragon\\www\\Firmador\\artisan(37): Illuminate\\Foundation\\Console\\Kernel->handle(Object(Symfony\\Component\\Console\\Input\\ArgvInput), Object(Symfony\\Component\\Console\\Output\\ConsoleOutput))
#6 {main}
"} 
[2024-05-10 00:53:29] local.ERROR: There are no commands defined in the "ide-helper" namespace. {"exception":"[object] (Symfony\\Component\\Console\\Exception\\NamespaceNotFoundException(code: 0): There are no commands defined in the \"ide-helper\" namespace. at C:\\laragon\\www\\Firmador\\vendor\\symfony\\console\\Application.php:650)
[stacktrace]
#0 C:\\laragon\\www\\Firmador\\vendor\\symfony\\console\\Application.php(701): Symfony\\Component\\Console\\Application->findNamespace('ide-helper')
#1 C:\\laragon\\www\\Firmador\\vendor\\symfony\\console\\Application.php(259): Symfony\\Component\\Console\\Application->find('ide-helper:gene...')
#2 C:\\laragon\\www\\Firmador\\vendor\\symfony\\console\\Application.php(171): Symfony\\Component\\Console\\Application->doRun(Object(Symfony\\Component\\Console\\Input\\ArgvInput), Object(Symfony\\Component\\Console\\Output\\ConsoleOutput))
#3 C:\\laragon\\www\\Firmador\\vendor\\laravel\\framework\\src\\Illuminate\\Console\\Application.php(94): Symfony\\Component\\Console\\Application->run(Object(Symfony\\Component\\Console\\Input\\ArgvInput), Object(Symfony\\Component\\Console\\Output\\ConsoleOutput))
#4 C:\\laragon\\www\\Firmador\\vendor\\laravel\\framework\\src\\Illuminate\\Foundation\\Console\\Kernel.php(129): Illuminate\\Console\\Application->run(Object(Symfony\\Component\\Console\\Input\\ArgvInput), Object(Symfony\\Component\\Console\\Output\\ConsoleOutput))
#5 C:\\laragon\\www\\Firmador\\artisan(37): Illuminate\\Foundation\\Console\\Kernel->handle(Object(Symfony\\Component\\Console\\Input\\ArgvInput), Object(Symfony\\Component\\Console\\Output\\ConsoleOutput))
#6 {main}
"} 
[2024-05-10 00:53:29] local.ERROR: There are no commands defined in the "ide-helper" namespace. {"exception":"[object] (Symfony\\Component\\Console\\Exception\\NamespaceNotFoundException(code: 0): There are no commands defined in the \"ide-helper\" namespace. at C:\\laragon\\www\\Firmador\\vendor\\symfony\\console\\Application.php:650)
[stacktrace]
#0 C:\\laragon\\www\\Firmador\\vendor\\symfony\\console\\Application.php(701): Symfony\\Component\\Console\\Application->findNamespace('ide-helper')
#1 C:\\laragon\\www\\Firmador\\vendor\\symfony\\console\\Application.php(259): Symfony\\Component\\Console\\Application->find('ide-helper:gene...')
#2 C:\\laragon\\www\\Firmador\\vendor\\symfony\\console\\Application.php(171): Symfony\\Component\\Console\\Application->doRun(Object(Symfony\\Component\\Console\\Input\\ArgvInput), Object(Symfony\\Component\\Console\\Output\\ConsoleOutput))
#3 C:\\laragon\\www\\Firmador\\vendor\\laravel\\framework\\src\\Illuminate\\Console\\Application.php(94): Symfony\\Component\\Console\\Application->run(Object(Symfony\\Component\\Console\\Input\\ArgvInput), Object(Symfony\\Component\\Console\\Output\\ConsoleOutput))
#4 C:\\laragon\\www\\Firmador\\vendor\\laravel\\framework\\src\\Illuminate\\Foundation\\Console\\Kernel.php(129): Illuminate\\Console\\Application->run(Object(Symfony\\Component\\Console\\Input\\ArgvInput), Object(Symfony\\Component\\Console\\Output\\ConsoleOutput))
#5 C:\\laragon\\www\\Firmador\\artisan(37): Illuminate\\Foundation\\Console\\Kernel->handle(Object(Symfony\\Component\\Console\\Input\\ArgvInput), Object(Symfony\\Component\\Console\\Output\\ConsoleOutput))
#6 {main}
"} 
[2024-05-10 00:54:09] local.ERROR: There are no commands defined in the "ide-helper" namespace. {"exception":"[object] (Symfony\\Component\\Console\\Exception\\NamespaceNotFoundException(code: 0): There are no commands defined in the \"ide-helper\" namespace. at C:\\laragon\\www\\Firmador\\vendor\\symfony\\console\\Application.php:650)
[stacktrace]
#0 C:\\laragon\\www\\Firmador\\vendor\\symfony\\console\\Application.php(701): Symfony\\Component\\Console\\Application->findNamespace('ide-helper')
#1 C:\\laragon\\www\\Firmador\\vendor\\symfony\\console\\Application.php(259): Symfony\\Component\\Console\\Application->find('ide-helper:gene...')
#2 C:\\laragon\\www\\Firmador\\vendor\\symfony\\console\\Application.php(171): Symfony\\Component\\Console\\Application->doRun(Object(Symfony\\Component\\Console\\Input\\ArgvInput), Object(Symfony\\Component\\Console\\Output\\ConsoleOutput))
#3 C:\\laragon\\www\\Firmador\\vendor\\laravel\\framework\\src\\Illuminate\\Console\\Application.php(94): Symfony\\Component\\Console\\Application->run(Object(Symfony\\Component\\Console\\Input\\ArgvInput), Object(Symfony\\Component\\Console\\Output\\ConsoleOutput))
#4 C:\\laragon\\www\\Firmador\\vendor\\laravel\\framework\\src\\Illuminate\\Foundation\\Console\\Kernel.php(129): Illuminate\\Console\\Application->run(Object(Symfony\\Component\\Console\\Input\\ArgvInput), Object(Symfony\\Component\\Console\\Output\\ConsoleOutput))
#5 C:\\laragon\\www\\Firmador\\artisan(37): Illuminate\\Foundation\\Console\\Kernel->handle(Object(Symfony\\Component\\Console\\Input\\ArgvInput), Object(Symfony\\Component\\Console\\Output\\ConsoleOutput))
#6 {main}
"} 
[2024-05-10 00:54:09] local.ERROR: There are no commands defined in the "ide-helper" namespace. {"exception":"[object] (Symfony\\Component\\Console\\Exception\\NamespaceNotFoundException(code: 0): There are no commands defined in the \"ide-helper\" namespace. at C:\\laragon\\www\\Firmador\\vendor\\symfony\\console\\Application.php:650)
[stacktrace]
#0 C:\\laragon\\www\\Firmador\\vendor\\symfony\\console\\Application.php(701): Symfony\\Component\\Console\\Application->findNamespace('ide-helper')
#1 C:\\laragon\\www\\Firmador\\vendor\\symfony\\console\\Application.php(259): Symfony\\Component\\Console\\Application->find('ide-helper:gene...')
#2 C:\\laragon\\www\\Firmador\\vendor\\symfony\\console\\Application.php(171): Symfony\\Component\\Console\\Application->doRun(Object(Symfony\\Component\\Console\\Input\\ArgvInput), Object(Symfony\\Component\\Console\\Output\\ConsoleOutput))
#3 C:\\laragon\\www\\Firmador\\vendor\\laravel\\framework\\src\\Illuminate\\Console\\Application.php(94): Symfony\\Component\\Console\\Application->run(Object(Symfony\\Component\\Console\\Input\\ArgvInput), Object(Symfony\\Component\\Console\\Output\\ConsoleOutput))
#4 C:\\laragon\\www\\Firmador\\vendor\\laravel\\framework\\src\\Illuminate\\Foundation\\Console\\Kernel.php(129): Illuminate\\Console\\Application->run(Object(Symfony\\Component\\Console\\Input\\ArgvInput), Object(Symfony\\Component\\Console\\Output\\ConsoleOutput))
#5 C:\\laragon\\www\\Firmador\\artisan(37): Illuminate\\Foundation\\Console\\Kernel->handle(Object(Symfony\\Component\\Console\\Input\\ArgvInput), Object(Symfony\\Component\\Console\\Output\\ConsoleOutput))
#6 {main}
"} 
[2024-05-10 00:56:15] local.ERROR: There are no commands defined in the "ide-helper" namespace. {"exception":"[object] (Symfony\\Component\\Console\\Exception\\NamespaceNotFoundException(code: 0): There are no commands defined in the \"ide-helper\" namespace. at C:\\laragon\\www\\Firmador\\vendor\\symfony\\console\\Application.php:650)
[stacktrace]
#0 C:\\laragon\\www\\Firmador\\vendor\\symfony\\console\\Application.php(701): Symfony\\Component\\Console\\Application->findNamespace('ide-helper')
#1 C:\\laragon\\www\\Firmador\\vendor\\symfony\\console\\Application.php(259): Symfony\\Component\\Console\\Application->find('ide-helper:gene...')
#2 C:\\laragon\\www\\Firmador\\vendor\\symfony\\console\\Application.php(171): Symfony\\Component\\Console\\Application->doRun(Object(Symfony\\Component\\Console\\Input\\ArgvInput), Object(Symfony\\Component\\Console\\Output\\ConsoleOutput))
#3 C:\\laragon\\www\\Firmador\\vendor\\laravel\\framework\\src\\Illuminate\\Console\\Application.php(94): Symfony\\Component\\Console\\Application->run(Object(Symfony\\Component\\Console\\Input\\ArgvInput), Object(Symfony\\Component\\Console\\Output\\ConsoleOutput))
#4 C:\\laragon\\www\\Firmador\\vendor\\laravel\\framework\\src\\Illuminate\\Foundation\\Console\\Kernel.php(129): Illuminate\\Console\\Application->run(Object(Symfony\\Component\\Console\\Input\\ArgvInput), Object(Symfony\\Component\\Console\\Output\\ConsoleOutput))
#5 C:\\laragon\\www\\Firmador\\artisan(37): Illuminate\\Foundation\\Console\\Kernel->handle(Object(Symfony\\Component\\Console\\Input\\ArgvInput), Object(Symfony\\Component\\Console\\Output\\ConsoleOutput))
#6 {main}
"} 
[2024-05-10 00:56:15] local.ERROR: There are no commands defined in the "ide-helper" namespace. {"exception":"[object] (Symfony\\Component\\Console\\Exception\\NamespaceNotFoundException(code: 0): There are no commands defined in the \"ide-helper\" namespace. at C:\\laragon\\www\\Firmador\\vendor\\symfony\\console\\Application.php:650)
[stacktrace]
#0 C:\\laragon\\www\\Firmador\\vendor\\symfony\\console\\Application.php(701): Symfony\\Component\\Console\\Application->findNamespace('ide-helper')
#1 C:\\laragon\\www\\Firmador\\vendor\\symfony\\console\\Application.php(259): Symfony\\Component\\Console\\Application->find('ide-helper:gene...')
#2 C:\\laragon\\www\\Firmador\\vendor\\symfony\\console\\Application.php(171): Symfony\\Component\\Console\\Application->doRun(Object(Symfony\\Component\\Console\\Input\\ArgvInput), Object(Symfony\\Component\\Console\\Output\\ConsoleOutput))
#3 C:\\laragon\\www\\Firmador\\vendor\\laravel\\framework\\src\\Illuminate\\Console\\Application.php(94): Symfony\\Component\\Console\\Application->run(Object(Symfony\\Component\\Console\\Input\\ArgvInput), Object(Symfony\\Component\\Console\\Output\\ConsoleOutput))
#4 C:\\laragon\\www\\Firmador\\vendor\\laravel\\framework\\src\\Illuminate\\Foundation\\Console\\Kernel.php(129): Illuminate\\Console\\Application->run(Object(Symfony\\Component\\Console\\Input\\ArgvInput), Object(Symfony\\Component\\Console\\Output\\ConsoleOutput))
#5 C:\\laragon\\www\\Firmador\\artisan(37): Illuminate\\Foundation\\Console\\Kernel->handle(Object(Symfony\\Component\\Console\\Input\\ArgvInput), Object(Symfony\\Component\\Console\\Output\\ConsoleOutput))
#6 {main}
"} 
[2024-05-10 00:56:28] local.ERROR: There are no commands defined in the "ide-helper" namespace. {"exception":"[object] (Symfony\\Component\\Console\\Exception\\NamespaceNotFoundException(code: 0): There are no commands defined in the \"ide-helper\" namespace. at C:\\laragon\\www\\Firmador\\vendor\\symfony\\console\\Application.php:650)
[stacktrace]
#0 C:\\laragon\\www\\Firmador\\vendor\\symfony\\console\\Application.php(701): Symfony\\Component\\Console\\Application->findNamespace('ide-helper')
#1 C:\\laragon\\www\\Firmador\\vendor\\symfony\\console\\Application.php(259): Symfony\\Component\\Console\\Application->find('ide-helper:gene...')
#2 C:\\laragon\\www\\Firmador\\vendor\\symfony\\console\\Application.php(171): Symfony\\Component\\Console\\Application->doRun(Object(Symfony\\Component\\Console\\Input\\ArgvInput), Object(Symfony\\Component\\Console\\Output\\ConsoleOutput))
#3 C:\\laragon\\www\\Firmador\\vendor\\laravel\\framework\\src\\Illuminate\\Console\\Application.php(94): Symfony\\Component\\Console\\Application->run(Object(Symfony\\Component\\Console\\Input\\ArgvInput), Object(Symfony\\Component\\Console\\Output\\ConsoleOutput))
#4 C:\\laragon\\www\\Firmador\\vendor\\laravel\\framework\\src\\Illuminate\\Foundation\\Console\\Kernel.php(129): Illuminate\\Console\\Application->run(Object(Symfony\\Component\\Console\\Input\\ArgvInput), Object(Symfony\\Component\\Console\\Output\\ConsoleOutput))
#5 C:\\laragon\\www\\Firmador\\artisan(37): Illuminate\\Foundation\\Console\\Kernel->handle(Object(Symfony\\Component\\Console\\Input\\ArgvInput), Object(Symfony\\Component\\Console\\Output\\ConsoleOutput))
#6 {main}
"} 
[2024-05-10 00:56:28] local.ERROR: There are no commands defined in the "ide-helper" namespace. {"exception":"[object] (Symfony\\Component\\Console\\Exception\\NamespaceNotFoundException(code: 0): There are no commands defined in the \"ide-helper\" namespace. at C:\\laragon\\www\\Firmador\\vendor\\symfony\\console\\Application.php:650)
[stacktrace]
#0 C:\\laragon\\www\\Firmador\\vendor\\symfony\\console\\Application.php(701): Symfony\\Component\\Console\\Application->findNamespace('ide-helper')
#1 C:\\laragon\\www\\Firmador\\vendor\\symfony\\console\\Application.php(259): Symfony\\Component\\Console\\Application->find('ide-helper:gene...')
#2 C:\\laragon\\www\\Firmador\\vendor\\symfony\\console\\Application.php(171): Symfony\\Component\\Console\\Application->doRun(Object(Symfony\\Component\\Console\\Input\\ArgvInput), Object(Symfony\\Component\\Console\\Output\\ConsoleOutput))
#3 C:\\laragon\\www\\Firmador\\vendor\\laravel\\framework\\src\\Illuminate\\Console\\Application.php(94): Symfony\\Component\\Console\\Application->run(Object(Symfony\\Component\\Console\\Input\\ArgvInput), Object(Symfony\\Component\\Console\\Output\\ConsoleOutput))
#4 C:\\laragon\\www\\Firmador\\vendor\\laravel\\framework\\src\\Illuminate\\Foundation\\Console\\Kernel.php(129): Illuminate\\Console\\Application->run(Object(Symfony\\Component\\Console\\Input\\ArgvInput), Object(Symfony\\Component\\Console\\Output\\ConsoleOutput))
#5 C:\\laragon\\www\\Firmador\\artisan(37): Illuminate\\Foundation\\Console\\Kernel->handle(Object(Symfony\\Component\\Console\\Input\\ArgvInput), Object(Symfony\\Component\\Console\\Output\\ConsoleOutput))
#6 {main}
"} 
[2024-05-10 00:56:47] local.ERROR: There are no commands defined in the "ide-helper" namespace. {"exception":"[object] (Symfony\\Component\\Console\\Exception\\NamespaceNotFoundException(code: 0): There are no commands defined in the \"ide-helper\" namespace. at C:\\laragon\\www\\Firmador\\vendor\\symfony\\console\\Application.php:650)
[stacktrace]
#0 C:\\laragon\\www\\Firmador\\vendor\\symfony\\console\\Application.php(701): Symfony\\Component\\Console\\Application->findNamespace('ide-helper')
#1 C:\\laragon\\www\\Firmador\\vendor\\symfony\\console\\Application.php(259): Symfony\\Component\\Console\\Application->find('ide-helper:gene...')
#2 C:\\laragon\\www\\Firmador\\vendor\\symfony\\console\\Application.php(171): Symfony\\Component\\Console\\Application->doRun(Object(Symfony\\Component\\Console\\Input\\ArgvInput), Object(Symfony\\Component\\Console\\Output\\ConsoleOutput))
#3 C:\\laragon\\www\\Firmador\\vendor\\laravel\\framework\\src\\Illuminate\\Console\\Application.php(94): Symfony\\Component\\Console\\Application->run(Object(Symfony\\Component\\Console\\Input\\ArgvInput), Object(Symfony\\Component\\Console\\Output\\ConsoleOutput))
#4 C:\\laragon\\www\\Firmador\\vendor\\laravel\\framework\\src\\Illuminate\\Foundation\\Console\\Kernel.php(129): Illuminate\\Console\\Application->run(Object(Symfony\\Component\\Console\\Input\\ArgvInput), Object(Symfony\\Component\\Console\\Output\\ConsoleOutput))
#5 C:\\laragon\\www\\Firmador\\artisan(37): Illuminate\\Foundation\\Console\\Kernel->handle(Object(Symfony\\Component\\Console\\Input\\ArgvInput), Object(Symfony\\Component\\Console\\Output\\ConsoleOutput))
#6 {main}
"} 
[2024-05-10 00:56:47] local.ERROR: There are no commands defined in the "ide-helper" namespace. {"exception":"[object] (Symfony\\Component\\Console\\Exception\\NamespaceNotFoundException(code: 0): There are no commands defined in the \"ide-helper\" namespace. at C:\\laragon\\www\\Firmador\\vendor\\symfony\\console\\Application.php:650)
[stacktrace]
#0 C:\\laragon\\www\\Firmador\\vendor\\symfony\\console\\Application.php(701): Symfony\\Component\\Console\\Application->findNamespace('ide-helper')
#1 C:\\laragon\\www\\Firmador\\vendor\\symfony\\console\\Application.php(259): Symfony\\Component\\Console\\Application->find('ide-helper:gene...')
#2 C:\\laragon\\www\\Firmador\\vendor\\symfony\\console\\Application.php(171): Symfony\\Component\\Console\\Application->doRun(Object(Symfony\\Component\\Console\\Input\\ArgvInput), Object(Symfony\\Component\\Console\\Output\\ConsoleOutput))
#3 C:\\laragon\\www\\Firmador\\vendor\\laravel\\framework\\src\\Illuminate\\Console\\Application.php(94): Symfony\\Component\\Console\\Application->run(Object(Symfony\\Component\\Console\\Input\\ArgvInput), Object(Symfony\\Component\\Console\\Output\\ConsoleOutput))
#4 C:\\laragon\\www\\Firmador\\vendor\\laravel\\framework\\src\\Illuminate\\Foundation\\Console\\Kernel.php(129): Illuminate\\Console\\Application->run(Object(Symfony\\Component\\Console\\Input\\ArgvInput), Object(Symfony\\Component\\Console\\Output\\ConsoleOutput))
#5 C:\\laragon\\www\\Firmador\\artisan(37): Illuminate\\Foundation\\Console\\Kernel->handle(Object(Symfony\\Component\\Console\\Input\\ArgvInput), Object(Symfony\\Component\\Console\\Output\\ConsoleOutput))
#6 {main}
"} 
[2024-05-10 00:58:23] local.ERROR: There are no commands defined in the "ide-helper" namespace. {"exception":"[object] (Symfony\\Component\\Console\\Exception\\NamespaceNotFoundException(code: 0): There are no commands defined in the \"ide-helper\" namespace. at C:\\laragon\\www\\Firmador\\vendor\\symfony\\console\\Application.php:650)
[stacktrace]
#0 C:\\laragon\\www\\Firmador\\vendor\\symfony\\console\\Application.php(701): Symfony\\Component\\Console\\Application->findNamespace('ide-helper')
#1 C:\\laragon\\www\\Firmador\\vendor\\symfony\\console\\Application.php(259): Symfony\\Component\\Console\\Application->find('ide-helper:gene...')
#2 C:\\laragon\\www\\Firmador\\vendor\\symfony\\console\\Application.php(171): Symfony\\Component\\Console\\Application->doRun(Object(Symfony\\Component\\Console\\Input\\ArgvInput), Object(Symfony\\Component\\Console\\Output\\ConsoleOutput))
#3 C:\\laragon\\www\\Firmador\\vendor\\laravel\\framework\\src\\Illuminate\\Console\\Application.php(94): Symfony\\Component\\Console\\Application->run(Object(Symfony\\Component\\Console\\Input\\ArgvInput), Object(Symfony\\Component\\Console\\Output\\ConsoleOutput))
#4 C:\\laragon\\www\\Firmador\\vendor\\laravel\\framework\\src\\Illuminate\\Foundation\\Console\\Kernel.php(129): Illuminate\\Console\\Application->run(Object(Symfony\\Component\\Console\\Input\\ArgvInput), Object(Symfony\\Component\\Console\\Output\\ConsoleOutput))
#5 C:\\laragon\\www\\Firmador\\artisan(37): Illuminate\\Foundation\\Console\\Kernel->handle(Object(Symfony\\Component\\Console\\Input\\ArgvInput), Object(Symfony\\Component\\Console\\Output\\ConsoleOutput))
#6 {main}
"} 
[2024-05-10 00:58:23] local.ERROR: There are no commands defined in the "ide-helper" namespace. {"exception":"[object] (Symfony\\Component\\Console\\Exception\\NamespaceNotFoundException(code: 0): There are no commands defined in the \"ide-helper\" namespace. at C:\\laragon\\www\\Firmador\\vendor\\symfony\\console\\Application.php:650)
[stacktrace]
#0 C:\\laragon\\www\\Firmador\\vendor\\symfony\\console\\Application.php(701): Symfony\\Component\\Console\\Application->findNamespace('ide-helper')
#1 C:\\laragon\\www\\Firmador\\vendor\\symfony\\console\\Application.php(259): Symfony\\Component\\Console\\Application->find('ide-helper:gene...')
#2 C:\\laragon\\www\\Firmador\\vendor\\symfony\\console\\Application.php(171): Symfony\\Component\\Console\\Application->doRun(Object(Symfony\\Component\\Console\\Input\\ArgvInput), Object(Symfony\\Component\\Console\\Output\\ConsoleOutput))
#3 C:\\laragon\\www\\Firmador\\vendor\\laravel\\framework\\src\\Illuminate\\Console\\Application.php(94): Symfony\\Component\\Console\\Application->run(Object(Symfony\\Component\\Console\\Input\\ArgvInput), Object(Symfony\\Component\\Console\\Output\\ConsoleOutput))
#4 C:\\laragon\\www\\Firmador\\vendor\\laravel\\framework\\src\\Illuminate\\Foundation\\Console\\Kernel.php(129): Illuminate\\Console\\Application->run(Object(Symfony\\Component\\Console\\Input\\ArgvInput), Object(Symfony\\Component\\Console\\Output\\ConsoleOutput))
#5 C:\\laragon\\www\\Firmador\\artisan(37): Illuminate\\Foundation\\Console\\Kernel->handle(Object(Symfony\\Component\\Console\\Input\\ArgvInput), Object(Symfony\\Component\\Console\\Output\\ConsoleOutput))
#6 {main}
"} 
[2024-05-10 00:58:40] local.ERROR: There are no commands defined in the "ide-helper" namespace. {"exception":"[object] (Symfony\\Component\\Console\\Exception\\NamespaceNotFoundException(code: 0): There are no commands defined in the \"ide-helper\" namespace. at C:\\laragon\\www\\Firmador\\vendor\\symfony\\console\\Application.php:650)
[stacktrace]
#0 C:\\laragon\\www\\Firmador\\vendor\\symfony\\console\\Application.php(701): Symfony\\Component\\Console\\Application->findNamespace('ide-helper')
#1 C:\\laragon\\www\\Firmador\\vendor\\symfony\\console\\Application.php(259): Symfony\\Component\\Console\\Application->find('ide-helper:gene...')
#2 C:\\laragon\\www\\Firmador\\vendor\\symfony\\console\\Application.php(171): Symfony\\Component\\Console\\Application->doRun(Object(Symfony\\Component\\Console\\Input\\ArgvInput), Object(Symfony\\Component\\Console\\Output\\ConsoleOutput))
#3 C:\\laragon\\www\\Firmador\\vendor\\laravel\\framework\\src\\Illuminate\\Console\\Application.php(94): Symfony\\Component\\Console\\Application->run(Object(Symfony\\Component\\Console\\Input\\ArgvInput), Object(Symfony\\Component\\Console\\Output\\ConsoleOutput))
#4 C:\\laragon\\www\\Firmador\\vendor\\laravel\\framework\\src\\Illuminate\\Foundation\\Console\\Kernel.php(129): Illuminate\\Console\\Application->run(Object(Symfony\\Component\\Console\\Input\\ArgvInput), Object(Symfony\\Component\\Console\\Output\\ConsoleOutput))
#5 C:\\laragon\\www\\Firmador\\artisan(37): Illuminate\\Foundation\\Console\\Kernel->handle(Object(Symfony\\Component\\Console\\Input\\ArgvInput), Object(Symfony\\Component\\Console\\Output\\ConsoleOutput))
#6 {main}
"} 
[2024-05-10 00:58:40] local.ERROR: There are no commands defined in the "ide-helper" namespace. {"exception":"[object] (Symfony\\Component\\Console\\Exception\\NamespaceNotFoundException(code: 0): There are no commands defined in the \"ide-helper\" namespace. at C:\\laragon\\www\\Firmador\\vendor\\symfony\\console\\Application.php:650)
[stacktrace]
#0 C:\\laragon\\www\\Firmador\\vendor\\symfony\\console\\Application.php(701): Symfony\\Component\\Console\\Application->findNamespace('ide-helper')
#1 C:\\laragon\\www\\Firmador\\vendor\\symfony\\console\\Application.php(259): Symfony\\Component\\Console\\Application->find('ide-helper:gene...')
#2 C:\\laragon\\www\\Firmador\\vendor\\symfony\\console\\Application.php(171): Symfony\\Component\\Console\\Application->doRun(Object(Symfony\\Component\\Console\\Input\\ArgvInput), Object(Symfony\\Component\\Console\\Output\\ConsoleOutput))
#3 C:\\laragon\\www\\Firmador\\vendor\\laravel\\framework\\src\\Illuminate\\Console\\Application.php(94): Symfony\\Component\\Console\\Application->run(Object(Symfony\\Component\\Console\\Input\\ArgvInput), Object(Symfony\\Component\\Console\\Output\\ConsoleOutput))
#4 C:\\laragon\\www\\Firmador\\vendor\\laravel\\framework\\src\\Illuminate\\Foundation\\Console\\Kernel.php(129): Illuminate\\Console\\Application->run(Object(Symfony\\Component\\Console\\Input\\ArgvInput), Object(Symfony\\Component\\Console\\Output\\ConsoleOutput))
#5 C:\\laragon\\www\\Firmador\\artisan(37): Illuminate\\Foundation\\Console\\Kernel->handle(Object(Symfony\\Component\\Console\\Input\\ArgvInput), Object(Symfony\\Component\\Console\\Output\\ConsoleOutput))
#6 {main}
"} 
[2024-05-10 01:22:54] local.ERROR: There are no commands defined in the "ide-helper" namespace. {"exception":"[object] (Symfony\\Component\\Console\\Exception\\NamespaceNotFoundException(code: 0): There are no commands defined in the \"ide-helper\" namespace. at C:\\laragon\\www\\Firmador\\vendor\\symfony\\console\\Application.php:650)
[stacktrace]
#0 C:\\laragon\\www\\Firmador\\vendor\\symfony\\console\\Application.php(701): Symfony\\Component\\Console\\Application->findNamespace('ide-helper')
#1 C:\\laragon\\www\\Firmador\\vendor\\symfony\\console\\Application.php(259): Symfony\\Component\\Console\\Application->find('ide-helper:gene...')
#2 C:\\laragon\\www\\Firmador\\vendor\\symfony\\console\\Application.php(171): Symfony\\Component\\Console\\Application->doRun(Object(Symfony\\Component\\Console\\Input\\ArgvInput), Object(Symfony\\Component\\Console\\Output\\ConsoleOutput))
#3 C:\\laragon\\www\\Firmador\\vendor\\laravel\\framework\\src\\Illuminate\\Console\\Application.php(94): Symfony\\Component\\Console\\Application->run(Object(Symfony\\Component\\Console\\Input\\ArgvInput), Object(Symfony\\Component\\Console\\Output\\ConsoleOutput))
#4 C:\\laragon\\www\\Firmador\\vendor\\laravel\\framework\\src\\Illuminate\\Foundation\\Console\\Kernel.php(129): Illuminate\\Console\\Application->run(Object(Symfony\\Component\\Console\\Input\\ArgvInput), Object(Symfony\\Component\\Console\\Output\\ConsoleOutput))
#5 C:\\laragon\\www\\Firmador\\artisan(37): Illuminate\\Foundation\\Console\\Kernel->handle(Object(Symfony\\Component\\Console\\Input\\ArgvInput), Object(Symfony\\Component\\Console\\Output\\ConsoleOutput))
#6 {main}
"} 
[2024-05-10 01:24:00] local.ERROR: There are no commands defined in the "ide-helper" namespace. {"exception":"[object] (Symfony\\Component\\Console\\Exception\\NamespaceNotFoundException(code: 0): There are no commands defined in the \"ide-helper\" namespace. at C:\\laragon\\www\\Firmador\\vendor\\symfony\\console\\Application.php:650)
[stacktrace]
#0 C:\\laragon\\www\\Firmador\\vendor\\symfony\\console\\Application.php(701): Symfony\\Component\\Console\\Application->findNamespace('ide-helper')
#1 C:\\laragon\\www\\Firmador\\vendor\\symfony\\console\\Application.php(259): Symfony\\Component\\Console\\Application->find('ide-helper:gene...')
#2 C:\\laragon\\www\\Firmador\\vendor\\symfony\\console\\Application.php(171): Symfony\\Component\\Console\\Application->doRun(Object(Symfony\\Component\\Console\\Input\\ArgvInput), Object(Symfony\\Component\\Console\\Output\\ConsoleOutput))
#3 C:\\laragon\\www\\Firmador\\vendor\\laravel\\framework\\src\\Illuminate\\Console\\Application.php(94): Symfony\\Component\\Console\\Application->run(Object(Symfony\\Component\\Console\\Input\\ArgvInput), Object(Symfony\\Component\\Console\\Output\\ConsoleOutput))
#4 C:\\laragon\\www\\Firmador\\vendor\\laravel\\framework\\src\\Illuminate\\Foundation\\Console\\Kernel.php(129): Illuminate\\Console\\Application->run(Object(Symfony\\Component\\Console\\Input\\ArgvInput), Object(Symfony\\Component\\Console\\Output\\ConsoleOutput))
#5 C:\\laragon\\www\\Firmador\\artisan(37): Illuminate\\Foundation\\Console\\Kernel->handle(Object(Symfony\\Component\\Console\\Input\\ArgvInput), Object(Symfony\\Component\\Console\\Output\\ConsoleOutput))
#6 {main}
"} 
[2024-05-10 01:24:00] local.ERROR: There are no commands defined in the "ide-helper" namespace. {"exception":"[object] (Symfony\\Component\\Console\\Exception\\NamespaceNotFoundException(code: 0): There are no commands defined in the \"ide-helper\" namespace. at C:\\laragon\\www\\Firmador\\vendor\\symfony\\console\\Application.php:650)
[stacktrace]
#0 C:\\laragon\\www\\Firmador\\vendor\\symfony\\console\\Application.php(701): Symfony\\Component\\Console\\Application->findNamespace('ide-helper')
#1 C:\\laragon\\www\\Firmador\\vendor\\symfony\\console\\Application.php(259): Symfony\\Component\\Console\\Application->find('ide-helper:gene...')
#2 C:\\laragon\\www\\Firmador\\vendor\\symfony\\console\\Application.php(171): Symfony\\Component\\Console\\Application->doRun(Object(Symfony\\Component\\Console\\Input\\ArgvInput), Object(Symfony\\Component\\Console\\Output\\ConsoleOutput))
#3 C:\\laragon\\www\\Firmador\\vendor\\laravel\\framework\\src\\Illuminate\\Console\\Application.php(94): Symfony\\Component\\Console\\Application->run(Object(Symfony\\Component\\Console\\Input\\ArgvInput), Object(Symfony\\Component\\Console\\Output\\ConsoleOutput))
#4 C:\\laragon\\www\\Firmador\\vendor\\laravel\\framework\\src\\Illuminate\\Foundation\\Console\\Kernel.php(129): Illuminate\\Console\\Application->run(Object(Symfony\\Component\\Console\\Input\\ArgvInput), Object(Symfony\\Component\\Console\\Output\\ConsoleOutput))
#5 C:\\laragon\\www\\Firmador\\artisan(37): Illuminate\\Foundation\\Console\\Kernel->handle(Object(Symfony\\Component\\Console\\Input\\ArgvInput), Object(Symfony\\Component\\Console\\Output\\ConsoleOutput))
#6 {main}
"} 
[2024-05-10 01:24:00] local.ERROR: There are no commands defined in the "ide-helper" namespace. {"exception":"[object] (Symfony\\Component\\Console\\Exception\\NamespaceNotFoundException(code: 0): There are no commands defined in the \"ide-helper\" namespace. at C:\\laragon\\www\\Firmador\\vendor\\symfony\\console\\Application.php:650)
[stacktrace]
#0 C:\\laragon\\www\\Firmador\\vendor\\symfony\\console\\Application.php(701): Symfony\\Component\\Console\\Application->findNamespace('ide-helper')
#1 C:\\laragon\\www\\Firmador\\vendor\\symfony\\console\\Application.php(259): Symfony\\Component\\Console\\Application->find('ide-helper:gene...')
#2 C:\\laragon\\www\\Firmador\\vendor\\symfony\\console\\Application.php(171): Symfony\\Component\\Console\\Application->doRun(Object(Symfony\\Component\\Console\\Input\\ArgvInput), Object(Symfony\\Component\\Console\\Output\\ConsoleOutput))
#3 C:\\laragon\\www\\Firmador\\vendor\\laravel\\framework\\src\\Illuminate\\Console\\Application.php(94): Symfony\\Component\\Console\\Application->run(Object(Symfony\\Component\\Console\\Input\\ArgvInput), Object(Symfony\\Component\\Console\\Output\\ConsoleOutput))
#4 C:\\laragon\\www\\Firmador\\vendor\\laravel\\framework\\src\\Illuminate\\Foundation\\Console\\Kernel.php(129): Illuminate\\Console\\Application->run(Object(Symfony\\Component\\Console\\Input\\ArgvInput), Object(Symfony\\Component\\Console\\Output\\ConsoleOutput))
#5 C:\\laragon\\www\\Firmador\\artisan(37): Illuminate\\Foundation\\Console\\Kernel->handle(Object(Symfony\\Component\\Console\\Input\\ArgvInput), Object(Symfony\\Component\\Console\\Output\\ConsoleOutput))
#6 {main}
"} 
[2024-05-10 01:24:10] local.ERROR: There are no commands defined in the "ide-helper" namespace. {"exception":"[object] (Symfony\\Component\\Console\\Exception\\NamespaceNotFoundException(code: 0): There are no commands defined in the \"ide-helper\" namespace. at C:\\laragon\\www\\Firmador\\vendor\\symfony\\console\\Application.php:650)
[stacktrace]
#0 C:\\laragon\\www\\Firmador\\vendor\\symfony\\console\\Application.php(701): Symfony\\Component\\Console\\Application->findNamespace('ide-helper')
#1 C:\\laragon\\www\\Firmador\\vendor\\symfony\\console\\Application.php(259): Symfony\\Component\\Console\\Application->find('ide-helper:gene...')
#2 C:\\laragon\\www\\Firmador\\vendor\\symfony\\console\\Application.php(171): Symfony\\Component\\Console\\Application->doRun(Object(Symfony\\Component\\Console\\Input\\ArgvInput), Object(Symfony\\Component\\Console\\Output\\ConsoleOutput))
#3 C:\\laragon\\www\\Firmador\\vendor\\laravel\\framework\\src\\Illuminate\\Console\\Application.php(94): Symfony\\Component\\Console\\Application->run(Object(Symfony\\Component\\Console\\Input\\ArgvInput), Object(Symfony\\Component\\Console\\Output\\ConsoleOutput))
#4 C:\\laragon\\www\\Firmador\\vendor\\laravel\\framework\\src\\Illuminate\\Foundation\\Console\\Kernel.php(129): Illuminate\\Console\\Application->run(Object(Symfony\\Component\\Console\\Input\\ArgvInput), Object(Symfony\\Component\\Console\\Output\\ConsoleOutput))
#5 C:\\laragon\\www\\Firmador\\artisan(37): Illuminate\\Foundation\\Console\\Kernel->handle(Object(Symfony\\Component\\Console\\Input\\ArgvInput), Object(Symfony\\Component\\Console\\Output\\ConsoleOutput))
#6 {main}
"} 
[2024-05-10 01:24:57] local.ERROR: There are no commands defined in the "ide-helper" namespace. {"exception":"[object] (Symfony\\Component\\Console\\Exception\\NamespaceNotFoundException(code: 0): There are no commands defined in the \"ide-helper\" namespace. at C:\\laragon\\www\\Firmador\\vendor\\symfony\\console\\Application.php:650)
[stacktrace]
#0 C:\\laragon\\www\\Firmador\\vendor\\symfony\\console\\Application.php(701): Symfony\\Component\\Console\\Application->findNamespace('ide-helper')
#1 C:\\laragon\\www\\Firmador\\vendor\\symfony\\console\\Application.php(259): Symfony\\Component\\Console\\Application->find('ide-helper:gene...')
#2 C:\\laragon\\www\\Firmador\\vendor\\symfony\\console\\Application.php(171): Symfony\\Component\\Console\\Application->doRun(Object(Symfony\\Component\\Console\\Input\\ArgvInput), Object(Symfony\\Component\\Console\\Output\\ConsoleOutput))
#3 C:\\laragon\\www\\Firmador\\vendor\\laravel\\framework\\src\\Illuminate\\Console\\Application.php(94): Symfony\\Component\\Console\\Application->run(Object(Symfony\\Component\\Console\\Input\\ArgvInput), Object(Symfony\\Component\\Console\\Output\\ConsoleOutput))
#4 C:\\laragon\\www\\Firmador\\vendor\\laravel\\framework\\src\\Illuminate\\Foundation\\Console\\Kernel.php(129): Illuminate\\Console\\Application->run(Object(Symfony\\Component\\Console\\Input\\ArgvInput), Object(Symfony\\Component\\Console\\Output\\ConsoleOutput))
#5 C:\\laragon\\www\\Firmador\\artisan(37): Illuminate\\Foundation\\Console\\Kernel->handle(Object(Symfony\\Component\\Console\\Input\\ArgvInput), Object(Symfony\\Component\\Console\\Output\\ConsoleOutput))
#6 {main}
"} 
[2024-05-10 01:24:57] local.ERROR: There are no commands defined in the "ide-helper" namespace. {"exception":"[object] (Symfony\\Component\\Console\\Exception\\NamespaceNotFoundException(code: 0): There are no commands defined in the \"ide-helper\" namespace. at C:\\laragon\\www\\Firmador\\vendor\\symfony\\console\\Application.php:650)
[stacktrace]
#0 C:\\laragon\\www\\Firmador\\vendor\\symfony\\console\\Application.php(701): Symfony\\Component\\Console\\Application->findNamespace('ide-helper')
#1 C:\\laragon\\www\\Firmador\\vendor\\symfony\\console\\Application.php(259): Symfony\\Component\\Console\\Application->find('ide-helper:gene...')
#2 C:\\laragon\\www\\Firmador\\vendor\\symfony\\console\\Application.php(171): Symfony\\Component\\Console\\Application->doRun(Object(Symfony\\Component\\Console\\Input\\ArgvInput), Object(Symfony\\Component\\Console\\Output\\ConsoleOutput))
#3 C:\\laragon\\www\\Firmador\\vendor\\laravel\\framework\\src\\Illuminate\\Console\\Application.php(94): Symfony\\Component\\Console\\Application->run(Object(Symfony\\Component\\Console\\Input\\ArgvInput), Object(Symfony\\Component\\Console\\Output\\ConsoleOutput))
#4 C:\\laragon\\www\\Firmador\\vendor\\laravel\\framework\\src\\Illuminate\\Foundation\\Console\\Kernel.php(129): Illuminate\\Console\\Application->run(Object(Symfony\\Component\\Console\\Input\\ArgvInput), Object(Symfony\\Component\\Console\\Output\\ConsoleOutput))
#5 C:\\laragon\\www\\Firmador\\artisan(37): Illuminate\\Foundation\\Console\\Kernel->handle(Object(Symfony\\Component\\Console\\Input\\ArgvInput), Object(Symfony\\Component\\Console\\Output\\ConsoleOutput))
#6 {main}
"} 
[2024-05-10 01:25:05] local.ERROR: There are no commands defined in the "ide-helper" namespace. {"exception":"[object] (Symfony\\Component\\Console\\Exception\\NamespaceNotFoundException(code: 0): There are no commands defined in the \"ide-helper\" namespace. at C:\\laragon\\www\\Firmador\\vendor\\symfony\\console\\Application.php:650)
[stacktrace]
#0 C:\\laragon\\www\\Firmador\\vendor\\symfony\\console\\Application.php(701): Symfony\\Component\\Console\\Application->findNamespace('ide-helper')
#1 C:\\laragon\\www\\Firmador\\vendor\\symfony\\console\\Application.php(259): Symfony\\Component\\Console\\Application->find('ide-helper:gene...')
#2 C:\\laragon\\www\\Firmador\\vendor\\symfony\\console\\Application.php(171): Symfony\\Component\\Console\\Application->doRun(Object(Symfony\\Component\\Console\\Input\\ArgvInput), Object(Symfony\\Component\\Console\\Output\\ConsoleOutput))
#3 C:\\laragon\\www\\Firmador\\vendor\\laravel\\framework\\src\\Illuminate\\Console\\Application.php(94): Symfony\\Component\\Console\\Application->run(Object(Symfony\\Component\\Console\\Input\\ArgvInput), Object(Symfony\\Component\\Console\\Output\\ConsoleOutput))
#4 C:\\laragon\\www\\Firmador\\vendor\\laravel\\framework\\src\\Illuminate\\Foundation\\Console\\Kernel.php(129): Illuminate\\Console\\Application->run(Object(Symfony\\Component\\Console\\Input\\ArgvInput), Object(Symfony\\Component\\Console\\Output\\ConsoleOutput))
#5 C:\\laragon\\www\\Firmador\\artisan(37): Illuminate\\Foundation\\Console\\Kernel->handle(Object(Symfony\\Component\\Console\\Input\\ArgvInput), Object(Symfony\\Component\\Console\\Output\\ConsoleOutput))
#6 {main}
"} 
[2024-05-10 01:25:05] local.ERROR: There are no commands defined in the "ide-helper" namespace. {"exception":"[object] (Symfony\\Component\\Console\\Exception\\NamespaceNotFoundException(code: 0): There are no commands defined in the \"ide-helper\" namespace. at C:\\laragon\\www\\Firmador\\vendor\\symfony\\console\\Application.php:650)
[stacktrace]
#0 C:\\laragon\\www\\Firmador\\vendor\\symfony\\console\\Application.php(701): Symfony\\Component\\Console\\Application->findNamespace('ide-helper')
#1 C:\\laragon\\www\\Firmador\\vendor\\symfony\\console\\Application.php(259): Symfony\\Component\\Console\\Application->find('ide-helper:gene...')
#2 C:\\laragon\\www\\Firmador\\vendor\\symfony\\console\\Application.php(171): Symfony\\Component\\Console\\Application->doRun(Object(Symfony\\Component\\Console\\Input\\ArgvInput), Object(Symfony\\Component\\Console\\Output\\ConsoleOutput))
#3 C:\\laragon\\www\\Firmador\\vendor\\laravel\\framework\\src\\Illuminate\\Console\\Application.php(94): Symfony\\Component\\Console\\Application->run(Object(Symfony\\Component\\Console\\Input\\ArgvInput), Object(Symfony\\Component\\Console\\Output\\ConsoleOutput))
#4 C:\\laragon\\www\\Firmador\\vendor\\laravel\\framework\\src\\Illuminate\\Foundation\\Console\\Kernel.php(129): Illuminate\\Console\\Application->run(Object(Symfony\\Component\\Console\\Input\\ArgvInput), Object(Symfony\\Component\\Console\\Output\\ConsoleOutput))
#5 C:\\laragon\\www\\Firmador\\artisan(37): Illuminate\\Foundation\\Console\\Kernel->handle(Object(Symfony\\Component\\Console\\Input\\ArgvInput), Object(Symfony\\Component\\Console\\Output\\ConsoleOutput))
#6 {main}
"} 
[2024-05-10 01:25:05] local.ERROR: There are no commands defined in the "ide-helper" namespace. {"exception":"[object] (Symfony\\Component\\Console\\Exception\\NamespaceNotFoundException(code: 0): There are no commands defined in the \"ide-helper\" namespace. at C:\\laragon\\www\\Firmador\\vendor\\symfony\\console\\Application.php:650)
[stacktrace]
#0 C:\\laragon\\www\\Firmador\\vendor\\symfony\\console\\Application.php(701): Symfony\\Component\\Console\\Application->findNamespace('ide-helper')
#1 C:\\laragon\\www\\Firmador\\vendor\\symfony\\console\\Application.php(259): Symfony\\Component\\Console\\Application->find('ide-helper:gene...')
#2 C:\\laragon\\www\\Firmador\\vendor\\symfony\\console\\Application.php(171): Symfony\\Component\\Console\\Application->doRun(Object(Symfony\\Component\\Console\\Input\\ArgvInput), Object(Symfony\\Component\\Console\\Output\\ConsoleOutput))
#3 C:\\laragon\\www\\Firmador\\vendor\\laravel\\framework\\src\\Illuminate\\Console\\Application.php(94): Symfony\\Component\\Console\\Application->run(Object(Symfony\\Component\\Console\\Input\\ArgvInput), Object(Symfony\\Component\\Console\\Output\\ConsoleOutput))
#4 C:\\laragon\\www\\Firmador\\vendor\\laravel\\framework\\src\\Illuminate\\Foundation\\Console\\Kernel.php(129): Illuminate\\Console\\Application->run(Object(Symfony\\Component\\Console\\Input\\ArgvInput), Object(Symfony\\Component\\Console\\Output\\ConsoleOutput))
#5 C:\\laragon\\www\\Firmador\\artisan(37): Illuminate\\Foundation\\Console\\Kernel->handle(Object(Symfony\\Component\\Console\\Input\\ArgvInput), Object(Symfony\\Component\\Console\\Output\\ConsoleOutput))
#6 {main}
"} 
[2024-05-10 01:25:17] local.ERROR: There are no commands defined in the "ide-helper" namespace. {"exception":"[object] (Symfony\\Component\\Console\\Exception\\NamespaceNotFoundException(code: 0): There are no commands defined in the \"ide-helper\" namespace. at C:\\laragon\\www\\Firmador\\vendor\\symfony\\console\\Application.php:650)
[stacktrace]
#0 C:\\laragon\\www\\Firmador\\vendor\\symfony\\console\\Application.php(701): Symfony\\Component\\Console\\Application->findNamespace('ide-helper')
#1 C:\\laragon\\www\\Firmador\\vendor\\symfony\\console\\Application.php(259): Symfony\\Component\\Console\\Application->find('ide-helper:gene...')
#2 C:\\laragon\\www\\Firmador\\vendor\\symfony\\console\\Application.php(171): Symfony\\Component\\Console\\Application->doRun(Object(Symfony\\Component\\Console\\Input\\ArgvInput), Object(Symfony\\Component\\Console\\Output\\ConsoleOutput))
#3 C:\\laragon\\www\\Firmador\\vendor\\laravel\\framework\\src\\Illuminate\\Console\\Application.php(94): Symfony\\Component\\Console\\Application->run(Object(Symfony\\Component\\Console\\Input\\ArgvInput), Object(Symfony\\Component\\Console\\Output\\ConsoleOutput))
#4 C:\\laragon\\www\\Firmador\\vendor\\laravel\\framework\\src\\Illuminate\\Foundation\\Console\\Kernel.php(129): Illuminate\\Console\\Application->run(Object(Symfony\\Component\\Console\\Input\\ArgvInput), Object(Symfony\\Component\\Console\\Output\\ConsoleOutput))
#5 C:\\laragon\\www\\Firmador\\artisan(37): Illuminate\\Foundation\\Console\\Kernel->handle(Object(Symfony\\Component\\Console\\Input\\ArgvInput), Object(Symfony\\Component\\Console\\Output\\ConsoleOutput))
#6 {main}
"} 
[2024-05-10 01:25:17] local.ERROR: There are no commands defined in the "ide-helper" namespace. {"exception":"[object] (Symfony\\Component\\Console\\Exception\\NamespaceNotFoundException(code: 0): There are no commands defined in the \"ide-helper\" namespace. at C:\\laragon\\www\\Firmador\\vendor\\symfony\\console\\Application.php:650)
[stacktrace]
#0 C:\\laragon\\www\\Firmador\\vendor\\symfony\\console\\Application.php(701): Symfony\\Component\\Console\\Application->findNamespace('ide-helper')
#1 C:\\laragon\\www\\Firmador\\vendor\\symfony\\console\\Application.php(259): Symfony\\Component\\Console\\Application->find('ide-helper:gene...')
#2 C:\\laragon\\www\\Firmador\\vendor\\symfony\\console\\Application.php(171): Symfony\\Component\\Console\\Application->doRun(Object(Symfony\\Component\\Console\\Input\\ArgvInput), Object(Symfony\\Component\\Console\\Output\\ConsoleOutput))
#3 C:\\laragon\\www\\Firmador\\vendor\\laravel\\framework\\src\\Illuminate\\Console\\Application.php(94): Symfony\\Component\\Console\\Application->run(Object(Symfony\\Component\\Console\\Input\\ArgvInput), Object(Symfony\\Component\\Console\\Output\\ConsoleOutput))
#4 C:\\laragon\\www\\Firmador\\vendor\\laravel\\framework\\src\\Illuminate\\Foundation\\Console\\Kernel.php(129): Illuminate\\Console\\Application->run(Object(Symfony\\Component\\Console\\Input\\ArgvInput), Object(Symfony\\Component\\Console\\Output\\ConsoleOutput))
#5 C:\\laragon\\www\\Firmador\\artisan(37): Illuminate\\Foundation\\Console\\Kernel->handle(Object(Symfony\\Component\\Console\\Input\\ArgvInput), Object(Symfony\\Component\\Console\\Output\\ConsoleOutput))
#6 {main}
"} 
[2024-05-10 01:25:22] local.ERROR: There are no commands defined in the "ide-helper" namespace. {"exception":"[object] (Symfony\\Component\\Console\\Exception\\NamespaceNotFoundException(code: 0): There are no commands defined in the \"ide-helper\" namespace. at C:\\laragon\\www\\Firmador\\vendor\\symfony\\console\\Application.php:650)
[stacktrace]
#0 C:\\laragon\\www\\Firmador\\vendor\\symfony\\console\\Application.php(701): Symfony\\Component\\Console\\Application->findNamespace('ide-helper')
#1 C:\\laragon\\www\\Firmador\\vendor\\symfony\\console\\Application.php(259): Symfony\\Component\\Console\\Application->find('ide-helper:gene...')
#2 C:\\laragon\\www\\Firmador\\vendor\\symfony\\console\\Application.php(171): Symfony\\Component\\Console\\Application->doRun(Object(Symfony\\Component\\Console\\Input\\ArgvInput), Object(Symfony\\Component\\Console\\Output\\ConsoleOutput))
#3 C:\\laragon\\www\\Firmador\\vendor\\laravel\\framework\\src\\Illuminate\\Console\\Application.php(94): Symfony\\Component\\Console\\Application->run(Object(Symfony\\Component\\Console\\Input\\ArgvInput), Object(Symfony\\Component\\Console\\Output\\ConsoleOutput))
#4 C:\\laragon\\www\\Firmador\\vendor\\laravel\\framework\\src\\Illuminate\\Foundation\\Console\\Kernel.php(129): Illuminate\\Console\\Application->run(Object(Symfony\\Component\\Console\\Input\\ArgvInput), Object(Symfony\\Component\\Console\\Output\\ConsoleOutput))
#5 C:\\laragon\\www\\Firmador\\artisan(37): Illuminate\\Foundation\\Console\\Kernel->handle(Object(Symfony\\Component\\Console\\Input\\ArgvInput), Object(Symfony\\Component\\Console\\Output\\ConsoleOutput))
#6 {main}
"} 
[2024-05-10 01:25:22] local.ERROR: There are no commands defined in the "ide-helper" namespace. {"exception":"[object] (Symfony\\Component\\Console\\Exception\\NamespaceNotFoundException(code: 0): There are no commands defined in the \"ide-helper\" namespace. at C:\\laragon\\www\\Firmador\\vendor\\symfony\\console\\Application.php:650)
[stacktrace]
#0 C:\\laragon\\www\\Firmador\\vendor\\symfony\\console\\Application.php(701): Symfony\\Component\\Console\\Application->findNamespace('ide-helper')
#1 C:\\laragon\\www\\Firmador\\vendor\\symfony\\console\\Application.php(259): Symfony\\Component\\Console\\Application->find('ide-helper:gene...')
#2 C:\\laragon\\www\\Firmador\\vendor\\symfony\\console\\Application.php(171): Symfony\\Component\\Console\\Application->doRun(Object(Symfony\\Component\\Console\\Input\\ArgvInput), Object(Symfony\\Component\\Console\\Output\\ConsoleOutput))
#3 C:\\laragon\\www\\Firmador\\vendor\\laravel\\framework\\src\\Illuminate\\Console\\Application.php(94): Symfony\\Component\\Console\\Application->run(Object(Symfony\\Component\\Console\\Input\\ArgvInput), Object(Symfony\\Component\\Console\\Output\\ConsoleOutput))
#4 C:\\laragon\\www\\Firmador\\vendor\\laravel\\framework\\src\\Illuminate\\Foundation\\Console\\Kernel.php(129): Illuminate\\Console\\Application->run(Object(Symfony\\Component\\Console\\Input\\ArgvInput), Object(Symfony\\Component\\Console\\Output\\ConsoleOutput))
#5 C:\\laragon\\www\\Firmador\\artisan(37): Illuminate\\Foundation\\Console\\Kernel->handle(Object(Symfony\\Component\\Console\\Input\\ArgvInput), Object(Symfony\\Component\\Console\\Output\\ConsoleOutput))
#6 {main}
"} 
[2024-05-10 01:25:47] local.ERROR: There are no commands defined in the "ide-helper" namespace. {"exception":"[object] (Symfony\\Component\\Console\\Exception\\NamespaceNotFoundException(code: 0): There are no commands defined in the \"ide-helper\" namespace. at C:\\laragon\\www\\Firmador\\vendor\\symfony\\console\\Application.php:650)
[stacktrace]
#0 C:\\laragon\\www\\Firmador\\vendor\\symfony\\console\\Application.php(701): Symfony\\Component\\Console\\Application->findNamespace('ide-helper')
#1 C:\\laragon\\www\\Firmador\\vendor\\symfony\\console\\Application.php(259): Symfony\\Component\\Console\\Application->find('ide-helper:gene...')
#2 C:\\laragon\\www\\Firmador\\vendor\\symfony\\console\\Application.php(171): Symfony\\Component\\Console\\Application->doRun(Object(Symfony\\Component\\Console\\Input\\ArgvInput), Object(Symfony\\Component\\Console\\Output\\ConsoleOutput))
#3 C:\\laragon\\www\\Firmador\\vendor\\laravel\\framework\\src\\Illuminate\\Console\\Application.php(94): Symfony\\Component\\Console\\Application->run(Object(Symfony\\Component\\Console\\Input\\ArgvInput), Object(Symfony\\Component\\Console\\Output\\ConsoleOutput))
#4 C:\\laragon\\www\\Firmador\\vendor\\laravel\\framework\\src\\Illuminate\\Foundation\\Console\\Kernel.php(129): Illuminate\\Console\\Application->run(Object(Symfony\\Component\\Console\\Input\\ArgvInput), Object(Symfony\\Component\\Console\\Output\\ConsoleOutput))
#5 C:\\laragon\\www\\Firmador\\artisan(37): Illuminate\\Foundation\\Console\\Kernel->handle(Object(Symfony\\Component\\Console\\Input\\ArgvInput), Object(Symfony\\Component\\Console\\Output\\ConsoleOutput))
#6 {main}
"} 
[2024-05-10 01:25:57] local.ERROR: There are no commands defined in the "ide-helper" namespace. {"exception":"[object] (Symfony\\Component\\Console\\Exception\\NamespaceNotFoundException(code: 0): There are no commands defined in the \"ide-helper\" namespace. at C:\\laragon\\www\\Firmador\\vendor\\symfony\\console\\Application.php:650)
[stacktrace]
#0 C:\\laragon\\www\\Firmador\\vendor\\symfony\\console\\Application.php(701): Symfony\\Component\\Console\\Application->findNamespace('ide-helper')
#1 C:\\laragon\\www\\Firmador\\vendor\\symfony\\console\\Application.php(259): Symfony\\Component\\Console\\Application->find('ide-helper:gene...')
#2 C:\\laragon\\www\\Firmador\\vendor\\symfony\\console\\Application.php(171): Symfony\\Component\\Console\\Application->doRun(Object(Symfony\\Component\\Console\\Input\\ArgvInput), Object(Symfony\\Component\\Console\\Output\\ConsoleOutput))
#3 C:\\laragon\\www\\Firmador\\vendor\\laravel\\framework\\src\\Illuminate\\Console\\Application.php(94): Symfony\\Component\\Console\\Application->run(Object(Symfony\\Component\\Console\\Input\\ArgvInput), Object(Symfony\\Component\\Console\\Output\\ConsoleOutput))
#4 C:\\laragon\\www\\Firmador\\vendor\\laravel\\framework\\src\\Illuminate\\Foundation\\Console\\Kernel.php(129): Illuminate\\Console\\Application->run(Object(Symfony\\Component\\Console\\Input\\ArgvInput), Object(Symfony\\Component\\Console\\Output\\ConsoleOutput))
#5 C:\\laragon\\www\\Firmador\\artisan(37): Illuminate\\Foundation\\Console\\Kernel->handle(Object(Symfony\\Component\\Console\\Input\\ArgvInput), Object(Symfony\\Component\\Console\\Output\\ConsoleOutput))
#6 {main}
"} 
[2024-05-10 01:26:45] local.ERROR: There are no commands defined in the "ide-helper" namespace. {"exception":"[object] (Symfony\\Component\\Console\\Exception\\NamespaceNotFoundException(code: 0): There are no commands defined in the \"ide-helper\" namespace. at C:\\laragon\\www\\Firmador\\vendor\\symfony\\console\\Application.php:650)
[stacktrace]
#0 C:\\laragon\\www\\Firmador\\vendor\\symfony\\console\\Application.php(701): Symfony\\Component\\Console\\Application->findNamespace('ide-helper')
#1 C:\\laragon\\www\\Firmador\\vendor\\symfony\\console\\Application.php(259): Symfony\\Component\\Console\\Application->find('ide-helper:gene...')
#2 C:\\laragon\\www\\Firmador\\vendor\\symfony\\console\\Application.php(171): Symfony\\Component\\Console\\Application->doRun(Object(Symfony\\Component\\Console\\Input\\ArgvInput), Object(Symfony\\Component\\Console\\Output\\ConsoleOutput))
#3 C:\\laragon\\www\\Firmador\\vendor\\laravel\\framework\\src\\Illuminate\\Console\\Application.php(94): Symfony\\Component\\Console\\Application->run(Object(Symfony\\Component\\Console\\Input\\ArgvInput), Object(Symfony\\Component\\Console\\Output\\ConsoleOutput))
#4 C:\\laragon\\www\\Firmador\\vendor\\laravel\\framework\\src\\Illuminate\\Foundation\\Console\\Kernel.php(129): Illuminate\\Console\\Application->run(Object(Symfony\\Component\\Console\\Input\\ArgvInput), Object(Symfony\\Component\\Console\\Output\\ConsoleOutput))
#5 C:\\laragon\\www\\Firmador\\artisan(37): Illuminate\\Foundation\\Console\\Kernel->handle(Object(Symfony\\Component\\Console\\Input\\ArgvInput), Object(Symfony\\Component\\Console\\Output\\ConsoleOutput))
#6 {main}
"} 
[2024-05-10 01:27:03] local.ERROR: There are no commands defined in the "ide-helper" namespace. {"exception":"[object] (Symfony\\Component\\Console\\Exception\\NamespaceNotFoundException(code: 0): There are no commands defined in the \"ide-helper\" namespace. at C:\\laragon\\www\\Firmador\\vendor\\symfony\\console\\Application.php:650)
[stacktrace]
#0 C:\\laragon\\www\\Firmador\\vendor\\symfony\\console\\Application.php(701): Symfony\\Component\\Console\\Application->findNamespace('ide-helper')
#1 C:\\laragon\\www\\Firmador\\vendor\\symfony\\console\\Application.php(259): Symfony\\Component\\Console\\Application->find('ide-helper:gene...')
#2 C:\\laragon\\www\\Firmador\\vendor\\symfony\\console\\Application.php(171): Symfony\\Component\\Console\\Application->doRun(Object(Symfony\\Component\\Console\\Input\\ArgvInput), Object(Symfony\\Component\\Console\\Output\\ConsoleOutput))
#3 C:\\laragon\\www\\Firmador\\vendor\\laravel\\framework\\src\\Illuminate\\Console\\Application.php(94): Symfony\\Component\\Console\\Application->run(Object(Symfony\\Component\\Console\\Input\\ArgvInput), Object(Symfony\\Component\\Console\\Output\\ConsoleOutput))
#4 C:\\laragon\\www\\Firmador\\vendor\\laravel\\framework\\src\\Illuminate\\Foundation\\Console\\Kernel.php(129): Illuminate\\Console\\Application->run(Object(Symfony\\Component\\Console\\Input\\ArgvInput), Object(Symfony\\Component\\Console\\Output\\ConsoleOutput))
#5 C:\\laragon\\www\\Firmador\\artisan(37): Illuminate\\Foundation\\Console\\Kernel->handle(Object(Symfony\\Component\\Console\\Input\\ArgvInput), Object(Symfony\\Component\\Console\\Output\\ConsoleOutput))
#6 {main}
"} 
[2024-05-10 01:27:08] local.ERROR: There are no commands defined in the "ide-helper" namespace. {"exception":"[object] (Symfony\\Component\\Console\\Exception\\NamespaceNotFoundException(code: 0): There are no commands defined in the \"ide-helper\" namespace. at C:\\laragon\\www\\Firmador\\vendor\\symfony\\console\\Application.php:650)
[stacktrace]
#0 C:\\laragon\\www\\Firmador\\vendor\\symfony\\console\\Application.php(701): Symfony\\Component\\Console\\Application->findNamespace('ide-helper')
#1 C:\\laragon\\www\\Firmador\\vendor\\symfony\\console\\Application.php(259): Symfony\\Component\\Console\\Application->find('ide-helper:gene...')
#2 C:\\laragon\\www\\Firmador\\vendor\\symfony\\console\\Application.php(171): Symfony\\Component\\Console\\Application->doRun(Object(Symfony\\Component\\Console\\Input\\ArgvInput), Object(Symfony\\Component\\Console\\Output\\ConsoleOutput))
#3 C:\\laragon\\www\\Firmador\\vendor\\laravel\\framework\\src\\Illuminate\\Console\\Application.php(94): Symfony\\Component\\Console\\Application->run(Object(Symfony\\Component\\Console\\Input\\ArgvInput), Object(Symfony\\Component\\Console\\Output\\ConsoleOutput))
#4 C:\\laragon\\www\\Firmador\\vendor\\laravel\\framework\\src\\Illuminate\\Foundation\\Console\\Kernel.php(129): Illuminate\\Console\\Application->run(Object(Symfony\\Component\\Console\\Input\\ArgvInput), Object(Symfony\\Component\\Console\\Output\\ConsoleOutput))
#5 C:\\laragon\\www\\Firmador\\artisan(37): Illuminate\\Foundation\\Console\\Kernel->handle(Object(Symfony\\Component\\Console\\Input\\ArgvInput), Object(Symfony\\Component\\Console\\Output\\ConsoleOutput))
#6 {main}
"} 
[2024-05-10 01:32:15] local.ERROR: There are no commands defined in the "ide-helper" namespace. {"exception":"[object] (Symfony\\Component\\Console\\Exception\\NamespaceNotFoundException(code: 0): There are no commands defined in the \"ide-helper\" namespace. at C:\\laragon\\www\\Firmador\\vendor\\symfony\\console\\Application.php:650)
[stacktrace]
#0 C:\\laragon\\www\\Firmador\\vendor\\symfony\\console\\Application.php(701): Symfony\\Component\\Console\\Application->findNamespace('ide-helper')
#1 C:\\laragon\\www\\Firmador\\vendor\\symfony\\console\\Application.php(259): Symfony\\Component\\Console\\Application->find('ide-helper:gene...')
#2 C:\\laragon\\www\\Firmador\\vendor\\symfony\\console\\Application.php(171): Symfony\\Component\\Console\\Application->doRun(Object(Symfony\\Component\\Console\\Input\\ArgvInput), Object(Symfony\\Component\\Console\\Output\\ConsoleOutput))
#3 C:\\laragon\\www\\Firmador\\vendor\\laravel\\framework\\src\\Illuminate\\Console\\Application.php(94): Symfony\\Component\\Console\\Application->run(Object(Symfony\\Component\\Console\\Input\\ArgvInput), Object(Symfony\\Component\\Console\\Output\\ConsoleOutput))
#4 C:\\laragon\\www\\Firmador\\vendor\\laravel\\framework\\src\\Illuminate\\Foundation\\Console\\Kernel.php(129): Illuminate\\Console\\Application->run(Object(Symfony\\Component\\Console\\Input\\ArgvInput), Object(Symfony\\Component\\Console\\Output\\ConsoleOutput))
#5 C:\\laragon\\www\\Firmador\\artisan(37): Illuminate\\Foundation\\Console\\Kernel->handle(Object(Symfony\\Component\\Console\\Input\\ArgvInput), Object(Symfony\\Component\\Console\\Output\\ConsoleOutput))
#6 {main}
"} 
[2024-05-10 01:32:15] local.ERROR: There are no commands defined in the "ide-helper" namespace. {"exception":"[object] (Symfony\\Component\\Console\\Exception\\NamespaceNotFoundException(code: 0): There are no commands defined in the \"ide-helper\" namespace. at C:\\laragon\\www\\Firmador\\vendor\\symfony\\console\\Application.php:650)
[stacktrace]
#0 C:\\laragon\\www\\Firmador\\vendor\\symfony\\console\\Application.php(701): Symfony\\Component\\Console\\Application->findNamespace('ide-helper')
#1 C:\\laragon\\www\\Firmador\\vendor\\symfony\\console\\Application.php(259): Symfony\\Component\\Console\\Application->find('ide-helper:gene...')
#2 C:\\laragon\\www\\Firmador\\vendor\\symfony\\console\\Application.php(171): Symfony\\Component\\Console\\Application->doRun(Object(Symfony\\Component\\Console\\Input\\ArgvInput), Object(Symfony\\Component\\Console\\Output\\ConsoleOutput))
#3 C:\\laragon\\www\\Firmador\\vendor\\laravel\\framework\\src\\Illuminate\\Console\\Application.php(94): Symfony\\Component\\Console\\Application->run(Object(Symfony\\Component\\Console\\Input\\ArgvInput), Object(Symfony\\Component\\Console\\Output\\ConsoleOutput))
#4 C:\\laragon\\www\\Firmador\\vendor\\laravel\\framework\\src\\Illuminate\\Foundation\\Console\\Kernel.php(129): Illuminate\\Console\\Application->run(Object(Symfony\\Component\\Console\\Input\\ArgvInput), Object(Symfony\\Component\\Console\\Output\\ConsoleOutput))
#5 C:\\laragon\\www\\Firmador\\artisan(37): Illuminate\\Foundation\\Console\\Kernel->handle(Object(Symfony\\Component\\Console\\Input\\ArgvInput), Object(Symfony\\Component\\Console\\Output\\ConsoleOutput))
#6 {main}
"} 
[2024-07-30 02:46:18] local.ERROR: Target class [App\Http\Controllers\Request] does not exist. {"exception":"[object] (Illuminate\\Contracts\\Container\\BindingResolutionException(code: 0): Target class [App\\Http\\Controllers\\Request] does not exist. at C:\\laragon\\www\\Firmador\\vendor\\laravel\\framework\\src\\Illuminate\\Container\\Container.php:879)
[stacktrace]
#0 C:\\laragon\\www\\Firmador\\vendor\\laravel\\framework\\src\\Illuminate\\Container\\Container.php(758): Illuminate\\Container\\Container->build('App\\\\Http\\\\Contro...')
#1 C:\\laragon\\www\\Firmador\\vendor\\laravel\\framework\\src\\Illuminate\\Foundation\\Application.php(851): Illuminate\\Container\\Container->resolve('App\\\\Http\\\\Contro...', Array, true)
#2 C:\\laragon\\www\\Firmador\\vendor\\laravel\\framework\\src\\Illuminate\\Container\\Container.php(694): Illuminate\\Foundation\\Application->resolve('App\\\\Http\\\\Contro...', Array)
#3 C:\\laragon\\www\\Firmador\\vendor\\laravel\\framework\\src\\Illuminate\\Foundation\\Application.php(836): Illuminate\\Container\\Container->make('App\\\\Http\\\\Contro...', Array)
#4 C:\\laragon\\www\\Firmador\\vendor\\laravel\\framework\\src\\Illuminate\\Routing\\RouteDependencyResolverTrait.php(79): Illuminate\\Foundation\\Application->make('App\\\\Http\\\\Contro...')
#5 C:\\laragon\\www\\Firmador\\vendor\\laravel\\framework\\src\\Illuminate\\Routing\\RouteDependencyResolverTrait.php(48): Illuminate\\Routing\\ControllerDispatcher->transformDependency(Object(ReflectionParameter), Array, Object(stdClass))
#6 C:\\laragon\\www\\Firmador\\vendor\\laravel\\framework\\src\\Illuminate\\Routing\\RouteDependencyResolverTrait.php(28): Illuminate\\Routing\\ControllerDispatcher->resolveMethodDependencies(Array, Object(ReflectionMethod))
#7 C:\\laragon\\www\\Firmador\\vendor\\laravel\\framework\\src\\Illuminate\\Routing\\ControllerDispatcher.php(41): Illuminate\\Routing\\ControllerDispatcher->resolveClassMethodDependencies(Array, Object(App\\Http\\Controllers\\FirmaController), 'ProcesarFirma')
#8 C:\\laragon\\www\\Firmador\\vendor\\laravel\\framework\\src\\Illuminate\\Routing\\Route.php(262): Illuminate\\Routing\\ControllerDispatcher->dispatch(Object(Illuminate\\Routing\\Route), Object(App\\Http\\Controllers\\FirmaController), 'ProcesarFirma')
#9 C:\\laragon\\www\\Firmador\\vendor\\laravel\\framework\\src\\Illuminate\\Routing\\Route.php(205): Illuminate\\Routing\\Route->runController()
#10 C:\\laragon\\www\\Firmador\\vendor\\laravel\\framework\\src\\Illuminate\\Routing\\Router.php(721): Illuminate\\Routing\\Route->run()
#11 C:\\laragon\\www\\Firmador\\vendor\\laravel\\framework\\src\\Illuminate\\Pipeline\\Pipeline.php(128): Illuminate\\Routing\\Router->Illuminate\\Routing\\{closure}(Object(Illuminate\\Http\\Request))
#12 C:\\laragon\\www\\Firmador\\app\\Http\\Middleware\\AuthenticateApp.php(21): Illuminate\\Pipeline\\Pipeline->Illuminate\\Pipeline\\{closure}(Object(Illuminate\\Http\\Request))
#13 C:\\laragon\\www\\Firmador\\vendor\\laravel\\framework\\src\\Illuminate\\Pipeline\\Pipeline.php(167): App\\Http\\Middleware\\AuthenticateApp->handle(Object(Illuminate\\Http\\Request), Object(Closure))
#14 C:\\laragon\\www\\Firmador\\vendor\\laravel\\framework\\src\\Illuminate\\Routing\\Middleware\\SubstituteBindings.php(50): Illuminate\\Pipeline\\Pipeline->Illuminate\\Pipeline\\{closure}(Object(Illuminate\\Http\\Request))
#15 C:\\laragon\\www\\Firmador\\vendor\\laravel\\framework\\src\\Illuminate\\Pipeline\\Pipeline.php(167): Illuminate\\Routing\\Middleware\\SubstituteBindings->handle(Object(Illuminate\\Http\\Request), Object(Closure))
#16 C:\\laragon\\www\\Firmador\\vendor\\laravel\\framework\\src\\Illuminate\\Routing\\Middleware\\ThrottleRequests.php(127): Illuminate\\Pipeline\\Pipeline->Illuminate\\Pipeline\\{closure}(Object(Illuminate\\Http\\Request))
#17 C:\\laragon\\www\\Firmador\\vendor\\laravel\\framework\\src\\Illuminate\\Routing\\Middleware\\ThrottleRequests.php(103): Illuminate\\Routing\\Middleware\\ThrottleRequests->handleRequest(Object(Illuminate\\Http\\Request), Object(Closure), Array)
#18 C:\\laragon\\www\\Firmador\\vendor\\laravel\\framework\\src\\Illuminate\\Routing\\Middleware\\ThrottleRequests.php(55): Illuminate\\Routing\\Middleware\\ThrottleRequests->handleRequestUsingNamedLimiter(Object(Illuminate\\Http\\Request), Object(Closure), 'api', Object(Closure))
#19 C:\\laragon\\www\\Firmador\\vendor\\laravel\\framework\\src\\Illuminate\\Pipeline\\Pipeline.php(167): Illuminate\\Routing\\Middleware\\ThrottleRequests->handle(Object(Illuminate\\Http\\Request), Object(Closure), 'api')
#20 C:\\laragon\\www\\Firmador\\vendor\\laravel\\framework\\src\\Illuminate\\Pipeline\\Pipeline.php(103): Illuminate\\Pipeline\\Pipeline->Illuminate\\Pipeline\\{closure}(Object(Illuminate\\Http\\Request))
#21 C:\\laragon\\www\\Firmador\\vendor\\laravel\\framework\\src\\Illuminate\\Routing\\Router.php(723): Illuminate\\Pipeline\\Pipeline->then(Object(Closure))
#22 C:\\laragon\\www\\Firmador\\vendor\\laravel\\framework\\src\\Illuminate\\Routing\\Router.php(698): Illuminate\\Routing\\Router->runRouteWithinStack(Object(Illuminate\\Routing\\Route), Object(Illuminate\\Http\\Request))
#23 C:\\laragon\\www\\Firmador\\vendor\\laravel\\framework\\src\\Illuminate\\Routing\\Router.php(662): Illuminate\\Routing\\Router->runRoute(Object(Illuminate\\Http\\Request), Object(Illuminate\\Routing\\Route))
#24 C:\\laragon\\www\\Firmador\\vendor\\laravel\\framework\\src\\Illuminate\\Routing\\Router.php(651): Illuminate\\Routing\\Router->dispatchToRoute(Object(Illuminate\\Http\\Request))
#25 C:\\laragon\\www\\Firmador\\vendor\\laravel\\framework\\src\\Illuminate\\Foundation\\Http\\Kernel.php(167): Illuminate\\Routing\\Router->dispatch(Object(Illuminate\\Http\\Request))
#26 C:\\laragon\\www\\Firmador\\vendor\\laravel\\framework\\src\\Illuminate\\Pipeline\\Pipeline.php(128): Illuminate\\Foundation\\Http\\Kernel->Illuminate\\Foundation\\Http\\{closure}(Object(Illuminate\\Http\\Request))
#27 C:\\laragon\\www\\Firmador\\vendor\\laravel\\framework\\src\\Illuminate\\Foundation\\Http\\Middleware\\TransformsRequest.php(21): Illuminate\\Pipeline\\Pipeline->Illuminate\\Pipeline\\{closure}(Object(Illuminate\\Http\\Request))
#28 C:\\laragon\\www\\Firmador\\vendor\\laravel\\framework\\src\\Illuminate\\Foundation\\Http\\Middleware\\ConvertEmptyStringsToNull.php(31): Illuminate\\Foundation\\Http\\Middleware\\TransformsRequest->handle(Object(Illuminate\\Http\\Request), Object(Closure))
#29 C:\\laragon\\www\\Firmador\\vendor\\laravel\\framework\\src\\Illuminate\\Pipeline\\Pipeline.php(167): Illuminate\\Foundation\\Http\\Middleware\\ConvertEmptyStringsToNull->handle(Object(Illuminate\\Http\\Request), Object(Closure))
#30 C:\\laragon\\www\\Firmador\\vendor\\laravel\\framework\\src\\Illuminate\\Foundation\\Http\\Middleware\\TransformsRequest.php(21): Illuminate\\Pipeline\\Pipeline->Illuminate\\Pipeline\\{closure}(Object(Illuminate\\Http\\Request))
#31 C:\\laragon\\www\\Firmador\\vendor\\laravel\\framework\\src\\Illuminate\\Foundation\\Http\\Middleware\\TrimStrings.php(40): Illuminate\\Foundation\\Http\\Middleware\\TransformsRequest->handle(Object(Illuminate\\Http\\Request), Object(Closure))
#32 C:\\laragon\\www\\Firmador\\vendor\\laravel\\framework\\src\\Illuminate\\Pipeline\\Pipeline.php(167): Illuminate\\Foundation\\Http\\Middleware\\TrimStrings->handle(Object(Illuminate\\Http\\Request), Object(Closure))
#33 C:\\laragon\\www\\Firmador\\vendor\\laravel\\framework\\src\\Illuminate\\Foundation\\Http\\Middleware\\ValidatePostSize.php(27): Illuminate\\Pipeline\\Pipeline->Illuminate\\Pipeline\\{closure}(Object(Illuminate\\Http\\Request))
#34 C:\\laragon\\www\\Firmador\\vendor\\laravel\\framework\\src\\Illuminate\\Pipeline\\Pipeline.php(167): Illuminate\\Foundation\\Http\\Middleware\\ValidatePostSize->handle(Object(Illuminate\\Http\\Request), Object(Closure))
#35 C:\\laragon\\www\\Firmador\\vendor\\laravel\\framework\\src\\Illuminate\\Foundation\\Http\\Middleware\\PreventRequestsDuringMaintenance.php(86): Illuminate\\Pipeline\\Pipeline->Illuminate\\Pipeline\\{closure}(Object(Illuminate\\Http\\Request))
#36 C:\\laragon\\www\\Firmador\\vendor\\laravel\\framework\\src\\Illuminate\\Pipeline\\Pipeline.php(167): Illuminate\\Foundation\\Http\\Middleware\\PreventRequestsDuringMaintenance->handle(Object(Illuminate\\Http\\Request), Object(Closure))
#37 C:\\laragon\\www\\Firmador\\vendor\\fruitcake\\laravel-cors\\src\\HandleCors.php(52): Illuminate\\Pipeline\\Pipeline->Illuminate\\Pipeline\\{closure}(Object(Illuminate\\Http\\Request))
#38 C:\\laragon\\www\\Firmador\\vendor\\laravel\\framework\\src\\Illuminate\\Pipeline\\Pipeline.php(167): Fruitcake\\Cors\\HandleCors->handle(Object(Illuminate\\Http\\Request), Object(Closure))
#39 C:\\laragon\\www\\Firmador\\vendor\\laravel\\framework\\src\\Illuminate\\Http\\Middleware\\TrustProxies.php(39): Illuminate\\Pipeline\\Pipeline->Illuminate\\Pipeline\\{closure}(Object(Illuminate\\Http\\Request))
#40 C:\\laragon\\www\\Firmador\\vendor\\laravel\\framework\\src\\Illuminate\\Pipeline\\Pipeline.php(167): Illuminate\\Http\\Middleware\\TrustProxies->handle(Object(Illuminate\\Http\\Request), Object(Closure))
#41 C:\\laragon\\www\\Firmador\\vendor\\laravel\\framework\\src\\Illuminate\\Pipeline\\Pipeline.php(103): Illuminate\\Pipeline\\Pipeline->Illuminate\\Pipeline\\{closure}(Object(Illuminate\\Http\\Request))
#42 C:\\laragon\\www\\Firmador\\vendor\\laravel\\framework\\src\\Illuminate\\Foundation\\Http\\Kernel.php(142): Illuminate\\Pipeline\\Pipeline->then(Object(Closure))
#43 C:\\laragon\\www\\Firmador\\vendor\\laravel\\framework\\src\\Illuminate\\Foundation\\Http\\Kernel.php(111): Illuminate\\Foundation\\Http\\Kernel->sendRequestThroughRouter(Object(Illuminate\\Http\\Request))
#44 C:\\laragon\\www\\Firmador\\public\\index.php(52): Illuminate\\Foundation\\Http\\Kernel->handle(Object(Illuminate\\Http\\Request))
#45 C:\\laragon\\www\\Firmador\\server.php(21): require_once('C:\\\\laragon\\\\www\\\\...')
#46 {main}

[previous exception] [object] (ReflectionException(code: -1): Class \"App\\Http\\Controllers\\Request\" does not exist at C:\\laragon\\www\\Firmador\\vendor\\laravel\\framework\\src\\Illuminate\\Container\\Container.php:877)
[stacktrace]
#0 C:\\laragon\\www\\Firmador\\vendor\\laravel\\framework\\src\\Illuminate\\Container\\Container.php(877): ReflectionClass->__construct('App\\\\Http\\\\Contro...')
#1 C:\\laragon\\www\\Firmador\\vendor\\laravel\\framework\\src\\Illuminate\\Container\\Container.php(758): Illuminate\\Container\\Container->build('App\\\\Http\\\\Contro...')
#2 C:\\laragon\\www\\Firmador\\vendor\\laravel\\framework\\src\\Illuminate\\Foundation\\Application.php(851): Illuminate\\Container\\Container->resolve('App\\\\Http\\\\Contro...', Array, true)
#3 C:\\laragon\\www\\Firmador\\vendor\\laravel\\framework\\src\\Illuminate\\Container\\Container.php(694): Illuminate\\Foundation\\Application->resolve('App\\\\Http\\\\Contro...', Array)
#4 C:\\laragon\\www\\Firmador\\vendor\\laravel\\framework\\src\\Illuminate\\Foundation\\Application.php(836): Illuminate\\Container\\Container->make('App\\\\Http\\\\Contro...', Array)
#5 C:\\laragon\\www\\Firmador\\vendor\\laravel\\framework\\src\\Illuminate\\Routing\\RouteDependencyResolverTrait.php(79): Illuminate\\Foundation\\Application->make('App\\\\Http\\\\Contro...')
#6 C:\\laragon\\www\\Firmador\\vendor\\laravel\\framework\\src\\Illuminate\\Routing\\RouteDependencyResolverTrait.php(48): Illuminate\\Routing\\ControllerDispatcher->transformDependency(Object(ReflectionParameter), Array, Object(stdClass))
#7 C:\\laragon\\www\\Firmador\\vendor\\laravel\\framework\\src\\Illuminate\\Routing\\RouteDependencyResolverTrait.php(28): Illuminate\\Routing\\ControllerDispatcher->resolveMethodDependencies(Array, Object(ReflectionMethod))
#8 C:\\laragon\\www\\Firmador\\vendor\\laravel\\framework\\src\\Illuminate\\Routing\\ControllerDispatcher.php(41): Illuminate\\Routing\\ControllerDispatcher->resolveClassMethodDependencies(Array, Object(App\\Http\\Controllers\\FirmaController), 'ProcesarFirma')
#9 C:\\laragon\\www\\Firmador\\vendor\\laravel\\framework\\src\\Illuminate\\Routing\\Route.php(262): Illuminate\\Routing\\ControllerDispatcher->dispatch(Object(Illuminate\\Routing\\Route), Object(App\\Http\\Controllers\\FirmaController), 'ProcesarFirma')
#10 C:\\laragon\\www\\Firmador\\vendor\\laravel\\framework\\src\\Illuminate\\Routing\\Route.php(205): Illuminate\\Routing\\Route->runController()
#11 C:\\laragon\\www\\Firmador\\vendor\\laravel\\framework\\src\\Illuminate\\Routing\\Router.php(721): Illuminate\\Routing\\Route->run()
#12 C:\\laragon\\www\\Firmador\\vendor\\laravel\\framework\\src\\Illuminate\\Pipeline\\Pipeline.php(128): Illuminate\\Routing\\Router->Illuminate\\Routing\\{closure}(Object(Illuminate\\Http\\Request))
#13 C:\\laragon\\www\\Firmador\\app\\Http\\Middleware\\AuthenticateApp.php(21): Illuminate\\Pipeline\\Pipeline->Illuminate\\Pipeline\\{closure}(Object(Illuminate\\Http\\Request))
#14 C:\\laragon\\www\\Firmador\\vendor\\laravel\\framework\\src\\Illuminate\\Pipeline\\Pipeline.php(167): App\\Http\\Middleware\\AuthenticateApp->handle(Object(Illuminate\\Http\\Request), Object(Closure))
#15 C:\\laragon\\www\\Firmador\\vendor\\laravel\\framework\\src\\Illuminate\\Routing\\Middleware\\SubstituteBindings.php(50): Illuminate\\Pipeline\\Pipeline->Illuminate\\Pipeline\\{closure}(Object(Illuminate\\Http\\Request))
#16 C:\\laragon\\www\\Firmador\\vendor\\laravel\\framework\\src\\Illuminate\\Pipeline\\Pipeline.php(167): Illuminate\\Routing\\Middleware\\SubstituteBindings->handle(Object(Illuminate\\Http\\Request), Object(Closure))
#17 C:\\laragon\\www\\Firmador\\vendor\\laravel\\framework\\src\\Illuminate\\Routing\\Middleware\\ThrottleRequests.php(127): Illuminate\\Pipeline\\Pipeline->Illuminate\\Pipeline\\{closure}(Object(Illuminate\\Http\\Request))
#18 C:\\laragon\\www\\Firmador\\vendor\\laravel\\framework\\src\\Illuminate\\Routing\\Middleware\\ThrottleRequests.php(103): Illuminate\\Routing\\Middleware\\ThrottleRequests->handleRequest(Object(Illuminate\\Http\\Request), Object(Closure), Array)
#19 C:\\laragon\\www\\Firmador\\vendor\\laravel\\framework\\src\\Illuminate\\Routing\\Middleware\\ThrottleRequests.php(55): Illuminate\\Routing\\Middleware\\ThrottleRequests->handleRequestUsingNamedLimiter(Object(Illuminate\\Http\\Request), Object(Closure), 'api', Object(Closure))
#20 C:\\laragon\\www\\Firmador\\vendor\\laravel\\framework\\src\\Illuminate\\Pipeline\\Pipeline.php(167): Illuminate\\Routing\\Middleware\\ThrottleRequests->handle(Object(Illuminate\\Http\\Request), Object(Closure), 'api')
#21 C:\\laragon\\www\\Firmador\\vendor\\laravel\\framework\\src\\Illuminate\\Pipeline\\Pipeline.php(103): Illuminate\\Pipeline\\Pipeline->Illuminate\\Pipeline\\{closure}(Object(Illuminate\\Http\\Request))
#22 C:\\laragon\\www\\Firmador\\vendor\\laravel\\framework\\src\\Illuminate\\Routing\\Router.php(723): Illuminate\\Pipeline\\Pipeline->then(Object(Closure))
#23 C:\\laragon\\www\\Firmador\\vendor\\laravel\\framework\\src\\Illuminate\\Routing\\Router.php(698): Illuminate\\Routing\\Router->runRouteWithinStack(Object(Illuminate\\Routing\\Route), Object(Illuminate\\Http\\Request))
#24 C:\\laragon\\www\\Firmador\\vendor\\laravel\\framework\\src\\Illuminate\\Routing\\Router.php(662): Illuminate\\Routing\\Router->runRoute(Object(Illuminate\\Http\\Request), Object(Illuminate\\Routing\\Route))
#25 C:\\laragon\\www\\Firmador\\vendor\\laravel\\framework\\src\\Illuminate\\Routing\\Router.php(651): Illuminate\\Routing\\Router->dispatchToRoute(Object(Illuminate\\Http\\Request))
#26 C:\\laragon\\www\\Firmador\\vendor\\laravel\\framework\\src\\Illuminate\\Foundation\\Http\\Kernel.php(167): Illuminate\\Routing\\Router->dispatch(Object(Illuminate\\Http\\Request))
#27 C:\\laragon\\www\\Firmador\\vendor\\laravel\\framework\\src\\Illuminate\\Pipeline\\Pipeline.php(128): Illuminate\\Foundation\\Http\\Kernel->Illuminate\\Foundation\\Http\\{closure}(Object(Illuminate\\Http\\Request))
#28 C:\\laragon\\www\\Firmador\\vendor\\laravel\\framework\\src\\Illuminate\\Foundation\\Http\\Middleware\\TransformsRequest.php(21): Illuminate\\Pipeline\\Pipeline->Illuminate\\Pipeline\\{closure}(Object(Illuminate\\Http\\Request))
#29 C:\\laragon\\www\\Firmador\\vendor\\laravel\\framework\\src\\Illuminate\\Foundation\\Http\\Middleware\\ConvertEmptyStringsToNull.php(31): Illuminate\\Foundation\\Http\\Middleware\\TransformsRequest->handle(Object(Illuminate\\Http\\Request), Object(Closure))
#30 C:\\laragon\\www\\Firmador\\vendor\\laravel\\framework\\src\\Illuminate\\Pipeline\\Pipeline.php(167): Illuminate\\Foundation\\Http\\Middleware\\ConvertEmptyStringsToNull->handle(Object(Illuminate\\Http\\Request), Object(Closure))
#31 C:\\laragon\\www\\Firmador\\vendor\\laravel\\framework\\src\\Illuminate\\Foundation\\Http\\Middleware\\TransformsRequest.php(21): Illuminate\\Pipeline\\Pipeline->Illuminate\\Pipeline\\{closure}(Object(Illuminate\\Http\\Request))
#32 C:\\laragon\\www\\Firmador\\vendor\\laravel\\framework\\src\\Illuminate\\Foundation\\Http\\Middleware\\TrimStrings.php(40): Illuminate\\Foundation\\Http\\Middleware\\TransformsRequest->handle(Object(Illuminate\\Http\\Request), Object(Closure))
#33 C:\\laragon\\www\\Firmador\\vendor\\laravel\\framework\\src\\Illuminate\\Pipeline\\Pipeline.php(167): Illuminate\\Foundation\\Http\\Middleware\\TrimStrings->handle(Object(Illuminate\\Http\\Request), Object(Closure))
#34 C:\\laragon\\www\\Firmador\\vendor\\laravel\\framework\\src\\Illuminate\\Foundation\\Http\\Middleware\\ValidatePostSize.php(27): Illuminate\\Pipeline\\Pipeline->Illuminate\\Pipeline\\{closure}(Object(Illuminate\\Http\\Request))
#35 C:\\laragon\\www\\Firmador\\vendor\\laravel\\framework\\src\\Illuminate\\Pipeline\\Pipeline.php(167): Illuminate\\Foundation\\Http\\Middleware\\ValidatePostSize->handle(Object(Illuminate\\Http\\Request), Object(Closure))
#36 C:\\laragon\\www\\Firmador\\vendor\\laravel\\framework\\src\\Illuminate\\Foundation\\Http\\Middleware\\PreventRequestsDuringMaintenance.php(86): Illuminate\\Pipeline\\Pipeline->Illuminate\\Pipeline\\{closure}(Object(Illuminate\\Http\\Request))
#37 C:\\laragon\\www\\Firmador\\vendor\\laravel\\framework\\src\\Illuminate\\Pipeline\\Pipeline.php(167): Illuminate\\Foundation\\Http\\Middleware\\PreventRequestsDuringMaintenance->handle(Object(Illuminate\\Http\\Request), Object(Closure))
#38 C:\\laragon\\www\\Firmador\\vendor\\fruitcake\\laravel-cors\\src\\HandleCors.php(52): Illuminate\\Pipeline\\Pipeline->Illuminate\\Pipeline\\{closure}(Object(Illuminate\\Http\\Request))
#39 C:\\laragon\\www\\Firmador\\vendor\\laravel\\framework\\src\\Illuminate\\Pipeline\\Pipeline.php(167): Fruitcake\\Cors\\HandleCors->handle(Object(Illuminate\\Http\\Request), Object(Closure))
#40 C:\\laragon\\www\\Firmador\\vendor\\laravel\\framework\\src\\Illuminate\\Http\\Middleware\\TrustProxies.php(39): Illuminate\\Pipeline\\Pipeline->Illuminate\\Pipeline\\{closure}(Object(Illuminate\\Http\\Request))
#41 C:\\laragon\\www\\Firmador\\vendor\\laravel\\framework\\src\\Illuminate\\Pipeline\\Pipeline.php(167): Illuminate\\Http\\Middleware\\TrustProxies->handle(Object(Illuminate\\Http\\Request), Object(Closure))
#42 C:\\laragon\\www\\Firmador\\vendor\\laravel\\framework\\src\\Illuminate\\Pipeline\\Pipeline.php(103): Illuminate\\Pipeline\\Pipeline->Illuminate\\Pipeline\\{closure}(Object(Illuminate\\Http\\Request))
#43 C:\\laragon\\www\\Firmador\\vendor\\laravel\\framework\\src\\Illuminate\\Foundation\\Http\\Kernel.php(142): Illuminate\\Pipeline\\Pipeline->then(Object(Closure))
#44 C:\\laragon\\www\\Firmador\\vendor\\laravel\\framework\\src\\Illuminate\\Foundation\\Http\\Kernel.php(111): Illuminate\\Foundation\\Http\\Kernel->sendRequestThroughRouter(Object(Illuminate\\Http\\Request))
#45 C:\\laragon\\www\\Firmador\\public\\index.php(52): Illuminate\\Foundation\\Http\\Kernel->handle(Object(Illuminate\\Http\\Request))
#46 C:\\laragon\\www\\Firmador\\server.php(21): require_once('C:\\\\laragon\\\\www\\\\...')
#47 {main}
"} 
[2024-07-30 03:26:45] local.ERROR: Target class [App\Http\Controllers\Request] does not exist. {"exception":"[object] (Illuminate\\Contracts\\Container\\BindingResolutionException(code: 0): Target class [App\\Http\\Controllers\\Request] does not exist. at C:\\laragon\\www\\Firmador\\vendor\\laravel\\framework\\src\\Illuminate\\Container\\Container.php:879)
[stacktrace]
#0 C:\\laragon\\www\\Firmador\\vendor\\laravel\\framework\\src\\Illuminate\\Container\\Container.php(758): Illuminate\\Container\\Container->build('App\\\\Http\\\\Contro...')
#1 C:\\laragon\\www\\Firmador\\vendor\\laravel\\framework\\src\\Illuminate\\Foundation\\Application.php(851): Illuminate\\Container\\Container->resolve('App\\\\Http\\\\Contro...', Array, true)
#2 C:\\laragon\\www\\Firmador\\vendor\\laravel\\framework\\src\\Illuminate\\Container\\Container.php(694): Illuminate\\Foundation\\Application->resolve('App\\\\Http\\\\Contro...', Array)
#3 C:\\laragon\\www\\Firmador\\vendor\\laravel\\framework\\src\\Illuminate\\Foundation\\Application.php(836): Illuminate\\Container\\Container->make('App\\\\Http\\\\Contro...', Array)
#4 C:\\laragon\\www\\Firmador\\vendor\\laravel\\framework\\src\\Illuminate\\Routing\\RouteDependencyResolverTrait.php(79): Illuminate\\Foundation\\Application->make('App\\\\Http\\\\Contro...')
#5 C:\\laragon\\www\\Firmador\\vendor\\laravel\\framework\\src\\Illuminate\\Routing\\RouteDependencyResolverTrait.php(48): Illuminate\\Routing\\ControllerDispatcher->transformDependency(Object(ReflectionParameter), Array, Object(stdClass))
#6 C:\\laragon\\www\\Firmador\\vendor\\laravel\\framework\\src\\Illuminate\\Routing\\RouteDependencyResolverTrait.php(28): Illuminate\\Routing\\ControllerDispatcher->resolveMethodDependencies(Array, Object(ReflectionMethod))
#7 C:\\laragon\\www\\Firmador\\vendor\\laravel\\framework\\src\\Illuminate\\Routing\\ControllerDispatcher.php(41): Illuminate\\Routing\\ControllerDispatcher->resolveClassMethodDependencies(Array, Object(App\\Http\\Controllers\\FirmaController), 'ProcesarFirma')
#8 C:\\laragon\\www\\Firmador\\vendor\\laravel\\framework\\src\\Illuminate\\Routing\\Route.php(262): Illuminate\\Routing\\ControllerDispatcher->dispatch(Object(Illuminate\\Routing\\Route), Object(App\\Http\\Controllers\\FirmaController), 'ProcesarFirma')
#9 C:\\laragon\\www\\Firmador\\vendor\\laravel\\framework\\src\\Illuminate\\Routing\\Route.php(205): Illuminate\\Routing\\Route->runController()
#10 C:\\laragon\\www\\Firmador\\vendor\\laravel\\framework\\src\\Illuminate\\Routing\\Router.php(721): Illuminate\\Routing\\Route->run()
#11 C:\\laragon\\www\\Firmador\\vendor\\laravel\\framework\\src\\Illuminate\\Pipeline\\Pipeline.php(128): Illuminate\\Routing\\Router->Illuminate\\Routing\\{closure}(Object(Illuminate\\Http\\Request))
#12 C:\\laragon\\www\\Firmador\\app\\Http\\Middleware\\AuthenticateApp.php(21): Illuminate\\Pipeline\\Pipeline->Illuminate\\Pipeline\\{closure}(Object(Illuminate\\Http\\Request))
#13 C:\\laragon\\www\\Firmador\\vendor\\laravel\\framework\\src\\Illuminate\\Pipeline\\Pipeline.php(167): App\\Http\\Middleware\\AuthenticateApp->handle(Object(Illuminate\\Http\\Request), Object(Closure))
#14 C:\\laragon\\www\\Firmador\\vendor\\laravel\\framework\\src\\Illuminate\\Routing\\Middleware\\SubstituteBindings.php(50): Illuminate\\Pipeline\\Pipeline->Illuminate\\Pipeline\\{closure}(Object(Illuminate\\Http\\Request))
#15 C:\\laragon\\www\\Firmador\\vendor\\laravel\\framework\\src\\Illuminate\\Pipeline\\Pipeline.php(167): Illuminate\\Routing\\Middleware\\SubstituteBindings->handle(Object(Illuminate\\Http\\Request), Object(Closure))
#16 C:\\laragon\\www\\Firmador\\vendor\\laravel\\framework\\src\\Illuminate\\Routing\\Middleware\\ThrottleRequests.php(127): Illuminate\\Pipeline\\Pipeline->Illuminate\\Pipeline\\{closure}(Object(Illuminate\\Http\\Request))
#17 C:\\laragon\\www\\Firmador\\vendor\\laravel\\framework\\src\\Illuminate\\Routing\\Middleware\\ThrottleRequests.php(103): Illuminate\\Routing\\Middleware\\ThrottleRequests->handleRequest(Object(Illuminate\\Http\\Request), Object(Closure), Array)
#18 C:\\laragon\\www\\Firmador\\vendor\\laravel\\framework\\src\\Illuminate\\Routing\\Middleware\\ThrottleRequests.php(55): Illuminate\\Routing\\Middleware\\ThrottleRequests->handleRequestUsingNamedLimiter(Object(Illuminate\\Http\\Request), Object(Closure), 'api', Object(Closure))
#19 C:\\laragon\\www\\Firmador\\vendor\\laravel\\framework\\src\\Illuminate\\Pipeline\\Pipeline.php(167): Illuminate\\Routing\\Middleware\\ThrottleRequests->handle(Object(Illuminate\\Http\\Request), Object(Closure), 'api')
#20 C:\\laragon\\www\\Firmador\\vendor\\laravel\\framework\\src\\Illuminate\\Pipeline\\Pipeline.php(103): Illuminate\\Pipeline\\Pipeline->Illuminate\\Pipeline\\{closure}(Object(Illuminate\\Http\\Request))
#21 C:\\laragon\\www\\Firmador\\vendor\\laravel\\framework\\src\\Illuminate\\Routing\\Router.php(723): Illuminate\\Pipeline\\Pipeline->then(Object(Closure))
#22 C:\\laragon\\www\\Firmador\\vendor\\laravel\\framework\\src\\Illuminate\\Routing\\Router.php(698): Illuminate\\Routing\\Router->runRouteWithinStack(Object(Illuminate\\Routing\\Route), Object(Illuminate\\Http\\Request))
#23 C:\\laragon\\www\\Firmador\\vendor\\laravel\\framework\\src\\Illuminate\\Routing\\Router.php(662): Illuminate\\Routing\\Router->runRoute(Object(Illuminate\\Http\\Request), Object(Illuminate\\Routing\\Route))
#24 C:\\laragon\\www\\Firmador\\vendor\\laravel\\framework\\src\\Illuminate\\Routing\\Router.php(651): Illuminate\\Routing\\Router->dispatchToRoute(Object(Illuminate\\Http\\Request))
#25 C:\\laragon\\www\\Firmador\\vendor\\laravel\\framework\\src\\Illuminate\\Foundation\\Http\\Kernel.php(167): Illuminate\\Routing\\Router->dispatch(Object(Illuminate\\Http\\Request))
#26 C:\\laragon\\www\\Firmador\\vendor\\laravel\\framework\\src\\Illuminate\\Pipeline\\Pipeline.php(128): Illuminate\\Foundation\\Http\\Kernel->Illuminate\\Foundation\\Http\\{closure}(Object(Illuminate\\Http\\Request))
#27 C:\\laragon\\www\\Firmador\\vendor\\laravel\\framework\\src\\Illuminate\\Foundation\\Http\\Middleware\\TransformsRequest.php(21): Illuminate\\Pipeline\\Pipeline->Illuminate\\Pipeline\\{closure}(Object(Illuminate\\Http\\Request))
#28 C:\\laragon\\www\\Firmador\\vendor\\laravel\\framework\\src\\Illuminate\\Foundation\\Http\\Middleware\\ConvertEmptyStringsToNull.php(31): Illuminate\\Foundation\\Http\\Middleware\\TransformsRequest->handle(Object(Illuminate\\Http\\Request), Object(Closure))
#29 C:\\laragon\\www\\Firmador\\vendor\\laravel\\framework\\src\\Illuminate\\Pipeline\\Pipeline.php(167): Illuminate\\Foundation\\Http\\Middleware\\ConvertEmptyStringsToNull->handle(Object(Illuminate\\Http\\Request), Object(Closure))
#30 C:\\laragon\\www\\Firmador\\vendor\\laravel\\framework\\src\\Illuminate\\Foundation\\Http\\Middleware\\TransformsRequest.php(21): Illuminate\\Pipeline\\Pipeline->Illuminate\\Pipeline\\{closure}(Object(Illuminate\\Http\\Request))
#31 C:\\laragon\\www\\Firmador\\vendor\\laravel\\framework\\src\\Illuminate\\Foundation\\Http\\Middleware\\TrimStrings.php(40): Illuminate\\Foundation\\Http\\Middleware\\TransformsRequest->handle(Object(Illuminate\\Http\\Request), Object(Closure))
#32 C:\\laragon\\www\\Firmador\\vendor\\laravel\\framework\\src\\Illuminate\\Pipeline\\Pipeline.php(167): Illuminate\\Foundation\\Http\\Middleware\\TrimStrings->handle(Object(Illuminate\\Http\\Request), Object(Closure))
#33 C:\\laragon\\www\\Firmador\\vendor\\laravel\\framework\\src\\Illuminate\\Foundation\\Http\\Middleware\\ValidatePostSize.php(27): Illuminate\\Pipeline\\Pipeline->Illuminate\\Pipeline\\{closure}(Object(Illuminate\\Http\\Request))
#34 C:\\laragon\\www\\Firmador\\vendor\\laravel\\framework\\src\\Illuminate\\Pipeline\\Pipeline.php(167): Illuminate\\Foundation\\Http\\Middleware\\ValidatePostSize->handle(Object(Illuminate\\Http\\Request), Object(Closure))
#35 C:\\laragon\\www\\Firmador\\vendor\\laravel\\framework\\src\\Illuminate\\Foundation\\Http\\Middleware\\PreventRequestsDuringMaintenance.php(86): Illuminate\\Pipeline\\Pipeline->Illuminate\\Pipeline\\{closure}(Object(Illuminate\\Http\\Request))
#36 C:\\laragon\\www\\Firmador\\vendor\\laravel\\framework\\src\\Illuminate\\Pipeline\\Pipeline.php(167): Illuminate\\Foundation\\Http\\Middleware\\PreventRequestsDuringMaintenance->handle(Object(Illuminate\\Http\\Request), Object(Closure))
#37 C:\\laragon\\www\\Firmador\\vendor\\fruitcake\\laravel-cors\\src\\HandleCors.php(52): Illuminate\\Pipeline\\Pipeline->Illuminate\\Pipeline\\{closure}(Object(Illuminate\\Http\\Request))
#38 C:\\laragon\\www\\Firmador\\vendor\\laravel\\framework\\src\\Illuminate\\Pipeline\\Pipeline.php(167): Fruitcake\\Cors\\HandleCors->handle(Object(Illuminate\\Http\\Request), Object(Closure))
#39 C:\\laragon\\www\\Firmador\\vendor\\laravel\\framework\\src\\Illuminate\\Http\\Middleware\\TrustProxies.php(39): Illuminate\\Pipeline\\Pipeline->Illuminate\\Pipeline\\{closure}(Object(Illuminate\\Http\\Request))
#40 C:\\laragon\\www\\Firmador\\vendor\\laravel\\framework\\src\\Illuminate\\Pipeline\\Pipeline.php(167): Illuminate\\Http\\Middleware\\TrustProxies->handle(Object(Illuminate\\Http\\Request), Object(Closure))
#41 C:\\laragon\\www\\Firmador\\vendor\\laravel\\framework\\src\\Illuminate\\Pipeline\\Pipeline.php(103): Illuminate\\Pipeline\\Pipeline->Illuminate\\Pipeline\\{closure}(Object(Illuminate\\Http\\Request))
#42 C:\\laragon\\www\\Firmador\\vendor\\laravel\\framework\\src\\Illuminate\\Foundation\\Http\\Kernel.php(142): Illuminate\\Pipeline\\Pipeline->then(Object(Closure))
#43 C:\\laragon\\www\\Firmador\\vendor\\laravel\\framework\\src\\Illuminate\\Foundation\\Http\\Kernel.php(111): Illuminate\\Foundation\\Http\\Kernel->sendRequestThroughRouter(Object(Illuminate\\Http\\Request))
#44 C:\\laragon\\www\\Firmador\\public\\index.php(52): Illuminate\\Foundation\\Http\\Kernel->handle(Object(Illuminate\\Http\\Request))
#45 C:\\laragon\\www\\Firmador\\server.php(21): require_once('C:\\\\laragon\\\\www\\\\...')
#46 {main}

[previous exception] [object] (ReflectionException(code: -1): Class \"App\\Http\\Controllers\\Request\" does not exist at C:\\laragon\\www\\Firmador\\vendor\\laravel\\framework\\src\\Illuminate\\Container\\Container.php:877)
[stacktrace]
#0 C:\\laragon\\www\\Firmador\\vendor\\laravel\\framework\\src\\Illuminate\\Container\\Container.php(877): ReflectionClass->__construct('App\\\\Http\\\\Contro...')
#1 C:\\laragon\\www\\Firmador\\vendor\\laravel\\framework\\src\\Illuminate\\Container\\Container.php(758): Illuminate\\Container\\Container->build('App\\\\Http\\\\Contro...')
#2 C:\\laragon\\www\\Firmador\\vendor\\laravel\\framework\\src\\Illuminate\\Foundation\\Application.php(851): Illuminate\\Container\\Container->resolve('App\\\\Http\\\\Contro...', Array, true)
#3 C:\\laragon\\www\\Firmador\\vendor\\laravel\\framework\\src\\Illuminate\\Container\\Container.php(694): Illuminate\\Foundation\\Application->resolve('App\\\\Http\\\\Contro...', Array)
#4 C:\\laragon\\www\\Firmador\\vendor\\laravel\\framework\\src\\Illuminate\\Foundation\\Application.php(836): Illuminate\\Container\\Container->make('App\\\\Http\\\\Contro...', Array)
#5 C:\\laragon\\www\\Firmador\\vendor\\laravel\\framework\\src\\Illuminate\\Routing\\RouteDependencyResolverTrait.php(79): Illuminate\\Foundation\\Application->make('App\\\\Http\\\\Contro...')
#6 C:\\laragon\\www\\Firmador\\vendor\\laravel\\framework\\src\\Illuminate\\Routing\\RouteDependencyResolverTrait.php(48): Illuminate\\Routing\\ControllerDispatcher->transformDependency(Object(ReflectionParameter), Array, Object(stdClass))
#7 C:\\laragon\\www\\Firmador\\vendor\\laravel\\framework\\src\\Illuminate\\Routing\\RouteDependencyResolverTrait.php(28): Illuminate\\Routing\\ControllerDispatcher->resolveMethodDependencies(Array, Object(ReflectionMethod))
#8 C:\\laragon\\www\\Firmador\\vendor\\laravel\\framework\\src\\Illuminate\\Routing\\ControllerDispatcher.php(41): Illuminate\\Routing\\ControllerDispatcher->resolveClassMethodDependencies(Array, Object(App\\Http\\Controllers\\FirmaController), 'ProcesarFirma')
#9 C:\\laragon\\www\\Firmador\\vendor\\laravel\\framework\\src\\Illuminate\\Routing\\Route.php(262): Illuminate\\Routing\\ControllerDispatcher->dispatch(Object(Illuminate\\Routing\\Route), Object(App\\Http\\Controllers\\FirmaController), 'ProcesarFirma')
#10 C:\\laragon\\www\\Firmador\\vendor\\laravel\\framework\\src\\Illuminate\\Routing\\Route.php(205): Illuminate\\Routing\\Route->runController()
#11 C:\\laragon\\www\\Firmador\\vendor\\laravel\\framework\\src\\Illuminate\\Routing\\Router.php(721): Illuminate\\Routing\\Route->run()
#12 C:\\laragon\\www\\Firmador\\vendor\\laravel\\framework\\src\\Illuminate\\Pipeline\\Pipeline.php(128): Illuminate\\Routing\\Router->Illuminate\\Routing\\{closure}(Object(Illuminate\\Http\\Request))
#13 C:\\laragon\\www\\Firmador\\app\\Http\\Middleware\\AuthenticateApp.php(21): Illuminate\\Pipeline\\Pipeline->Illuminate\\Pipeline\\{closure}(Object(Illuminate\\Http\\Request))
#14 C:\\laragon\\www\\Firmador\\vendor\\laravel\\framework\\src\\Illuminate\\Pipeline\\Pipeline.php(167): App\\Http\\Middleware\\AuthenticateApp->handle(Object(Illuminate\\Http\\Request), Object(Closure))
#15 C:\\laragon\\www\\Firmador\\vendor\\laravel\\framework\\src\\Illuminate\\Routing\\Middleware\\SubstituteBindings.php(50): Illuminate\\Pipeline\\Pipeline->Illuminate\\Pipeline\\{closure}(Object(Illuminate\\Http\\Request))
#16 C:\\laragon\\www\\Firmador\\vendor\\laravel\\framework\\src\\Illuminate\\Pipeline\\Pipeline.php(167): Illuminate\\Routing\\Middleware\\SubstituteBindings->handle(Object(Illuminate\\Http\\Request), Object(Closure))
#17 C:\\laragon\\www\\Firmador\\vendor\\laravel\\framework\\src\\Illuminate\\Routing\\Middleware\\ThrottleRequests.php(127): Illuminate\\Pipeline\\Pipeline->Illuminate\\Pipeline\\{closure}(Object(Illuminate\\Http\\Request))
#18 C:\\laragon\\www\\Firmador\\vendor\\laravel\\framework\\src\\Illuminate\\Routing\\Middleware\\ThrottleRequests.php(103): Illuminate\\Routing\\Middleware\\ThrottleRequests->handleRequest(Object(Illuminate\\Http\\Request), Object(Closure), Array)
#19 C:\\laragon\\www\\Firmador\\vendor\\laravel\\framework\\src\\Illuminate\\Routing\\Middleware\\ThrottleRequests.php(55): Illuminate\\Routing\\Middleware\\ThrottleRequests->handleRequestUsingNamedLimiter(Object(Illuminate\\Http\\Request), Object(Closure), 'api', Object(Closure))
#20 C:\\laragon\\www\\Firmador\\vendor\\laravel\\framework\\src\\Illuminate\\Pipeline\\Pipeline.php(167): Illuminate\\Routing\\Middleware\\ThrottleRequests->handle(Object(Illuminate\\Http\\Request), Object(Closure), 'api')
#21 C:\\laragon\\www\\Firmador\\vendor\\laravel\\framework\\src\\Illuminate\\Pipeline\\Pipeline.php(103): Illuminate\\Pipeline\\Pipeline->Illuminate\\Pipeline\\{closure}(Object(Illuminate\\Http\\Request))
#22 C:\\laragon\\www\\Firmador\\vendor\\laravel\\framework\\src\\Illuminate\\Routing\\Router.php(723): Illuminate\\Pipeline\\Pipeline->then(Object(Closure))
#23 C:\\laragon\\www\\Firmador\\vendor\\laravel\\framework\\src\\Illuminate\\Routing\\Router.php(698): Illuminate\\Routing\\Router->runRouteWithinStack(Object(Illuminate\\Routing\\Route), Object(Illuminate\\Http\\Request))
#24 C:\\laragon\\www\\Firmador\\vendor\\laravel\\framework\\src\\Illuminate\\Routing\\Router.php(662): Illuminate\\Routing\\Router->runRoute(Object(Illuminate\\Http\\Request), Object(Illuminate\\Routing\\Route))
#25 C:\\laragon\\www\\Firmador\\vendor\\laravel\\framework\\src\\Illuminate\\Routing\\Router.php(651): Illuminate\\Routing\\Router->dispatchToRoute(Object(Illuminate\\Http\\Request))
#26 C:\\laragon\\www\\Firmador\\vendor\\laravel\\framework\\src\\Illuminate\\Foundation\\Http\\Kernel.php(167): Illuminate\\Routing\\Router->dispatch(Object(Illuminate\\Http\\Request))
#27 C:\\laragon\\www\\Firmador\\vendor\\laravel\\framework\\src\\Illuminate\\Pipeline\\Pipeline.php(128): Illuminate\\Foundation\\Http\\Kernel->Illuminate\\Foundation\\Http\\{closure}(Object(Illuminate\\Http\\Request))
#28 C:\\laragon\\www\\Firmador\\vendor\\laravel\\framework\\src\\Illuminate\\Foundation\\Http\\Middleware\\TransformsRequest.php(21): Illuminate\\Pipeline\\Pipeline->Illuminate\\Pipeline\\{closure}(Object(Illuminate\\Http\\Request))
#29 C:\\laragon\\www\\Firmador\\vendor\\laravel\\framework\\src\\Illuminate\\Foundation\\Http\\Middleware\\ConvertEmptyStringsToNull.php(31): Illuminate\\Foundation\\Http\\Middleware\\TransformsRequest->handle(Object(Illuminate\\Http\\Request), Object(Closure))
#30 C:\\laragon\\www\\Firmador\\vendor\\laravel\\framework\\src\\Illuminate\\Pipeline\\Pipeline.php(167): Illuminate\\Foundation\\Http\\Middleware\\ConvertEmptyStringsToNull->handle(Object(Illuminate\\Http\\Request), Object(Closure))
#31 C:\\laragon\\www\\Firmador\\vendor\\laravel\\framework\\src\\Illuminate\\Foundation\\Http\\Middleware\\TransformsRequest.php(21): Illuminate\\Pipeline\\Pipeline->Illuminate\\Pipeline\\{closure}(Object(Illuminate\\Http\\Request))
#32 C:\\laragon\\www\\Firmador\\vendor\\laravel\\framework\\src\\Illuminate\\Foundation\\Http\\Middleware\\TrimStrings.php(40): Illuminate\\Foundation\\Http\\Middleware\\TransformsRequest->handle(Object(Illuminate\\Http\\Request), Object(Closure))
#33 C:\\laragon\\www\\Firmador\\vendor\\laravel\\framework\\src\\Illuminate\\Pipeline\\Pipeline.php(167): Illuminate\\Foundation\\Http\\Middleware\\TrimStrings->handle(Object(Illuminate\\Http\\Request), Object(Closure))
#34 C:\\laragon\\www\\Firmador\\vendor\\laravel\\framework\\src\\Illuminate\\Foundation\\Http\\Middleware\\ValidatePostSize.php(27): Illuminate\\Pipeline\\Pipeline->Illuminate\\Pipeline\\{closure}(Object(Illuminate\\Http\\Request))
#35 C:\\laragon\\www\\Firmador\\vendor\\laravel\\framework\\src\\Illuminate\\Pipeline\\Pipeline.php(167): Illuminate\\Foundation\\Http\\Middleware\\ValidatePostSize->handle(Object(Illuminate\\Http\\Request), Object(Closure))
#36 C:\\laragon\\www\\Firmador\\vendor\\laravel\\framework\\src\\Illuminate\\Foundation\\Http\\Middleware\\PreventRequestsDuringMaintenance.php(86): Illuminate\\Pipeline\\Pipeline->Illuminate\\Pipeline\\{closure}(Object(Illuminate\\Http\\Request))
#37 C:\\laragon\\www\\Firmador\\vendor\\laravel\\framework\\src\\Illuminate\\Pipeline\\Pipeline.php(167): Illuminate\\Foundation\\Http\\Middleware\\PreventRequestsDuringMaintenance->handle(Object(Illuminate\\Http\\Request), Object(Closure))
#38 C:\\laragon\\www\\Firmador\\vendor\\fruitcake\\laravel-cors\\src\\HandleCors.php(52): Illuminate\\Pipeline\\Pipeline->Illuminate\\Pipeline\\{closure}(Object(Illuminate\\Http\\Request))
#39 C:\\laragon\\www\\Firmador\\vendor\\laravel\\framework\\src\\Illuminate\\Pipeline\\Pipeline.php(167): Fruitcake\\Cors\\HandleCors->handle(Object(Illuminate\\Http\\Request), Object(Closure))
#40 C:\\laragon\\www\\Firmador\\vendor\\laravel\\framework\\src\\Illuminate\\Http\\Middleware\\TrustProxies.php(39): Illuminate\\Pipeline\\Pipeline->Illuminate\\Pipeline\\{closure}(Object(Illuminate\\Http\\Request))
#41 C:\\laragon\\www\\Firmador\\vendor\\laravel\\framework\\src\\Illuminate\\Pipeline\\Pipeline.php(167): Illuminate\\Http\\Middleware\\TrustProxies->handle(Object(Illuminate\\Http\\Request), Object(Closure))
#42 C:\\laragon\\www\\Firmador\\vendor\\laravel\\framework\\src\\Illuminate\\Pipeline\\Pipeline.php(103): Illuminate\\Pipeline\\Pipeline->Illuminate\\Pipeline\\{closure}(Object(Illuminate\\Http\\Request))
#43 C:\\laragon\\www\\Firmador\\vendor\\laravel\\framework\\src\\Illuminate\\Foundation\\Http\\Kernel.php(142): Illuminate\\Pipeline\\Pipeline->then(Object(Closure))
#44 C:\\laragon\\www\\Firmador\\vendor\\laravel\\framework\\src\\Illuminate\\Foundation\\Http\\Kernel.php(111): Illuminate\\Foundation\\Http\\Kernel->sendRequestThroughRouter(Object(Illuminate\\Http\\Request))
#45 C:\\laragon\\www\\Firmador\\public\\index.php(52): Illuminate\\Foundation\\Http\\Kernel->handle(Object(Illuminate\\Http\\Request))
#46 C:\\laragon\\www\\Firmador\\server.php(21): require_once('C:\\\\laragon\\\\www\\\\...')
#47 {main}
"} 
[2025-03-27 19:55:20] local.ERROR: There are no commands defined in the "ide-helper" namespace. {"exception":"[object] (Symfony\\Component\\Console\\Exception\\NamespaceNotFoundException(code: 0): There are no commands defined in the \"ide-helper\" namespace. at C:\\laragon\\www\\Firmador\\vendor\\symfony\\console\\Application.php:650)
[stacktrace]
#0 C:\\laragon\\www\\Firmador\\vendor\\symfony\\console\\Application.php(701): Symfony\\Component\\Console\\Application->findNamespace('ide-helper')
#1 C:\\laragon\\www\\Firmador\\vendor\\symfony\\console\\Application.php(259): Symfony\\Component\\Console\\Application->find('ide-helper:gene...')
#2 C:\\laragon\\www\\Firmador\\vendor\\symfony\\console\\Application.php(171): Symfony\\Component\\Console\\Application->doRun(Object(Symfony\\Component\\Console\\Input\\ArgvInput), Object(Symfony\\Component\\Console\\Output\\ConsoleOutput))
#3 C:\\laragon\\www\\Firmador\\vendor\\laravel\\framework\\src\\Illuminate\\Console\\Application.php(94): Symfony\\Component\\Console\\Application->run(Object(Symfony\\Component\\Console\\Input\\ArgvInput), Object(Symfony\\Component\\Console\\Output\\ConsoleOutput))
#4 C:\\laragon\\www\\Firmador\\vendor\\laravel\\framework\\src\\Illuminate\\Foundation\\Console\\Kernel.php(129): Illuminate\\Console\\Application->run(Object(Symfony\\Component\\Console\\Input\\ArgvInput), Object(Symfony\\Component\\Console\\Output\\ConsoleOutput))
#5 C:\\laragon\\www\\Firmador\\artisan(35): Illuminate\\Foundation\\Console\\Kernel->handle(Object(Symfony\\Component\\Console\\Input\\ArgvInput), Object(Symfony\\Component\\Console\\Output\\ConsoleOutput))
#6 {main}
"} 
[2025-03-27 19:55:20] local.ERROR: There are no commands defined in the "ide-helper" namespace. {"exception":"[object] (Symfony\\Component\\Console\\Exception\\NamespaceNotFoundException(code: 0): There are no commands defined in the \"ide-helper\" namespace. at C:\\laragon\\www\\Firmador\\vendor\\symfony\\console\\Application.php:650)
[stacktrace]
#0 C:\\laragon\\www\\Firmador\\vendor\\symfony\\console\\Application.php(701): Symfony\\Component\\Console\\Application->findNamespace('ide-helper')
#1 C:\\laragon\\www\\Firmador\\vendor\\symfony\\console\\Application.php(259): Symfony\\Component\\Console\\Application->find('ide-helper:gene...')
#2 C:\\laragon\\www\\Firmador\\vendor\\symfony\\console\\Application.php(171): Symfony\\Component\\Console\\Application->doRun(Object(Symfony\\Component\\Console\\Input\\ArgvInput), Object(Symfony\\Component\\Console\\Output\\ConsoleOutput))
#3 C:\\laragon\\www\\Firmador\\vendor\\laravel\\framework\\src\\Illuminate\\Console\\Application.php(94): Symfony\\Component\\Console\\Application->run(Object(Symfony\\Component\\Console\\Input\\ArgvInput), Object(Symfony\\Component\\Console\\Output\\ConsoleOutput))
#4 C:\\laragon\\www\\Firmador\\vendor\\laravel\\framework\\src\\Illuminate\\Foundation\\Console\\Kernel.php(129): Illuminate\\Console\\Application->run(Object(Symfony\\Component\\Console\\Input\\ArgvInput), Object(Symfony\\Component\\Console\\Output\\ConsoleOutput))
#5 C:\\laragon\\www\\Firmador\\artisan(35): Illuminate\\Foundation\\Console\\Kernel->handle(Object(Symfony\\Component\\Console\\Input\\ArgvInput), Object(Symfony\\Component\\Console\\Output\\ConsoleOutput))
#6 {main}
"} 
[2025-03-27 19:57:34] local.ERROR: There are no commands defined in the "ide-helper" namespace. {"exception":"[object] (Symfony\\Component\\Console\\Exception\\NamespaceNotFoundException(code: 0): There are no commands defined in the \"ide-helper\" namespace. at C:\\laragon\\www\\Firmador\\vendor\\symfony\\console\\Application.php:650)
[stacktrace]
#0 C:\\laragon\\www\\Firmador\\vendor\\symfony\\console\\Application.php(701): Symfony\\Component\\Console\\Application->findNamespace('ide-helper')
#1 C:\\laragon\\www\\Firmador\\vendor\\symfony\\console\\Application.php(259): Symfony\\Component\\Console\\Application->find('ide-helper:gene...')
#2 C:\\laragon\\www\\Firmador\\vendor\\symfony\\console\\Application.php(171): Symfony\\Component\\Console\\Application->doRun(Object(Symfony\\Component\\Console\\Input\\ArgvInput), Object(Symfony\\Component\\Console\\Output\\ConsoleOutput))
#3 C:\\laragon\\www\\Firmador\\vendor\\laravel\\framework\\src\\Illuminate\\Console\\Application.php(94): Symfony\\Component\\Console\\Application->run(Object(Symfony\\Component\\Console\\Input\\ArgvInput), Object(Symfony\\Component\\Console\\Output\\ConsoleOutput))
#4 C:\\laragon\\www\\Firmador\\vendor\\laravel\\framework\\src\\Illuminate\\Foundation\\Console\\Kernel.php(129): Illuminate\\Console\\Application->run(Object(Symfony\\Component\\Console\\Input\\ArgvInput), Object(Symfony\\Component\\Console\\Output\\ConsoleOutput))
#5 C:\\laragon\\www\\Firmador\\artisan(35): Illuminate\\Foundation\\Console\\Kernel->handle(Object(Symfony\\Component\\Console\\Input\\ArgvInput), Object(Symfony\\Component\\Console\\Output\\ConsoleOutput))
#6 {main}
"} 
[2025-03-27 19:57:34] local.ERROR: There are no commands defined in the "ide-helper" namespace. {"exception":"[object] (Symfony\\Component\\Console\\Exception\\NamespaceNotFoundException(code: 0): There are no commands defined in the \"ide-helper\" namespace. at C:\\laragon\\www\\Firmador\\vendor\\symfony\\console\\Application.php:650)
[stacktrace]
#0 C:\\laragon\\www\\Firmador\\vendor\\symfony\\console\\Application.php(701): Symfony\\Component\\Console\\Application->findNamespace('ide-helper')
#1 C:\\laragon\\www\\Firmador\\vendor\\symfony\\console\\Application.php(259): Symfony\\Component\\Console\\Application->find('ide-helper:gene...')
#2 C:\\laragon\\www\\Firmador\\vendor\\symfony\\console\\Application.php(171): Symfony\\Component\\Console\\Application->doRun(Object(Symfony\\Component\\Console\\Input\\ArgvInput), Object(Symfony\\Component\\Console\\Output\\ConsoleOutput))
#3 C:\\laragon\\www\\Firmador\\vendor\\laravel\\framework\\src\\Illuminate\\Console\\Application.php(94): Symfony\\Component\\Console\\Application->run(Object(Symfony\\Component\\Console\\Input\\ArgvInput), Object(Symfony\\Component\\Console\\Output\\ConsoleOutput))
#4 C:\\laragon\\www\\Firmador\\vendor\\laravel\\framework\\src\\Illuminate\\Foundation\\Console\\Kernel.php(129): Illuminate\\Console\\Application->run(Object(Symfony\\Component\\Console\\Input\\ArgvInput), Object(Symfony\\Component\\Console\\Output\\ConsoleOutput))
#5 C:\\laragon\\www\\Firmador\\artisan(35): Illuminate\\Foundation\\Console\\Kernel->handle(Object(Symfony\\Component\\Console\\Input\\ArgvInput), Object(Symfony\\Component\\Console\\Output\\ConsoleOutput))
#6 {main}
"} 
[2025-03-27 19:59:50] local.ERROR: There are no commands defined in the "ide-helper" namespace. {"exception":"[object] (Symfony\\Component\\Console\\Exception\\NamespaceNotFoundException(code: 0): There are no commands defined in the \"ide-helper\" namespace. at C:\\laragon\\www\\Firmador\\vendor\\symfony\\console\\Application.php:650)
[stacktrace]
#0 C:\\laragon\\www\\Firmador\\vendor\\symfony\\console\\Application.php(701): Symfony\\Component\\Console\\Application->findNamespace('ide-helper')
#1 C:\\laragon\\www\\Firmador\\vendor\\symfony\\console\\Application.php(259): Symfony\\Component\\Console\\Application->find('ide-helper:gene...')
#2 C:\\laragon\\www\\Firmador\\vendor\\symfony\\console\\Application.php(171): Symfony\\Component\\Console\\Application->doRun(Object(Symfony\\Component\\Console\\Input\\ArgvInput), Object(Symfony\\Component\\Console\\Output\\ConsoleOutput))
#3 C:\\laragon\\www\\Firmador\\vendor\\laravel\\framework\\src\\Illuminate\\Console\\Application.php(94): Symfony\\Component\\Console\\Application->run(Object(Symfony\\Component\\Console\\Input\\ArgvInput), Object(Symfony\\Component\\Console\\Output\\ConsoleOutput))
#4 C:\\laragon\\www\\Firmador\\vendor\\laravel\\framework\\src\\Illuminate\\Foundation\\Console\\Kernel.php(129): Illuminate\\Console\\Application->run(Object(Symfony\\Component\\Console\\Input\\ArgvInput), Object(Symfony\\Component\\Console\\Output\\ConsoleOutput))
#5 C:\\laragon\\www\\Firmador\\artisan(35): Illuminate\\Foundation\\Console\\Kernel->handle(Object(Symfony\\Component\\Console\\Input\\ArgvInput), Object(Symfony\\Component\\Console\\Output\\ConsoleOutput))
#6 {main}
"} 
[2025-03-27 19:59:50] local.ERROR: There are no commands defined in the "ide-helper" namespace. {"exception":"[object] (Symfony\\Component\\Console\\Exception\\NamespaceNotFoundException(code: 0): There are no commands defined in the \"ide-helper\" namespace. at C:\\laragon\\www\\Firmador\\vendor\\symfony\\console\\Application.php:650)
[stacktrace]
#0 C:\\laragon\\www\\Firmador\\vendor\\symfony\\console\\Application.php(701): Symfony\\Component\\Console\\Application->findNamespace('ide-helper')
#1 C:\\laragon\\www\\Firmador\\vendor\\symfony\\console\\Application.php(259): Symfony\\Component\\Console\\Application->find('ide-helper:gene...')
#2 C:\\laragon\\www\\Firmador\\vendor\\symfony\\console\\Application.php(171): Symfony\\Component\\Console\\Application->doRun(Object(Symfony\\Component\\Console\\Input\\ArgvInput), Object(Symfony\\Component\\Console\\Output\\ConsoleOutput))
#3 C:\\laragon\\www\\Firmador\\vendor\\laravel\\framework\\src\\Illuminate\\Console\\Application.php(94): Symfony\\Component\\Console\\Application->run(Object(Symfony\\Component\\Console\\Input\\ArgvInput), Object(Symfony\\Component\\Console\\Output\\ConsoleOutput))
#4 C:\\laragon\\www\\Firmador\\vendor\\laravel\\framework\\src\\Illuminate\\Foundation\\Console\\Kernel.php(129): Illuminate\\Console\\Application->run(Object(Symfony\\Component\\Console\\Input\\ArgvInput), Object(Symfony\\Component\\Console\\Output\\ConsoleOutput))
#5 C:\\laragon\\www\\Firmador\\artisan(35): Illuminate\\Foundation\\Console\\Kernel->handle(Object(Symfony\\Component\\Console\\Input\\ArgvInput), Object(Symfony\\Component\\Console\\Output\\ConsoleOutput))
#6 {main}
"} 
[2025-03-27 20:01:01] local.ERROR: There are no commands defined in the "ide-helper" namespace. {"exception":"[object] (Symfony\\Component\\Console\\Exception\\NamespaceNotFoundException(code: 0): There are no commands defined in the \"ide-helper\" namespace. at C:\\laragon\\www\\Firmador\\vendor\\symfony\\console\\Application.php:650)
[stacktrace]
#0 C:\\laragon\\www\\Firmador\\vendor\\symfony\\console\\Application.php(701): Symfony\\Component\\Console\\Application->findNamespace('ide-helper')
#1 C:\\laragon\\www\\Firmador\\vendor\\symfony\\console\\Application.php(259): Symfony\\Component\\Console\\Application->find('ide-helper:gene...')
#2 C:\\laragon\\www\\Firmador\\vendor\\symfony\\console\\Application.php(171): Symfony\\Component\\Console\\Application->doRun(Object(Symfony\\Component\\Console\\Input\\ArgvInput), Object(Symfony\\Component\\Console\\Output\\ConsoleOutput))
#3 C:\\laragon\\www\\Firmador\\vendor\\laravel\\framework\\src\\Illuminate\\Console\\Application.php(94): Symfony\\Component\\Console\\Application->run(Object(Symfony\\Component\\Console\\Input\\ArgvInput), Object(Symfony\\Component\\Console\\Output\\ConsoleOutput))
#4 C:\\laragon\\www\\Firmador\\vendor\\laravel\\framework\\src\\Illuminate\\Foundation\\Console\\Kernel.php(129): Illuminate\\Console\\Application->run(Object(Symfony\\Component\\Console\\Input\\ArgvInput), Object(Symfony\\Component\\Console\\Output\\ConsoleOutput))
#5 C:\\laragon\\www\\Firmador\\artisan(35): Illuminate\\Foundation\\Console\\Kernel->handle(Object(Symfony\\Component\\Console\\Input\\ArgvInput), Object(Symfony\\Component\\Console\\Output\\ConsoleOutput))
#6 {main}
"} 
[2025-03-27 20:01:01] local.ERROR: There are no commands defined in the "ide-helper" namespace. {"exception":"[object] (Symfony\\Component\\Console\\Exception\\NamespaceNotFoundException(code: 0): There are no commands defined in the \"ide-helper\" namespace. at C:\\laragon\\www\\Firmador\\vendor\\symfony\\console\\Application.php:650)
[stacktrace]
#0 C:\\laragon\\www\\Firmador\\vendor\\symfony\\console\\Application.php(701): Symfony\\Component\\Console\\Application->findNamespace('ide-helper')
#1 C:\\laragon\\www\\Firmador\\vendor\\symfony\\console\\Application.php(259): Symfony\\Component\\Console\\Application->find('ide-helper:gene...')
#2 C:\\laragon\\www\\Firmador\\vendor\\symfony\\console\\Application.php(171): Symfony\\Component\\Console\\Application->doRun(Object(Symfony\\Component\\Console\\Input\\ArgvInput), Object(Symfony\\Component\\Console\\Output\\ConsoleOutput))
#3 C:\\laragon\\www\\Firmador\\vendor\\laravel\\framework\\src\\Illuminate\\Console\\Application.php(94): Symfony\\Component\\Console\\Application->run(Object(Symfony\\Component\\Console\\Input\\ArgvInput), Object(Symfony\\Component\\Console\\Output\\ConsoleOutput))
#4 C:\\laragon\\www\\Firmador\\vendor\\laravel\\framework\\src\\Illuminate\\Foundation\\Console\\Kernel.php(129): Illuminate\\Console\\Application->run(Object(Symfony\\Component\\Console\\Input\\ArgvInput), Object(Symfony\\Component\\Console\\Output\\ConsoleOutput))
#5 C:\\laragon\\www\\Firmador\\artisan(35): Illuminate\\Foundation\\Console\\Kernel->handle(Object(Symfony\\Component\\Console\\Input\\ArgvInput), Object(Symfony\\Component\\Console\\Output\\ConsoleOutput))
#6 {main}
"} 
[2025-03-27 20:01:11] local.ERROR: There are no commands defined in the "ide-helper" namespace. {"exception":"[object] (Symfony\\Component\\Console\\Exception\\NamespaceNotFoundException(code: 0): There are no commands defined in the \"ide-helper\" namespace. at C:\\laragon\\www\\Firmador\\vendor\\symfony\\console\\Application.php:650)
[stacktrace]
#0 C:\\laragon\\www\\Firmador\\vendor\\symfony\\console\\Application.php(701): Symfony\\Component\\Console\\Application->findNamespace('ide-helper')
#1 C:\\laragon\\www\\Firmador\\vendor\\symfony\\console\\Application.php(259): Symfony\\Component\\Console\\Application->find('ide-helper:gene...')
#2 C:\\laragon\\www\\Firmador\\vendor\\symfony\\console\\Application.php(171): Symfony\\Component\\Console\\Application->doRun(Object(Symfony\\Component\\Console\\Input\\ArgvInput), Object(Symfony\\Component\\Console\\Output\\ConsoleOutput))
#3 C:\\laragon\\www\\Firmador\\vendor\\laravel\\framework\\src\\Illuminate\\Console\\Application.php(94): Symfony\\Component\\Console\\Application->run(Object(Symfony\\Component\\Console\\Input\\ArgvInput), Object(Symfony\\Component\\Console\\Output\\ConsoleOutput))
#4 C:\\laragon\\www\\Firmador\\vendor\\laravel\\framework\\src\\Illuminate\\Foundation\\Console\\Kernel.php(129): Illuminate\\Console\\Application->run(Object(Symfony\\Component\\Console\\Input\\ArgvInput), Object(Symfony\\Component\\Console\\Output\\ConsoleOutput))
#5 C:\\laragon\\www\\Firmador\\artisan(35): Illuminate\\Foundation\\Console\\Kernel->handle(Object(Symfony\\Component\\Console\\Input\\ArgvInput), Object(Symfony\\Component\\Console\\Output\\ConsoleOutput))
#6 {main}
"} 
[2025-03-27 20:01:11] local.ERROR: There are no commands defined in the "ide-helper" namespace. {"exception":"[object] (Symfony\\Component\\Console\\Exception\\NamespaceNotFoundException(code: 0): There are no commands defined in the \"ide-helper\" namespace. at C:\\laragon\\www\\Firmador\\vendor\\symfony\\console\\Application.php:650)
[stacktrace]
#0 C:\\laragon\\www\\Firmador\\vendor\\symfony\\console\\Application.php(701): Symfony\\Component\\Console\\Application->findNamespace('ide-helper')
#1 C:\\laragon\\www\\Firmador\\vendor\\symfony\\console\\Application.php(259): Symfony\\Component\\Console\\Application->find('ide-helper:gene...')
#2 C:\\laragon\\www\\Firmador\\vendor\\symfony\\console\\Application.php(171): Symfony\\Component\\Console\\Application->doRun(Object(Symfony\\Component\\Console\\Input\\ArgvInput), Object(Symfony\\Component\\Console\\Output\\ConsoleOutput))
#3 C:\\laragon\\www\\Firmador\\vendor\\laravel\\framework\\src\\Illuminate\\Console\\Application.php(94): Symfony\\Component\\Console\\Application->run(Object(Symfony\\Component\\Console\\Input\\ArgvInput), Object(Symfony\\Component\\Console\\Output\\ConsoleOutput))
#4 C:\\laragon\\www\\Firmador\\vendor\\laravel\\framework\\src\\Illuminate\\Foundation\\Console\\Kernel.php(129): Illuminate\\Console\\Application->run(Object(Symfony\\Component\\Console\\Input\\ArgvInput), Object(Symfony\\Component\\Console\\Output\\ConsoleOutput))
#5 C:\\laragon\\www\\Firmador\\artisan(35): Illuminate\\Foundation\\Console\\Kernel->handle(Object(Symfony\\Component\\Console\\Input\\ArgvInput), Object(Symfony\\Component\\Console\\Output\\ConsoleOutput))
#6 {main}
"} 
[2025-03-27 20:01:15] local.ERROR: There are no commands defined in the "ide-helper" namespace. {"exception":"[object] (Symfony\\Component\\Console\\Exception\\NamespaceNotFoundException(code: 0): There are no commands defined in the \"ide-helper\" namespace. at C:\\laragon\\www\\Firmador\\vendor\\symfony\\console\\Application.php:650)
[stacktrace]
#0 C:\\laragon\\www\\Firmador\\vendor\\symfony\\console\\Application.php(701): Symfony\\Component\\Console\\Application->findNamespace('ide-helper')
#1 C:\\laragon\\www\\Firmador\\vendor\\symfony\\console\\Application.php(259): Symfony\\Component\\Console\\Application->find('ide-helper:gene...')
#2 C:\\laragon\\www\\Firmador\\vendor\\symfony\\console\\Application.php(171): Symfony\\Component\\Console\\Application->doRun(Object(Symfony\\Component\\Console\\Input\\ArgvInput), Object(Symfony\\Component\\Console\\Output\\ConsoleOutput))
#3 C:\\laragon\\www\\Firmador\\vendor\\laravel\\framework\\src\\Illuminate\\Console\\Application.php(94): Symfony\\Component\\Console\\Application->run(Object(Symfony\\Component\\Console\\Input\\ArgvInput), Object(Symfony\\Component\\Console\\Output\\ConsoleOutput))
#4 C:\\laragon\\www\\Firmador\\vendor\\laravel\\framework\\src\\Illuminate\\Foundation\\Console\\Kernel.php(129): Illuminate\\Console\\Application->run(Object(Symfony\\Component\\Console\\Input\\ArgvInput), Object(Symfony\\Component\\Console\\Output\\ConsoleOutput))
#5 C:\\laragon\\www\\Firmador\\artisan(35): Illuminate\\Foundation\\Console\\Kernel->handle(Object(Symfony\\Component\\Console\\Input\\ArgvInput), Object(Symfony\\Component\\Console\\Output\\ConsoleOutput))
#6 {main}
"} 
[2025-03-27 20:01:15] local.ERROR: There are no commands defined in the "ide-helper" namespace. {"exception":"[object] (Symfony\\Component\\Console\\Exception\\NamespaceNotFoundException(code: 0): There are no commands defined in the \"ide-helper\" namespace. at C:\\laragon\\www\\Firmador\\vendor\\symfony\\console\\Application.php:650)
[stacktrace]
#0 C:\\laragon\\www\\Firmador\\vendor\\symfony\\console\\Application.php(701): Symfony\\Component\\Console\\Application->findNamespace('ide-helper')
#1 C:\\laragon\\www\\Firmador\\vendor\\symfony\\console\\Application.php(259): Symfony\\Component\\Console\\Application->find('ide-helper:gene...')
#2 C:\\laragon\\www\\Firmador\\vendor\\symfony\\console\\Application.php(171): Symfony\\Component\\Console\\Application->doRun(Object(Symfony\\Component\\Console\\Input\\ArgvInput), Object(Symfony\\Component\\Console\\Output\\ConsoleOutput))
#3 C:\\laragon\\www\\Firmador\\vendor\\laravel\\framework\\src\\Illuminate\\Console\\Application.php(94): Symfony\\Component\\Console\\Application->run(Object(Symfony\\Component\\Console\\Input\\ArgvInput), Object(Symfony\\Component\\Console\\Output\\ConsoleOutput))
#4 C:\\laragon\\www\\Firmador\\vendor\\laravel\\framework\\src\\Illuminate\\Foundation\\Console\\Kernel.php(129): Illuminate\\Console\\Application->run(Object(Symfony\\Component\\Console\\Input\\ArgvInput), Object(Symfony\\Component\\Console\\Output\\ConsoleOutput))
#5 C:\\laragon\\www\\Firmador\\artisan(35): Illuminate\\Foundation\\Console\\Kernel->handle(Object(Symfony\\Component\\Console\\Input\\ArgvInput), Object(Symfony\\Component\\Console\\Output\\ConsoleOutput))
#6 {main}
"} 
[2025-03-27 20:01:27] local.ERROR: There are no commands defined in the "ide-helper" namespace. {"exception":"[object] (Symfony\\Component\\Console\\Exception\\NamespaceNotFoundException(code: 0): There are no commands defined in the \"ide-helper\" namespace. at C:\\laragon\\www\\Firmador\\vendor\\symfony\\console\\Application.php:650)
[stacktrace]
#0 C:\\laragon\\www\\Firmador\\vendor\\symfony\\console\\Application.php(701): Symfony\\Component\\Console\\Application->findNamespace('ide-helper')
#1 C:\\laragon\\www\\Firmador\\vendor\\symfony\\console\\Application.php(259): Symfony\\Component\\Console\\Application->find('ide-helper:gene...')
#2 C:\\laragon\\www\\Firmador\\vendor\\symfony\\console\\Application.php(171): Symfony\\Component\\Console\\Application->doRun(Object(Symfony\\Component\\Console\\Input\\ArgvInput), Object(Symfony\\Component\\Console\\Output\\ConsoleOutput))
#3 C:\\laragon\\www\\Firmador\\vendor\\laravel\\framework\\src\\Illuminate\\Console\\Application.php(94): Symfony\\Component\\Console\\Application->run(Object(Symfony\\Component\\Console\\Input\\ArgvInput), Object(Symfony\\Component\\Console\\Output\\ConsoleOutput))
#4 C:\\laragon\\www\\Firmador\\vendor\\laravel\\framework\\src\\Illuminate\\Foundation\\Console\\Kernel.php(129): Illuminate\\Console\\Application->run(Object(Symfony\\Component\\Console\\Input\\ArgvInput), Object(Symfony\\Component\\Console\\Output\\ConsoleOutput))
#5 C:\\laragon\\www\\Firmador\\artisan(35): Illuminate\\Foundation\\Console\\Kernel->handle(Object(Symfony\\Component\\Console\\Input\\ArgvInput), Object(Symfony\\Component\\Console\\Output\\ConsoleOutput))
#6 {main}
"} 
[2025-03-27 20:01:27] local.ERROR: There are no commands defined in the "ide-helper" namespace. {"exception":"[object] (Symfony\\Component\\Console\\Exception\\NamespaceNotFoundException(code: 0): There are no commands defined in the \"ide-helper\" namespace. at C:\\laragon\\www\\Firmador\\vendor\\symfony\\console\\Application.php:650)
[stacktrace]
#0 C:\\laragon\\www\\Firmador\\vendor\\symfony\\console\\Application.php(701): Symfony\\Component\\Console\\Application->findNamespace('ide-helper')
#1 C:\\laragon\\www\\Firmador\\vendor\\symfony\\console\\Application.php(259): Symfony\\Component\\Console\\Application->find('ide-helper:gene...')
#2 C:\\laragon\\www\\Firmador\\vendor\\symfony\\console\\Application.php(171): Symfony\\Component\\Console\\Application->doRun(Object(Symfony\\Component\\Console\\Input\\ArgvInput), Object(Symfony\\Component\\Console\\Output\\ConsoleOutput))
#3 C:\\laragon\\www\\Firmador\\vendor\\laravel\\framework\\src\\Illuminate\\Console\\Application.php(94): Symfony\\Component\\Console\\Application->run(Object(Symfony\\Component\\Console\\Input\\ArgvInput), Object(Symfony\\Component\\Console\\Output\\ConsoleOutput))
#4 C:\\laragon\\www\\Firmador\\vendor\\laravel\\framework\\src\\Illuminate\\Foundation\\Console\\Kernel.php(129): Illuminate\\Console\\Application->run(Object(Symfony\\Component\\Console\\Input\\ArgvInput), Object(Symfony\\Component\\Console\\Output\\ConsoleOutput))
#5 C:\\laragon\\www\\Firmador\\artisan(35): Illuminate\\Foundation\\Console\\Kernel->handle(Object(Symfony\\Component\\Console\\Input\\ArgvInput), Object(Symfony\\Component\\Console\\Output\\ConsoleOutput))
#6 {main}
"} 
[2025-03-27 20:01:27] local.ERROR: There are no commands defined in the "ide-helper" namespace. {"exception":"[object] (Symfony\\Component\\Console\\Exception\\NamespaceNotFoundException(code: 0): There are no commands defined in the \"ide-helper\" namespace. at C:\\laragon\\www\\Firmador\\vendor\\symfony\\console\\Application.php:650)
[stacktrace]
#0 C:\\laragon\\www\\Firmador\\vendor\\symfony\\console\\Application.php(701): Symfony\\Component\\Console\\Application->findNamespace('ide-helper')
#1 C:\\laragon\\www\\Firmador\\vendor\\symfony\\console\\Application.php(259): Symfony\\Component\\Console\\Application->find('ide-helper:gene...')
#2 C:\\laragon\\www\\Firmador\\vendor\\symfony\\console\\Application.php(171): Symfony\\Component\\Console\\Application->doRun(Object(Symfony\\Component\\Console\\Input\\ArgvInput), Object(Symfony\\Component\\Console\\Output\\ConsoleOutput))
#3 C:\\laragon\\www\\Firmador\\vendor\\laravel\\framework\\src\\Illuminate\\Console\\Application.php(94): Symfony\\Component\\Console\\Application->run(Object(Symfony\\Component\\Console\\Input\\ArgvInput), Object(Symfony\\Component\\Console\\Output\\ConsoleOutput))
#4 C:\\laragon\\www\\Firmador\\vendor\\laravel\\framework\\src\\Illuminate\\Foundation\\Console\\Kernel.php(129): Illuminate\\Console\\Application->run(Object(Symfony\\Component\\Console\\Input\\ArgvInput), Object(Symfony\\Component\\Console\\Output\\ConsoleOutput))
#5 C:\\laragon\\www\\Firmador\\artisan(35): Illuminate\\Foundation\\Console\\Kernel->handle(Object(Symfony\\Component\\Console\\Input\\ArgvInput), Object(Symfony\\Component\\Console\\Output\\ConsoleOutput))
#6 {main}
"} 
[2025-03-27 20:01:40] local.ERROR: There are no commands defined in the "ide-helper" namespace. {"exception":"[object] (Symfony\\Component\\Console\\Exception\\NamespaceNotFoundException(code: 0): There are no commands defined in the \"ide-helper\" namespace. at C:\\laragon\\www\\Firmador\\vendor\\symfony\\console\\Application.php:650)
[stacktrace]
#0 C:\\laragon\\www\\Firmador\\vendor\\symfony\\console\\Application.php(701): Symfony\\Component\\Console\\Application->findNamespace('ide-helper')
#1 C:\\laragon\\www\\Firmador\\vendor\\symfony\\console\\Application.php(259): Symfony\\Component\\Console\\Application->find('ide-helper:gene...')
#2 C:\\laragon\\www\\Firmador\\vendor\\symfony\\console\\Application.php(171): Symfony\\Component\\Console\\Application->doRun(Object(Symfony\\Component\\Console\\Input\\ArgvInput), Object(Symfony\\Component\\Console\\Output\\ConsoleOutput))
#3 C:\\laragon\\www\\Firmador\\vendor\\laravel\\framework\\src\\Illuminate\\Console\\Application.php(94): Symfony\\Component\\Console\\Application->run(Object(Symfony\\Component\\Console\\Input\\ArgvInput), Object(Symfony\\Component\\Console\\Output\\ConsoleOutput))
#4 C:\\laragon\\www\\Firmador\\vendor\\laravel\\framework\\src\\Illuminate\\Foundation\\Console\\Kernel.php(129): Illuminate\\Console\\Application->run(Object(Symfony\\Component\\Console\\Input\\ArgvInput), Object(Symfony\\Component\\Console\\Output\\ConsoleOutput))
#5 C:\\laragon\\www\\Firmador\\artisan(35): Illuminate\\Foundation\\Console\\Kernel->handle(Object(Symfony\\Component\\Console\\Input\\ArgvInput), Object(Symfony\\Component\\Console\\Output\\ConsoleOutput))
#6 {main}
"} 
[2025-03-27 20:01:40] local.ERROR: There are no commands defined in the "ide-helper" namespace. {"exception":"[object] (Symfony\\Component\\Console\\Exception\\NamespaceNotFoundException(code: 0): There are no commands defined in the \"ide-helper\" namespace. at C:\\laragon\\www\\Firmador\\vendor\\symfony\\console\\Application.php:650)
[stacktrace]
#0 C:\\laragon\\www\\Firmador\\vendor\\symfony\\console\\Application.php(701): Symfony\\Component\\Console\\Application->findNamespace('ide-helper')
#1 C:\\laragon\\www\\Firmador\\vendor\\symfony\\console\\Application.php(259): Symfony\\Component\\Console\\Application->find('ide-helper:gene...')
#2 C:\\laragon\\www\\Firmador\\vendor\\symfony\\console\\Application.php(171): Symfony\\Component\\Console\\Application->doRun(Object(Symfony\\Component\\Console\\Input\\ArgvInput), Object(Symfony\\Component\\Console\\Output\\ConsoleOutput))
#3 C:\\laragon\\www\\Firmador\\vendor\\laravel\\framework\\src\\Illuminate\\Console\\Application.php(94): Symfony\\Component\\Console\\Application->run(Object(Symfony\\Component\\Console\\Input\\ArgvInput), Object(Symfony\\Component\\Console\\Output\\ConsoleOutput))
#4 C:\\laragon\\www\\Firmador\\vendor\\laravel\\framework\\src\\Illuminate\\Foundation\\Console\\Kernel.php(129): Illuminate\\Console\\Application->run(Object(Symfony\\Component\\Console\\Input\\ArgvInput), Object(Symfony\\Component\\Console\\Output\\ConsoleOutput))
#5 C:\\laragon\\www\\Firmador\\artisan(35): Illuminate\\Foundation\\Console\\Kernel->handle(Object(Symfony\\Component\\Console\\Input\\ArgvInput), Object(Symfony\\Component\\Console\\Output\\ConsoleOutput))
#6 {main}
"} 
[2025-03-27 20:01:40] local.ERROR: There are no commands defined in the "ide-helper" namespace. {"exception":"[object] (Symfony\\Component\\Console\\Exception\\NamespaceNotFoundException(code: 0): There are no commands defined in the \"ide-helper\" namespace. at C:\\laragon\\www\\Firmador\\vendor\\symfony\\console\\Application.php:650)
[stacktrace]
#0 C:\\laragon\\www\\Firmador\\vendor\\symfony\\console\\Application.php(701): Symfony\\Component\\Console\\Application->findNamespace('ide-helper')
#1 C:\\laragon\\www\\Firmador\\vendor\\symfony\\console\\Application.php(259): Symfony\\Component\\Console\\Application->find('ide-helper:gene...')
#2 C:\\laragon\\www\\Firmador\\vendor\\symfony\\console\\Application.php(171): Symfony\\Component\\Console\\Application->doRun(Object(Symfony\\Component\\Console\\Input\\ArgvInput), Object(Symfony\\Component\\Console\\Output\\ConsoleOutput))
#3 C:\\laragon\\www\\Firmador\\vendor\\laravel\\framework\\src\\Illuminate\\Console\\Application.php(94): Symfony\\Component\\Console\\Application->run(Object(Symfony\\Component\\Console\\Input\\ArgvInput), Object(Symfony\\Component\\Console\\Output\\ConsoleOutput))
#4 C:\\laragon\\www\\Firmador\\vendor\\laravel\\framework\\src\\Illuminate\\Foundation\\Console\\Kernel.php(129): Illuminate\\Console\\Application->run(Object(Symfony\\Component\\Console\\Input\\ArgvInput), Object(Symfony\\Component\\Console\\Output\\ConsoleOutput))
#5 C:\\laragon\\www\\Firmador\\artisan(35): Illuminate\\Foundation\\Console\\Kernel->handle(Object(Symfony\\Component\\Console\\Input\\ArgvInput), Object(Symfony\\Component\\Console\\Output\\ConsoleOutput))
#6 {main}
"} 
[2025-03-27 20:01:54] local.ERROR: There are no commands defined in the "ide-helper" namespace. {"exception":"[object] (Symfony\\Component\\Console\\Exception\\NamespaceNotFoundException(code: 0): There are no commands defined in the \"ide-helper\" namespace. at C:\\laragon\\www\\Firmador\\vendor\\symfony\\console\\Application.php:650)
[stacktrace]
#0 C:\\laragon\\www\\Firmador\\vendor\\symfony\\console\\Application.php(701): Symfony\\Component\\Console\\Application->findNamespace('ide-helper')
#1 C:\\laragon\\www\\Firmador\\vendor\\symfony\\console\\Application.php(259): Symfony\\Component\\Console\\Application->find('ide-helper:gene...')
#2 C:\\laragon\\www\\Firmador\\vendor\\symfony\\console\\Application.php(171): Symfony\\Component\\Console\\Application->doRun(Object(Symfony\\Component\\Console\\Input\\ArgvInput), Object(Symfony\\Component\\Console\\Output\\ConsoleOutput))
#3 C:\\laragon\\www\\Firmador\\vendor\\laravel\\framework\\src\\Illuminate\\Console\\Application.php(94): Symfony\\Component\\Console\\Application->run(Object(Symfony\\Component\\Console\\Input\\ArgvInput), Object(Symfony\\Component\\Console\\Output\\ConsoleOutput))
#4 C:\\laragon\\www\\Firmador\\vendor\\laravel\\framework\\src\\Illuminate\\Foundation\\Console\\Kernel.php(129): Illuminate\\Console\\Application->run(Object(Symfony\\Component\\Console\\Input\\ArgvInput), Object(Symfony\\Component\\Console\\Output\\ConsoleOutput))
#5 C:\\laragon\\www\\Firmador\\artisan(35): Illuminate\\Foundation\\Console\\Kernel->handle(Object(Symfony\\Component\\Console\\Input\\ArgvInput), Object(Symfony\\Component\\Console\\Output\\ConsoleOutput))
#6 {main}
"} 
[2025-03-27 20:01:54] local.ERROR: There are no commands defined in the "ide-helper" namespace. {"exception":"[object] (Symfony\\Component\\Console\\Exception\\NamespaceNotFoundException(code: 0): There are no commands defined in the \"ide-helper\" namespace. at C:\\laragon\\www\\Firmador\\vendor\\symfony\\console\\Application.php:650)
[stacktrace]
#0 C:\\laragon\\www\\Firmador\\vendor\\symfony\\console\\Application.php(701): Symfony\\Component\\Console\\Application->findNamespace('ide-helper')
#1 C:\\laragon\\www\\Firmador\\vendor\\symfony\\console\\Application.php(259): Symfony\\Component\\Console\\Application->find('ide-helper:gene...')
#2 C:\\laragon\\www\\Firmador\\vendor\\symfony\\console\\Application.php(171): Symfony\\Component\\Console\\Application->doRun(Object(Symfony\\Component\\Console\\Input\\ArgvInput), Object(Symfony\\Component\\Console\\Output\\ConsoleOutput))
#3 C:\\laragon\\www\\Firmador\\vendor\\laravel\\framework\\src\\Illuminate\\Console\\Application.php(94): Symfony\\Component\\Console\\Application->run(Object(Symfony\\Component\\Console\\Input\\ArgvInput), Object(Symfony\\Component\\Console\\Output\\ConsoleOutput))
#4 C:\\laragon\\www\\Firmador\\vendor\\laravel\\framework\\src\\Illuminate\\Foundation\\Console\\Kernel.php(129): Illuminate\\Console\\Application->run(Object(Symfony\\Component\\Console\\Input\\ArgvInput), Object(Symfony\\Component\\Console\\Output\\ConsoleOutput))
#5 C:\\laragon\\www\\Firmador\\artisan(35): Illuminate\\Foundation\\Console\\Kernel->handle(Object(Symfony\\Component\\Console\\Input\\ArgvInput), Object(Symfony\\Component\\Console\\Output\\ConsoleOutput))
#6 {main}
"} 
[2025-03-27 20:02:19] local.ERROR: There are no commands defined in the "ide-helper" namespace. {"exception":"[object] (Symfony\\Component\\Console\\Exception\\NamespaceNotFoundException(code: 0): There are no commands defined in the \"ide-helper\" namespace. at C:\\laragon\\www\\Firmador\\vendor\\symfony\\console\\Application.php:650)
[stacktrace]
#0 C:\\laragon\\www\\Firmador\\vendor\\symfony\\console\\Application.php(701): Symfony\\Component\\Console\\Application->findNamespace('ide-helper')
#1 C:\\laragon\\www\\Firmador\\vendor\\symfony\\console\\Application.php(259): Symfony\\Component\\Console\\Application->find('ide-helper:gene...')
#2 C:\\laragon\\www\\Firmador\\vendor\\symfony\\console\\Application.php(171): Symfony\\Component\\Console\\Application->doRun(Object(Symfony\\Component\\Console\\Input\\ArgvInput), Object(Symfony\\Component\\Console\\Output\\ConsoleOutput))
#3 C:\\laragon\\www\\Firmador\\vendor\\laravel\\framework\\src\\Illuminate\\Console\\Application.php(94): Symfony\\Component\\Console\\Application->run(Object(Symfony\\Component\\Console\\Input\\ArgvInput), Object(Symfony\\Component\\Console\\Output\\ConsoleOutput))
#4 C:\\laragon\\www\\Firmador\\vendor\\laravel\\framework\\src\\Illuminate\\Foundation\\Console\\Kernel.php(129): Illuminate\\Console\\Application->run(Object(Symfony\\Component\\Console\\Input\\ArgvInput), Object(Symfony\\Component\\Console\\Output\\ConsoleOutput))
#5 C:\\laragon\\www\\Firmador\\artisan(35): Illuminate\\Foundation\\Console\\Kernel->handle(Object(Symfony\\Component\\Console\\Input\\ArgvInput), Object(Symfony\\Component\\Console\\Output\\ConsoleOutput))
#6 {main}
"} 
[2025-03-27 20:02:19] local.ERROR: There are no commands defined in the "ide-helper" namespace. {"exception":"[object] (Symfony\\Component\\Console\\Exception\\NamespaceNotFoundException(code: 0): There are no commands defined in the \"ide-helper\" namespace. at C:\\laragon\\www\\Firmador\\vendor\\symfony\\console\\Application.php:650)
[stacktrace]
#0 C:\\laragon\\www\\Firmador\\vendor\\symfony\\console\\Application.php(701): Symfony\\Component\\Console\\Application->findNamespace('ide-helper')
#1 C:\\laragon\\www\\Firmador\\vendor\\symfony\\console\\Application.php(259): Symfony\\Component\\Console\\Application->find('ide-helper:gene...')
#2 C:\\laragon\\www\\Firmador\\vendor\\symfony\\console\\Application.php(171): Symfony\\Component\\Console\\Application->doRun(Object(Symfony\\Component\\Console\\Input\\ArgvInput), Object(Symfony\\Component\\Console\\Output\\ConsoleOutput))
#3 C:\\laragon\\www\\Firmador\\vendor\\laravel\\framework\\src\\Illuminate\\Console\\Application.php(94): Symfony\\Component\\Console\\Application->run(Object(Symfony\\Component\\Console\\Input\\ArgvInput), Object(Symfony\\Component\\Console\\Output\\ConsoleOutput))
#4 C:\\laragon\\www\\Firmador\\vendor\\laravel\\framework\\src\\Illuminate\\Foundation\\Console\\Kernel.php(129): Illuminate\\Console\\Application->run(Object(Symfony\\Component\\Console\\Input\\ArgvInput), Object(Symfony\\Component\\Console\\Output\\ConsoleOutput))
#5 C:\\laragon\\www\\Firmador\\artisan(35): Illuminate\\Foundation\\Console\\Kernel->handle(Object(Symfony\\Component\\Console\\Input\\ArgvInput), Object(Symfony\\Component\\Console\\Output\\ConsoleOutput))
#6 {main}
"} 
[2025-03-27 20:02:24] local.ERROR: There are no commands defined in the "ide-helper" namespace. {"exception":"[object] (Symfony\\Component\\Console\\Exception\\NamespaceNotFoundException(code: 0): There are no commands defined in the \"ide-helper\" namespace. at C:\\laragon\\www\\Firmador\\vendor\\symfony\\console\\Application.php:650)
[stacktrace]
#0 C:\\laragon\\www\\Firmador\\vendor\\symfony\\console\\Application.php(701): Symfony\\Component\\Console\\Application->findNamespace('ide-helper')
#1 C:\\laragon\\www\\Firmador\\vendor\\symfony\\console\\Application.php(259): Symfony\\Component\\Console\\Application->find('ide-helper:gene...')
#2 C:\\laragon\\www\\Firmador\\vendor\\symfony\\console\\Application.php(171): Symfony\\Component\\Console\\Application->doRun(Object(Symfony\\Component\\Console\\Input\\ArgvInput), Object(Symfony\\Component\\Console\\Output\\ConsoleOutput))
#3 C:\\laragon\\www\\Firmador\\vendor\\laravel\\framework\\src\\Illuminate\\Console\\Application.php(94): Symfony\\Component\\Console\\Application->run(Object(Symfony\\Component\\Console\\Input\\ArgvInput), Object(Symfony\\Component\\Console\\Output\\ConsoleOutput))
#4 C:\\laragon\\www\\Firmador\\vendor\\laravel\\framework\\src\\Illuminate\\Foundation\\Console\\Kernel.php(129): Illuminate\\Console\\Application->run(Object(Symfony\\Component\\Console\\Input\\ArgvInput), Object(Symfony\\Component\\Console\\Output\\ConsoleOutput))
#5 C:\\laragon\\www\\Firmador\\artisan(35): Illuminate\\Foundation\\Console\\Kernel->handle(Object(Symfony\\Component\\Console\\Input\\ArgvInput), Object(Symfony\\Component\\Console\\Output\\ConsoleOutput))
#6 {main}
"} 
[2025-03-27 20:02:24] local.ERROR: There are no commands defined in the "ide-helper" namespace. {"exception":"[object] (Symfony\\Component\\Console\\Exception\\NamespaceNotFoundException(code: 0): There are no commands defined in the \"ide-helper\" namespace. at C:\\laragon\\www\\Firmador\\vendor\\symfony\\console\\Application.php:650)
[stacktrace]
#0 C:\\laragon\\www\\Firmador\\vendor\\symfony\\console\\Application.php(701): Symfony\\Component\\Console\\Application->findNamespace('ide-helper')
#1 C:\\laragon\\www\\Firmador\\vendor\\symfony\\console\\Application.php(259): Symfony\\Component\\Console\\Application->find('ide-helper:gene...')
#2 C:\\laragon\\www\\Firmador\\vendor\\symfony\\console\\Application.php(171): Symfony\\Component\\Console\\Application->doRun(Object(Symfony\\Component\\Console\\Input\\ArgvInput), Object(Symfony\\Component\\Console\\Output\\ConsoleOutput))
#3 C:\\laragon\\www\\Firmador\\vendor\\laravel\\framework\\src\\Illuminate\\Console\\Application.php(94): Symfony\\Component\\Console\\Application->run(Object(Symfony\\Component\\Console\\Input\\ArgvInput), Object(Symfony\\Component\\Console\\Output\\ConsoleOutput))
#4 C:\\laragon\\www\\Firmador\\vendor\\laravel\\framework\\src\\Illuminate\\Foundation\\Console\\Kernel.php(129): Illuminate\\Console\\Application->run(Object(Symfony\\Component\\Console\\Input\\ArgvInput), Object(Symfony\\Component\\Console\\Output\\ConsoleOutput))
#5 C:\\laragon\\www\\Firmador\\artisan(35): Illuminate\\Foundation\\Console\\Kernel->handle(Object(Symfony\\Component\\Console\\Input\\ArgvInput), Object(Symfony\\Component\\Console\\Output\\ConsoleOutput))
#6 {main}
"} 
[2025-03-27 20:02:36] local.ERROR: There are no commands defined in the "ide-helper" namespace. {"exception":"[object] (Symfony\\Component\\Console\\Exception\\NamespaceNotFoundException(code: 0): There are no commands defined in the \"ide-helper\" namespace. at C:\\laragon\\www\\Firmador\\vendor\\symfony\\console\\Application.php:650)
[stacktrace]
#0 C:\\laragon\\www\\Firmador\\vendor\\symfony\\console\\Application.php(701): Symfony\\Component\\Console\\Application->findNamespace('ide-helper')
#1 C:\\laragon\\www\\Firmador\\vendor\\symfony\\console\\Application.php(259): Symfony\\Component\\Console\\Application->find('ide-helper:gene...')
#2 C:\\laragon\\www\\Firmador\\vendor\\symfony\\console\\Application.php(171): Symfony\\Component\\Console\\Application->doRun(Object(Symfony\\Component\\Console\\Input\\ArgvInput), Object(Symfony\\Component\\Console\\Output\\ConsoleOutput))
#3 C:\\laragon\\www\\Firmador\\vendor\\laravel\\framework\\src\\Illuminate\\Console\\Application.php(94): Symfony\\Component\\Console\\Application->run(Object(Symfony\\Component\\Console\\Input\\ArgvInput), Object(Symfony\\Component\\Console\\Output\\ConsoleOutput))
#4 C:\\laragon\\www\\Firmador\\vendor\\laravel\\framework\\src\\Illuminate\\Foundation\\Console\\Kernel.php(129): Illuminate\\Console\\Application->run(Object(Symfony\\Component\\Console\\Input\\ArgvInput), Object(Symfony\\Component\\Console\\Output\\ConsoleOutput))
#5 C:\\laragon\\www\\Firmador\\artisan(35): Illuminate\\Foundation\\Console\\Kernel->handle(Object(Symfony\\Component\\Console\\Input\\ArgvInput), Object(Symfony\\Component\\Console\\Output\\ConsoleOutput))
#6 {main}
"} 
[2025-03-27 20:02:36] local.ERROR: There are no commands defined in the "ide-helper" namespace. {"exception":"[object] (Symfony\\Component\\Console\\Exception\\NamespaceNotFoundException(code: 0): There are no commands defined in the \"ide-helper\" namespace. at C:\\laragon\\www\\Firmador\\vendor\\symfony\\console\\Application.php:650)
[stacktrace]
#0 C:\\laragon\\www\\Firmador\\vendor\\symfony\\console\\Application.php(701): Symfony\\Component\\Console\\Application->findNamespace('ide-helper')
#1 C:\\laragon\\www\\Firmador\\vendor\\symfony\\console\\Application.php(259): Symfony\\Component\\Console\\Application->find('ide-helper:gene...')
#2 C:\\laragon\\www\\Firmador\\vendor\\symfony\\console\\Application.php(171): Symfony\\Component\\Console\\Application->doRun(Object(Symfony\\Component\\Console\\Input\\ArgvInput), Object(Symfony\\Component\\Console\\Output\\ConsoleOutput))
#3 C:\\laragon\\www\\Firmador\\vendor\\laravel\\framework\\src\\Illuminate\\Console\\Application.php(94): Symfony\\Component\\Console\\Application->run(Object(Symfony\\Component\\Console\\Input\\ArgvInput), Object(Symfony\\Component\\Console\\Output\\ConsoleOutput))
#4 C:\\laragon\\www\\Firmador\\vendor\\laravel\\framework\\src\\Illuminate\\Foundation\\Console\\Kernel.php(129): Illuminate\\Console\\Application->run(Object(Symfony\\Component\\Console\\Input\\ArgvInput), Object(Symfony\\Component\\Console\\Output\\ConsoleOutput))
#5 C:\\laragon\\www\\Firmador\\artisan(35): Illuminate\\Foundation\\Console\\Kernel->handle(Object(Symfony\\Component\\Console\\Input\\ArgvInput), Object(Symfony\\Component\\Console\\Output\\ConsoleOutput))
#6 {main}
"} 
[2025-03-27 20:02:47] local.ERROR: There are no commands defined in the "ide-helper" namespace. {"exception":"[object] (Symfony\\Component\\Console\\Exception\\NamespaceNotFoundException(code: 0): There are no commands defined in the \"ide-helper\" namespace. at C:\\laragon\\www\\Firmador\\vendor\\symfony\\console\\Application.php:650)
[stacktrace]
#0 C:\\laragon\\www\\Firmador\\vendor\\symfony\\console\\Application.php(701): Symfony\\Component\\Console\\Application->findNamespace('ide-helper')
#1 C:\\laragon\\www\\Firmador\\vendor\\symfony\\console\\Application.php(259): Symfony\\Component\\Console\\Application->find('ide-helper:gene...')
#2 C:\\laragon\\www\\Firmador\\vendor\\symfony\\console\\Application.php(171): Symfony\\Component\\Console\\Application->doRun(Object(Symfony\\Component\\Console\\Input\\ArgvInput), Object(Symfony\\Component\\Console\\Output\\ConsoleOutput))
#3 C:\\laragon\\www\\Firmador\\vendor\\laravel\\framework\\src\\Illuminate\\Console\\Application.php(94): Symfony\\Component\\Console\\Application->run(Object(Symfony\\Component\\Console\\Input\\ArgvInput), Object(Symfony\\Component\\Console\\Output\\ConsoleOutput))
#4 C:\\laragon\\www\\Firmador\\vendor\\laravel\\framework\\src\\Illuminate\\Foundation\\Console\\Kernel.php(129): Illuminate\\Console\\Application->run(Object(Symfony\\Component\\Console\\Input\\ArgvInput), Object(Symfony\\Component\\Console\\Output\\ConsoleOutput))
#5 C:\\laragon\\www\\Firmador\\artisan(35): Illuminate\\Foundation\\Console\\Kernel->handle(Object(Symfony\\Component\\Console\\Input\\ArgvInput), Object(Symfony\\Component\\Console\\Output\\ConsoleOutput))
#6 {main}
"} 
[2025-03-27 20:02:47] local.ERROR: There are no commands defined in the "ide-helper" namespace. {"exception":"[object] (Symfony\\Component\\Console\\Exception\\NamespaceNotFoundException(code: 0): There are no commands defined in the \"ide-helper\" namespace. at C:\\laragon\\www\\Firmador\\vendor\\symfony\\console\\Application.php:650)
[stacktrace]
#0 C:\\laragon\\www\\Firmador\\vendor\\symfony\\console\\Application.php(701): Symfony\\Component\\Console\\Application->findNamespace('ide-helper')
#1 C:\\laragon\\www\\Firmador\\vendor\\symfony\\console\\Application.php(259): Symfony\\Component\\Console\\Application->find('ide-helper:gene...')
#2 C:\\laragon\\www\\Firmador\\vendor\\symfony\\console\\Application.php(171): Symfony\\Component\\Console\\Application->doRun(Object(Symfony\\Component\\Console\\Input\\ArgvInput), Object(Symfony\\Component\\Console\\Output\\ConsoleOutput))
#3 C:\\laragon\\www\\Firmador\\vendor\\laravel\\framework\\src\\Illuminate\\Console\\Application.php(94): Symfony\\Component\\Console\\Application->run(Object(Symfony\\Component\\Console\\Input\\ArgvInput), Object(Symfony\\Component\\Console\\Output\\ConsoleOutput))
#4 C:\\laragon\\www\\Firmador\\vendor\\laravel\\framework\\src\\Illuminate\\Foundation\\Console\\Kernel.php(129): Illuminate\\Console\\Application->run(Object(Symfony\\Component\\Console\\Input\\ArgvInput), Object(Symfony\\Component\\Console\\Output\\ConsoleOutput))
#5 C:\\laragon\\www\\Firmador\\artisan(35): Illuminate\\Foundation\\Console\\Kernel->handle(Object(Symfony\\Component\\Console\\Input\\ArgvInput), Object(Symfony\\Component\\Console\\Output\\ConsoleOutput))
#6 {main}
"} 
[2025-03-27 20:02:52] local.ERROR: There are no commands defined in the "ide-helper" namespace. {"exception":"[object] (Symfony\\Component\\Console\\Exception\\NamespaceNotFoundException(code: 0): There are no commands defined in the \"ide-helper\" namespace. at C:\\laragon\\www\\Firmador\\vendor\\symfony\\console\\Application.php:650)
[stacktrace]
#0 C:\\laragon\\www\\Firmador\\vendor\\symfony\\console\\Application.php(701): Symfony\\Component\\Console\\Application->findNamespace('ide-helper')
#1 C:\\laragon\\www\\Firmador\\vendor\\symfony\\console\\Application.php(259): Symfony\\Component\\Console\\Application->find('ide-helper:gene...')
#2 C:\\laragon\\www\\Firmador\\vendor\\symfony\\console\\Application.php(171): Symfony\\Component\\Console\\Application->doRun(Object(Symfony\\Component\\Console\\Input\\ArgvInput), Object(Symfony\\Component\\Console\\Output\\ConsoleOutput))
#3 C:\\laragon\\www\\Firmador\\vendor\\laravel\\framework\\src\\Illuminate\\Console\\Application.php(94): Symfony\\Component\\Console\\Application->run(Object(Symfony\\Component\\Console\\Input\\ArgvInput), Object(Symfony\\Component\\Console\\Output\\ConsoleOutput))
#4 C:\\laragon\\www\\Firmador\\vendor\\laravel\\framework\\src\\Illuminate\\Foundation\\Console\\Kernel.php(129): Illuminate\\Console\\Application->run(Object(Symfony\\Component\\Console\\Input\\ArgvInput), Object(Symfony\\Component\\Console\\Output\\ConsoleOutput))
#5 C:\\laragon\\www\\Firmador\\artisan(35): Illuminate\\Foundation\\Console\\Kernel->handle(Object(Symfony\\Component\\Console\\Input\\ArgvInput), Object(Symfony\\Component\\Console\\Output\\ConsoleOutput))
#6 {main}
"} 
[2025-03-27 20:02:52] local.ERROR: There are no commands defined in the "ide-helper" namespace. {"exception":"[object] (Symfony\\Component\\Console\\Exception\\NamespaceNotFoundException(code: 0): There are no commands defined in the \"ide-helper\" namespace. at C:\\laragon\\www\\Firmador\\vendor\\symfony\\console\\Application.php:650)
[stacktrace]
#0 C:\\laragon\\www\\Firmador\\vendor\\symfony\\console\\Application.php(701): Symfony\\Component\\Console\\Application->findNamespace('ide-helper')
#1 C:\\laragon\\www\\Firmador\\vendor\\symfony\\console\\Application.php(259): Symfony\\Component\\Console\\Application->find('ide-helper:gene...')
#2 C:\\laragon\\www\\Firmador\\vendor\\symfony\\console\\Application.php(171): Symfony\\Component\\Console\\Application->doRun(Object(Symfony\\Component\\Console\\Input\\ArgvInput), Object(Symfony\\Component\\Console\\Output\\ConsoleOutput))
#3 C:\\laragon\\www\\Firmador\\vendor\\laravel\\framework\\src\\Illuminate\\Console\\Application.php(94): Symfony\\Component\\Console\\Application->run(Object(Symfony\\Component\\Console\\Input\\ArgvInput), Object(Symfony\\Component\\Console\\Output\\ConsoleOutput))
#4 C:\\laragon\\www\\Firmador\\vendor\\laravel\\framework\\src\\Illuminate\\Foundation\\Console\\Kernel.php(129): Illuminate\\Console\\Application->run(Object(Symfony\\Component\\Console\\Input\\ArgvInput), Object(Symfony\\Component\\Console\\Output\\ConsoleOutput))
#5 C:\\laragon\\www\\Firmador\\artisan(35): Illuminate\\Foundation\\Console\\Kernel->handle(Object(Symfony\\Component\\Console\\Input\\ArgvInput), Object(Symfony\\Component\\Console\\Output\\ConsoleOutput))
#6 {main}
"} 
[2025-03-27 20:02:53] local.ERROR: There are no commands defined in the "ide-helper" namespace. {"exception":"[object] (Symfony\\Component\\Console\\Exception\\NamespaceNotFoundException(code: 0): There are no commands defined in the \"ide-helper\" namespace. at C:\\laragon\\www\\Firmador\\vendor\\symfony\\console\\Application.php:650)
[stacktrace]
#0 C:\\laragon\\www\\Firmador\\vendor\\symfony\\console\\Application.php(701): Symfony\\Component\\Console\\Application->findNamespace('ide-helper')
#1 C:\\laragon\\www\\Firmador\\vendor\\symfony\\console\\Application.php(259): Symfony\\Component\\Console\\Application->find('ide-helper:gene...')
#2 C:\\laragon\\www\\Firmador\\vendor\\symfony\\console\\Application.php(171): Symfony\\Component\\Console\\Application->doRun(Object(Symfony\\Component\\Console\\Input\\ArgvInput), Object(Symfony\\Component\\Console\\Output\\ConsoleOutput))
#3 C:\\laragon\\www\\Firmador\\vendor\\laravel\\framework\\src\\Illuminate\\Console\\Application.php(94): Symfony\\Component\\Console\\Application->run(Object(Symfony\\Component\\Console\\Input\\ArgvInput), Object(Symfony\\Component\\Console\\Output\\ConsoleOutput))
#4 C:\\laragon\\www\\Firmador\\vendor\\laravel\\framework\\src\\Illuminate\\Foundation\\Console\\Kernel.php(129): Illuminate\\Console\\Application->run(Object(Symfony\\Component\\Console\\Input\\ArgvInput), Object(Symfony\\Component\\Console\\Output\\ConsoleOutput))
#5 C:\\laragon\\www\\Firmador\\artisan(35): Illuminate\\Foundation\\Console\\Kernel->handle(Object(Symfony\\Component\\Console\\Input\\ArgvInput), Object(Symfony\\Component\\Console\\Output\\ConsoleOutput))
#6 {main}
"} 
[2025-03-27 20:02:53] local.ERROR: There are no commands defined in the "ide-helper" namespace. {"exception":"[object] (Symfony\\Component\\Console\\Exception\\NamespaceNotFoundException(code: 0): There are no commands defined in the \"ide-helper\" namespace. at C:\\laragon\\www\\Firmador\\vendor\\symfony\\console\\Application.php:650)
[stacktrace]
#0 C:\\laragon\\www\\Firmador\\vendor\\symfony\\console\\Application.php(701): Symfony\\Component\\Console\\Application->findNamespace('ide-helper')
#1 C:\\laragon\\www\\Firmador\\vendor\\symfony\\console\\Application.php(259): Symfony\\Component\\Console\\Application->find('ide-helper:gene...')
#2 C:\\laragon\\www\\Firmador\\vendor\\symfony\\console\\Application.php(171): Symfony\\Component\\Console\\Application->doRun(Object(Symfony\\Component\\Console\\Input\\ArgvInput), Object(Symfony\\Component\\Console\\Output\\ConsoleOutput))
#3 C:\\laragon\\www\\Firmador\\vendor\\laravel\\framework\\src\\Illuminate\\Console\\Application.php(94): Symfony\\Component\\Console\\Application->run(Object(Symfony\\Component\\Console\\Input\\ArgvInput), Object(Symfony\\Component\\Console\\Output\\ConsoleOutput))
#4 C:\\laragon\\www\\Firmador\\vendor\\laravel\\framework\\src\\Illuminate\\Foundation\\Console\\Kernel.php(129): Illuminate\\Console\\Application->run(Object(Symfony\\Component\\Console\\Input\\ArgvInput), Object(Symfony\\Component\\Console\\Output\\ConsoleOutput))
#5 C:\\laragon\\www\\Firmador\\artisan(35): Illuminate\\Foundation\\Console\\Kernel->handle(Object(Symfony\\Component\\Console\\Input\\ArgvInput), Object(Symfony\\Component\\Console\\Output\\ConsoleOutput))
#6 {main}
"} 
[2026-06-01 17:43:15] local.ERROR: There are no commands defined in the "ide-helper" namespace. {"exception":"[object] (Symfony\\Component\\Console\\Exception\\NamespaceNotFoundException(code: 0): There are no commands defined in the \"ide-helper\" namespace. at C:\\laragon\\www\\Firmador\\vendor\\symfony\\console\\Application.php:650)
[stacktrace]
#0 C:\\laragon\\www\\Firmador\\vendor\\symfony\\console\\Application.php(701): Symfony\\Component\\Console\\Application->findNamespace('ide-helper')
#1 C:\\laragon\\www\\Firmador\\vendor\\symfony\\console\\Application.php(259): Symfony\\Component\\Console\\Application->find('ide-helper:gene...')
#2 C:\\laragon\\www\\Firmador\\vendor\\symfony\\console\\Application.php(171): Symfony\\Component\\Console\\Application->doRun(Object(Symfony\\Component\\Console\\Input\\ArgvInput), Object(Symfony\\Component\\Console\\Output\\ConsoleOutput))
#3 C:\\laragon\\www\\Firmador\\vendor\\laravel\\framework\\src\\Illuminate\\Console\\Application.php(94): Symfony\\Component\\Console\\Application->run(Object(Symfony\\Component\\Console\\Input\\ArgvInput), Object(Symfony\\Component\\Console\\Output\\ConsoleOutput))
#4 C:\\laragon\\www\\Firmador\\vendor\\laravel\\framework\\src\\Illuminate\\Foundation\\Console\\Kernel.php(129): Illuminate\\Console\\Application->run(Object(Symfony\\Component\\Console\\Input\\ArgvInput), Object(Symfony\\Component\\Console\\Output\\ConsoleOutput))
#5 C:\\laragon\\www\\Firmador\\artisan(35): Illuminate\\Foundation\\Console\\Kernel->handle(Object(Symfony\\Component\\Console\\Input\\ArgvInput), Object(Symfony\\Component\\Console\\Output\\ConsoleOutput))
#6 {main}
"} 
[2026-06-01 17:43:18] local.ERROR: Method App\Http\Controllers\FirmaController::ProcesarFirma does not exist. {"exception":"[object] (BadMethodCallException(code: 0): Method App\\Http\\Controllers\\FirmaController::ProcesarFirma does not exist. at C:\\laragon\\www\\Firmador\\vendor\\laravel\\framework\\src\\Illuminate\\Routing\\Controller.php:68)
[stacktrace]
#0 C:\\laragon\\www\\Firmador\\vendor\\laravel\\framework\\src\\Illuminate\\Routing\\Controller.php(54): Illuminate\\Routing\\Controller->__call('ProcesarFirma', Array)
#1 C:\\laragon\\www\\Firmador\\vendor\\laravel\\framework\\src\\Illuminate\\Routing\\ControllerDispatcher.php(45): Illuminate\\Routing\\Controller->callAction('ProcesarFirma', Array)
#2 C:\\laragon\\www\\Firmador\\vendor\\laravel\\framework\\src\\Illuminate\\Routing\\Route.php(261): Illuminate\\Routing\\ControllerDispatcher->dispatch(Object(Illuminate\\Routing\\Route), Object(App\\Http\\Controllers\\FirmaController), 'ProcesarFirma')
#3 C:\\laragon\\www\\Firmador\\vendor\\laravel\\framework\\src\\Illuminate\\Routing\\Route.php(205): Illuminate\\Routing\\Route->runController()
#4 C:\\laragon\\www\\Firmador\\vendor\\laravel\\framework\\src\\Illuminate\\Routing\\Router.php(721): Illuminate\\Routing\\Route->run()
#5 C:\\laragon\\www\\Firmador\\vendor\\laravel\\framework\\src\\Illuminate\\Pipeline\\Pipeline.php(128): Illuminate\\Routing\\Router->Illuminate\\Routing\\{closure}(Object(Illuminate\\Http\\Request))
#6 C:\\laragon\\www\\Firmador\\app\\Http\\Middleware\\AuthenticateApp.php(21): Illuminate\\Pipeline\\Pipeline->Illuminate\\Pipeline\\{closure}(Object(Illuminate\\Http\\Request))
#7 C:\\laragon\\www\\Firmador\\vendor\\laravel\\framework\\src\\Illuminate\\Pipeline\\Pipeline.php(167): App\\Http\\Middleware\\AuthenticateApp->handle(Object(Illuminate\\Http\\Request), Object(Closure))
#8 C:\\laragon\\www\\Firmador\\vendor\\laravel\\framework\\src\\Illuminate\\Routing\\Middleware\\SubstituteBindings.php(50): Illuminate\\Pipeline\\Pipeline->Illuminate\\Pipeline\\{closure}(Object(Illuminate\\Http\\Request))
#9 C:\\laragon\\www\\Firmador\\vendor\\laravel\\framework\\src\\Illuminate\\Pipeline\\Pipeline.php(167): Illuminate\\Routing\\Middleware\\SubstituteBindings->handle(Object(Illuminate\\Http\\Request), Object(Closure))
#10 C:\\laragon\\www\\Firmador\\vendor\\laravel\\framework\\src\\Illuminate\\Routing\\Middleware\\ThrottleRequests.php(127): Illuminate\\Pipeline\\Pipeline->Illuminate\\Pipeline\\{closure}(Object(Illuminate\\Http\\Request))
#11 C:\\laragon\\www\\Firmador\\vendor\\laravel\\framework\\src\\Illuminate\\Routing\\Middleware\\ThrottleRequests.php(93): Illuminate\\Routing\\Middleware\\ThrottleRequests->handleRequest(Object(Illuminate\\Http\\Request), Object(Closure), Array)
#12 C:\\laragon\\www\\Firmador\\vendor\\laravel\\framework\\src\\Illuminate\\Routing\\Middleware\\ThrottleRequests.php(55): Illuminate\\Routing\\Middleware\\ThrottleRequests->handleRequestUsingNamedLimiter(Object(Illuminate\\Http\\Request), Object(Closure), 'api', Object(Closure))
#13 C:\\laragon\\www\\Firmador\\vendor\\laravel\\framework\\src\\Illuminate\\Pipeline\\Pipeline.php(167): Illuminate\\Routing\\Middleware\\ThrottleRequests->handle(Object(Illuminate\\Http\\Request), Object(Closure), 'api')
#14 C:\\laragon\\www\\Firmador\\vendor\\laravel\\framework\\src\\Illuminate\\Pipeline\\Pipeline.php(103): Illuminate\\Pipeline\\Pipeline->Illuminate\\Pipeline\\{closure}(Object(Illuminate\\Http\\Request))
#15 C:\\laragon\\www\\Firmador\\vendor\\laravel\\framework\\src\\Illuminate\\Routing\\Router.php(719): Illuminate\\Pipeline\\Pipeline->then(Object(Closure))
#16 C:\\laragon\\www\\Firmador\\vendor\\laravel\\framework\\src\\Illuminate\\Routing\\Router.php(698): Illuminate\\Routing\\Router->runRouteWithinStack(Object(Illuminate\\Routing\\Route), Object(Illuminate\\Http\\Request))
#17 C:\\laragon\\www\\Firmador\\vendor\\laravel\\framework\\src\\Illuminate\\Routing\\Router.php(662): Illuminate\\Routing\\Router->runRoute(Object(Illuminate\\Http\\Request), Object(Illuminate\\Routing\\Route))
#18 C:\\laragon\\www\\Firmador\\vendor\\laravel\\framework\\src\\Illuminate\\Routing\\Router.php(651): Illuminate\\Routing\\Router->dispatchToRoute(Object(Illuminate\\Http\\Request))
#19 C:\\laragon\\www\\Firmador\\vendor\\laravel\\framework\\src\\Illuminate\\Foundation\\Http\\Kernel.php(167): Illuminate\\Routing\\Router->dispatch(Object(Illuminate\\Http\\Request))
#20 C:\\laragon\\www\\Firmador\\vendor\\laravel\\framework\\src\\Illuminate\\Pipeline\\Pipeline.php(128): Illuminate\\Foundation\\Http\\Kernel->Illuminate\\Foundation\\Http\\{closure}(Object(Illuminate\\Http\\Request))
#21 C:\\laragon\\www\\Firmador\\vendor\\laravel\\framework\\src\\Illuminate\\Foundation\\Http\\Middleware\\TransformsRequest.php(21): Illuminate\\Pipeline\\Pipeline->Illuminate\\Pipeline\\{closure}(Object(Illuminate\\Http\\Request))
#22 C:\\laragon\\www\\Firmador\\vendor\\laravel\\framework\\src\\Illuminate\\Foundation\\Http\\Middleware\\ConvertEmptyStringsToNull.php(31): Illuminate\\Foundation\\Http\\Middleware\\TransformsRequest->handle(Object(Illuminate\\Http\\Request), Object(Closure))
#23 C:\\laragon\\www\\Firmador\\vendor\\laravel\\framework\\src\\Illuminate\\Pipeline\\Pipeline.php(167): Illuminate\\Foundation\\Http\\Middleware\\ConvertEmptyStringsToNull->handle(Object(Illuminate\\Http\\Request), Object(Closure))
#24 C:\\laragon\\www\\Firmador\\vendor\\laravel\\framework\\src\\Illuminate\\Foundation\\Http\\Middleware\\TransformsRequest.php(21): Illuminate\\Pipeline\\Pipeline->Illuminate\\Pipeline\\{closure}(Object(Illuminate\\Http\\Request))
#25 C:\\laragon\\www\\Firmador\\vendor\\laravel\\framework\\src\\Illuminate\\Foundation\\Http\\Middleware\\TrimStrings.php(40): Illuminate\\Foundation\\Http\\Middleware\\TransformsRequest->handle(Object(Illuminate\\Http\\Request), Object(Closure))
#26 C:\\laragon\\www\\Firmador\\vendor\\laravel\\framework\\src\\Illuminate\\Pipeline\\Pipeline.php(167): Illuminate\\Foundation\\Http\\Middleware\\TrimStrings->handle(Object(Illuminate\\Http\\Request), Object(Closure))
#27 C:\\laragon\\www\\Firmador\\vendor\\laravel\\framework\\src\\Illuminate\\Foundation\\Http\\Middleware\\ValidatePostSize.php(27): Illuminate\\Pipeline\\Pipeline->Illuminate\\Pipeline\\{closure}(Object(Illuminate\\Http\\Request))
#28 C:\\laragon\\www\\Firmador\\vendor\\laravel\\framework\\src\\Illuminate\\Pipeline\\Pipeline.php(167): Illuminate\\Foundation\\Http\\Middleware\\ValidatePostSize->handle(Object(Illuminate\\Http\\Request), Object(Closure))
#29 C:\\laragon\\www\\Firmador\\vendor\\laravel\\framework\\src\\Illuminate\\Foundation\\Http\\Middleware\\PreventRequestsDuringMaintenance.php(86): Illuminate\\Pipeline\\Pipeline->Illuminate\\Pipeline\\{closure}(Object(Illuminate\\Http\\Request))
#30 C:\\laragon\\www\\Firmador\\vendor\\laravel\\framework\\src\\Illuminate\\Pipeline\\Pipeline.php(167): Illuminate\\Foundation\\Http\\Middleware\\PreventRequestsDuringMaintenance->handle(Object(Illuminate\\Http\\Request), Object(Closure))
#31 C:\\laragon\\www\\Firmador\\vendor\\fruitcake\\laravel-cors\\src\\HandleCors.php(52): Illuminate\\Pipeline\\Pipeline->Illuminate\\Pipeline\\{closure}(Object(Illuminate\\Http\\Request))
#32 C:\\laragon\\www\\Firmador\\vendor\\laravel\\framework\\src\\Illuminate\\Pipeline\\Pipeline.php(167): Fruitcake\\Cors\\HandleCors->handle(Object(Illuminate\\Http\\Request), Object(Closure))
#33 C:\\laragon\\www\\Firmador\\vendor\\laravel\\framework\\src\\Illuminate\\Http\\Middleware\\TrustProxies.php(39): Illuminate\\Pipeline\\Pipeline->Illuminate\\Pipeline\\{closure}(Object(Illuminate\\Http\\Request))
#34 C:\\laragon\\www\\Firmador\\vendor\\laravel\\framework\\src\\Illuminate\\Pipeline\\Pipeline.php(167): Illuminate\\Http\\Middleware\\TrustProxies->handle(Object(Illuminate\\Http\\Request), Object(Closure))
#35 C:\\laragon\\www\\Firmador\\vendor\\laravel\\framework\\src\\Illuminate\\Pipeline\\Pipeline.php(103): Illuminate\\Pipeline\\Pipeline->Illuminate\\Pipeline\\{closure}(Object(Illuminate\\Http\\Request))
#36 C:\\laragon\\www\\Firmador\\vendor\\laravel\\framework\\src\\Illuminate\\Foundation\\Http\\Kernel.php(142): Illuminate\\Pipeline\\Pipeline->then(Object(Closure))
#37 C:\\laragon\\www\\Firmador\\vendor\\laravel\\framework\\src\\Illuminate\\Foundation\\Http\\Kernel.php(111): Illuminate\\Foundation\\Http\\Kernel->sendRequestThroughRouter(Object(Illuminate\\Http\\Request))
#38 C:\\laragon\\www\\Firmador\\public\\index.php(51): Illuminate\\Foundation\\Http\\Kernel->handle(Object(Illuminate\\Http\\Request))
#39 C:\\laragon\\www\\Firmador\\server.php(21): require_once('C:\\\\laragon\\\\www\\\\...')
#40 {main}
"} 
[2026-06-01 17:43:40] local.ERROR: There are no commands defined in the "ide-helper" namespace. {"exception":"[object] (Symfony\\Component\\Console\\Exception\\NamespaceNotFoundException(code: 0): There are no commands defined in the \"ide-helper\" namespace. at C:\\laragon\\www\\Firmador\\vendor\\symfony\\console\\Application.php:650)
[stacktrace]
#0 C:\\laragon\\www\\Firmador\\vendor\\symfony\\console\\Application.php(701): Symfony\\Component\\Console\\Application->findNamespace('ide-helper')
#1 C:\\laragon\\www\\Firmador\\vendor\\symfony\\console\\Application.php(259): Symfony\\Component\\Console\\Application->find('ide-helper:gene...')
#2 C:\\laragon\\www\\Firmador\\vendor\\symfony\\console\\Application.php(171): Symfony\\Component\\Console\\Application->doRun(Object(Symfony\\Component\\Console\\Input\\ArgvInput), Object(Symfony\\Component\\Console\\Output\\ConsoleOutput))
#3 C:\\laragon\\www\\Firmador\\vendor\\laravel\\framework\\src\\Illuminate\\Console\\Application.php(94): Symfony\\Component\\Console\\Application->run(Object(Symfony\\Component\\Console\\Input\\ArgvInput), Object(Symfony\\Component\\Console\\Output\\ConsoleOutput))
#4 C:\\laragon\\www\\Firmador\\vendor\\laravel\\framework\\src\\Illuminate\\Foundation\\Console\\Kernel.php(129): Illuminate\\Console\\Application->run(Object(Symfony\\Component\\Console\\Input\\ArgvInput), Object(Symfony\\Component\\Console\\Output\\ConsoleOutput))
#5 C:\\laragon\\www\\Firmador\\artisan(35): Illuminate\\Foundation\\Console\\Kernel->handle(Object(Symfony\\Component\\Console\\Input\\ArgvInput), Object(Symfony\\Component\\Console\\Output\\ConsoleOutput))
#6 {main}
"} 
[2026-06-01 17:55:22] local.ERROR: There are no commands defined in the "ide-helper" namespace. {"exception":"[object] (Symfony\\Component\\Console\\Exception\\NamespaceNotFoundException(code: 0): There are no commands defined in the \"ide-helper\" namespace. at C:\\laragon\\www\\Firmador\\vendor\\symfony\\console\\Application.php:650)
[stacktrace]
#0 C:\\laragon\\www\\Firmador\\vendor\\symfony\\console\\Application.php(701): Symfony\\Component\\Console\\Application->findNamespace('ide-helper')
#1 C:\\laragon\\www\\Firmador\\vendor\\symfony\\console\\Application.php(259): Symfony\\Component\\Console\\Application->find('ide-helper:gene...')
#2 C:\\laragon\\www\\Firmador\\vendor\\symfony\\console\\Application.php(171): Symfony\\Component\\Console\\Application->doRun(Object(Symfony\\Component\\Console\\Input\\ArgvInput), Object(Symfony\\Component\\Console\\Output\\ConsoleOutput))
#3 C:\\laragon\\www\\Firmador\\vendor\\laravel\\framework\\src\\Illuminate\\Console\\Application.php(94): Symfony\\Component\\Console\\Application->run(Object(Symfony\\Component\\Console\\Input\\ArgvInput), Object(Symfony\\Component\\Console\\Output\\ConsoleOutput))
#4 C:\\laragon\\www\\Firmador\\vendor\\laravel\\framework\\src\\Illuminate\\Foundation\\Console\\Kernel.php(129): Illuminate\\Console\\Application->run(Object(Symfony\\Component\\Console\\Input\\ArgvInput), Object(Symfony\\Component\\Console\\Output\\ConsoleOutput))
#5 C:\\laragon\\www\\Firmador\\artisan(35): Illuminate\\Foundation\\Console\\Kernel->handle(Object(Symfony\\Component\\Console\\Input\\ArgvInput), Object(Symfony\\Component\\Console\\Output\\ConsoleOutput))
#6 {main}
"} 
[2026-06-02 03:12:38] local.ERROR: There are no commands defined in the "ide-helper" namespace. {"exception":"[object] (Symfony\\Component\\Console\\Exception\\NamespaceNotFoundException(code: 0): There are no commands defined in the \"ide-helper\" namespace. at C:\\laragon\\www\\Firmador\\vendor\\symfony\\console\\Application.php:650)
[stacktrace]
#0 C:\\laragon\\www\\Firmador\\vendor\\symfony\\console\\Application.php(701): Symfony\\Component\\Console\\Application->findNamespace('ide-helper')
#1 C:\\laragon\\www\\Firmador\\vendor\\symfony\\console\\Application.php(259): Symfony\\Component\\Console\\Application->find('ide-helper:gene...')
#2 C:\\laragon\\www\\Firmador\\vendor\\symfony\\console\\Application.php(171): Symfony\\Component\\Console\\Application->doRun(Object(Symfony\\Component\\Console\\Input\\ArgvInput), Object(Symfony\\Component\\Console\\Output\\ConsoleOutput))
#3 C:\\laragon\\www\\Firmador\\vendor\\laravel\\framework\\src\\Illuminate\\Console\\Application.php(94): Symfony\\Component\\Console\\Application->run(Object(Symfony\\Component\\Console\\Input\\ArgvInput), Object(Symfony\\Component\\Console\\Output\\ConsoleOutput))
#4 C:\\laragon\\www\\Firmador\\vendor\\laravel\\framework\\src\\Illuminate\\Foundation\\Console\\Kernel.php(129): Illuminate\\Console\\Application->run(Object(Symfony\\Component\\Console\\Input\\ArgvInput), Object(Symfony\\Component\\Console\\Output\\ConsoleOutput))
#5 C:\\laragon\\www\\Firmador\\artisan(35): Illuminate\\Foundation\\Console\\Kernel->handle(Object(Symfony\\Component\\Console\\Input\\ArgvInput), Object(Symfony\\Component\\Console\\Output\\ConsoleOutput))
#6 {main}
"} 
[2026-06-02 03:14:22] local.ERROR: There are no commands defined in the "ide-helper" namespace. {"exception":"[object] (Symfony\\Component\\Console\\Exception\\NamespaceNotFoundException(code: 0): There are no commands defined in the \"ide-helper\" namespace. at C:\\laragon\\www\\Firmador\\vendor\\symfony\\console\\Application.php:650)
[stacktrace]
#0 C:\\laragon\\www\\Firmador\\vendor\\symfony\\console\\Application.php(701): Symfony\\Component\\Console\\Application->findNamespace('ide-helper')
#1 C:\\laragon\\www\\Firmador\\vendor\\symfony\\console\\Application.php(259): Symfony\\Component\\Console\\Application->find('ide-helper:gene...')
#2 C:\\laragon\\www\\Firmador\\vendor\\symfony\\console\\Application.php(171): Symfony\\Component\\Console\\Application->doRun(Object(Symfony\\Component\\Console\\Input\\ArgvInput), Object(Symfony\\Component\\Console\\Output\\ConsoleOutput))
#3 C:\\laragon\\www\\Firmador\\vendor\\laravel\\framework\\src\\Illuminate\\Console\\Application.php(94): Symfony\\Component\\Console\\Application->run(Object(Symfony\\Component\\Console\\Input\\ArgvInput), Object(Symfony\\Component\\Console\\Output\\ConsoleOutput))
#4 C:\\laragon\\www\\Firmador\\vendor\\laravel\\framework\\src\\Illuminate\\Foundation\\Console\\Kernel.php(129): Illuminate\\Console\\Application->run(Object(Symfony\\Component\\Console\\Input\\ArgvInput), Object(Symfony\\Component\\Console\\Output\\ConsoleOutput))
#5 C:\\laragon\\www\\Firmador\\artisan(35): Illuminate\\Foundation\\Console\\Kernel->handle(Object(Symfony\\Component\\Console\\Input\\ArgvInput), Object(Symfony\\Component\\Console\\Output\\ConsoleOutput))
#6 {main}
"} 
[2026-06-11 16:01:58] local.ERROR: Class App\Librerias\SignDOcumentToSRI: Failure signing data: error:0680008E:asn1 encoding routines::not enough data {"exception":"[object] (Exception(code: 0): Class App\\Librerias\\SignDOcumentToSRI: Failure signing data: error:0680008E:asn1 encoding routines::not enough data at C:\\laragon\\www\\INTEKROSS\\Lib_Firmador_Xml_Facturacion _SRI\\app\\Traits\\TraitXadesbes.php:54)
[stacktrace]
#0 C:\\laragon\\www\\INTEKROSS\\Lib_Firmador_Xml_Facturacion _SRI\\app\\Librerias\\Sign.php(30): App\\Librerias\\Sign->readCerts()
#1 C:\\laragon\\www\\INTEKROSS\\Lib_Firmador_Xml_Facturacion _SRI\\app\\Librerias\\SignDOcumentToSRI.php(138): App\\Librerias\\Sign->__construct('<A\\x80D\\x04\\x14 !\\x11L\\x81H\\x08\\x00\\xCE...', 'claveDelCertifi...', '<?xml version=\"...')
#2 C:\\laragon\\www\\INTEKROSS\\Lib_Firmador_Xml_Facturacion _SRI\\app\\Services\\FacturacionElectronicaLibrary.php(57): App\\Librerias\\SignDOcumentToSRI->__construct('factura', '<A\\x80D\\x04\\x14 !\\x11L\\x81H\\x08\\x00\\xCE...', 'claveDelCertifi...', '<?xml version=\"...')
#3 C:\\laragon\\www\\INTEKROSS\\Lib_Firmador_Xml_Facturacion _SRI\\app\\Http\\Controllers\\FacturacionElectronicaController.php(58): App\\Services\\FacturacionElectronicaLibrary->firmarXml('factura', '<?xml version=\"...', '<A\\x80D\\x04\\x14 !\\x11L\\x81H\\x08\\x00\\xCE...', 'claveDelCertifi...')
#4 C:\\laragon\\www\\INTEKROSS\\Lib_Firmador_Xml_Facturacion _SRI\\vendor\\laravel\\framework\\src\\Illuminate\\Routing\\Controller.php(54): App\\Http\\Controllers\\FacturacionElectronicaController->firmarXml(Object(Illuminate\\Http\\Request))
#5 C:\\laragon\\www\\INTEKROSS\\Lib_Firmador_Xml_Facturacion _SRI\\vendor\\laravel\\framework\\src\\Illuminate\\Routing\\ControllerDispatcher.php(45): Illuminate\\Routing\\Controller->callAction('firmarXml', Array)
#6 C:\\laragon\\www\\INTEKROSS\\Lib_Firmador_Xml_Facturacion _SRI\\vendor\\laravel\\framework\\src\\Illuminate\\Routing\\Route.php(261): Illuminate\\Routing\\ControllerDispatcher->dispatch(Object(Illuminate\\Routing\\Route), Object(App\\Http\\Controllers\\FacturacionElectronicaController), 'firmarXml')
#7 C:\\laragon\\www\\INTEKROSS\\Lib_Firmador_Xml_Facturacion _SRI\\vendor\\laravel\\framework\\src\\Illuminate\\Routing\\Route.php(205): Illuminate\\Routing\\Route->runController()
#8 C:\\laragon\\www\\INTEKROSS\\Lib_Firmador_Xml_Facturacion _SRI\\vendor\\laravel\\framework\\src\\Illuminate\\Routing\\Router.php(721): Illuminate\\Routing\\Route->run()
#9 C:\\laragon\\www\\INTEKROSS\\Lib_Firmador_Xml_Facturacion _SRI\\vendor\\laravel\\framework\\src\\Illuminate\\Pipeline\\Pipeline.php(128): Illuminate\\Routing\\Router->Illuminate\\Routing\\{closure}(Object(Illuminate\\Http\\Request))
#10 C:\\laragon\\www\\INTEKROSS\\Lib_Firmador_Xml_Facturacion _SRI\\app\\Http\\Middleware\\AuthenticateApp.php(21): Illuminate\\Pipeline\\Pipeline->Illuminate\\Pipeline\\{closure}(Object(Illuminate\\Http\\Request))
#11 C:\\laragon\\www\\INTEKROSS\\Lib_Firmador_Xml_Facturacion _SRI\\vendor\\laravel\\framework\\src\\Illuminate\\Pipeline\\Pipeline.php(167): App\\Http\\Middleware\\AuthenticateApp->handle(Object(Illuminate\\Http\\Request), Object(Closure))
#12 C:\\laragon\\www\\INTEKROSS\\Lib_Firmador_Xml_Facturacion _SRI\\vendor\\laravel\\framework\\src\\Illuminate\\Routing\\Middleware\\SubstituteBindings.php(50): Illuminate\\Pipeline\\Pipeline->Illuminate\\Pipeline\\{closure}(Object(Illuminate\\Http\\Request))
#13 C:\\laragon\\www\\INTEKROSS\\Lib_Firmador_Xml_Facturacion _SRI\\vendor\\laravel\\framework\\src\\Illuminate\\Pipeline\\Pipeline.php(167): Illuminate\\Routing\\Middleware\\SubstituteBindings->handle(Object(Illuminate\\Http\\Request), Object(Closure))
#14 C:\\laragon\\www\\INTEKROSS\\Lib_Firmador_Xml_Facturacion _SRI\\vendor\\laravel\\framework\\src\\Illuminate\\Routing\\Middleware\\ThrottleRequests.php(127): Illuminate\\Pipeline\\Pipeline->Illuminate\\Pipeline\\{closure}(Object(Illuminate\\Http\\Request))
#15 C:\\laragon\\www\\INTEKROSS\\Lib_Firmador_Xml_Facturacion _SRI\\vendor\\laravel\\framework\\src\\Illuminate\\Routing\\Middleware\\ThrottleRequests.php(93): Illuminate\\Routing\\Middleware\\ThrottleRequests->handleRequest(Object(Illuminate\\Http\\Request), Object(Closure), Array)
#16 C:\\laragon\\www\\INTEKROSS\\Lib_Firmador_Xml_Facturacion _SRI\\vendor\\laravel\\framework\\src\\Illuminate\\Routing\\Middleware\\ThrottleRequests.php(55): Illuminate\\Routing\\Middleware\\ThrottleRequests->handleRequestUsingNamedLimiter(Object(Illuminate\\Http\\Request), Object(Closure), 'api', Object(Closure))
#17 C:\\laragon\\www\\INTEKROSS\\Lib_Firmador_Xml_Facturacion _SRI\\vendor\\laravel\\framework\\src\\Illuminate\\Pipeline\\Pipeline.php(167): Illuminate\\Routing\\Middleware\\ThrottleRequests->handle(Object(Illuminate\\Http\\Request), Object(Closure), 'api')
#18 C:\\laragon\\www\\INTEKROSS\\Lib_Firmador_Xml_Facturacion _SRI\\vendor\\laravel\\framework\\src\\Illuminate\\Pipeline\\Pipeline.php(103): Illuminate\\Pipeline\\Pipeline->Illuminate\\Pipeline\\{closure}(Object(Illuminate\\Http\\Request))
#19 C:\\laragon\\www\\INTEKROSS\\Lib_Firmador_Xml_Facturacion _SRI\\vendor\\laravel\\framework\\src\\Illuminate\\Routing\\Router.php(719): Illuminate\\Pipeline\\Pipeline->then(Object(Closure))
#20 C:\\laragon\\www\\INTEKROSS\\Lib_Firmador_Xml_Facturacion _SRI\\vendor\\laravel\\framework\\src\\Illuminate\\Routing\\Router.php(698): Illuminate\\Routing\\Router->runRouteWithinStack(Object(Illuminate\\Routing\\Route), Object(Illuminate\\Http\\Request))
#21 C:\\laragon\\www\\INTEKROSS\\Lib_Firmador_Xml_Facturacion _SRI\\vendor\\laravel\\framework\\src\\Illuminate\\Routing\\Router.php(662): Illuminate\\Routing\\Router->runRoute(Object(Illuminate\\Http\\Request), Object(Illuminate\\Routing\\Route))
#22 C:\\laragon\\www\\INTEKROSS\\Lib_Firmador_Xml_Facturacion _SRI\\vendor\\laravel\\framework\\src\\Illuminate\\Routing\\Router.php(651): Illuminate\\Routing\\Router->dispatchToRoute(Object(Illuminate\\Http\\Request))
#23 C:\\laragon\\www\\INTEKROSS\\Lib_Firmador_Xml_Facturacion _SRI\\vendor\\laravel\\framework\\src\\Illuminate\\Foundation\\Http\\Kernel.php(167): Illuminate\\Routing\\Router->dispatch(Object(Illuminate\\Http\\Request))
#24 C:\\laragon\\www\\INTEKROSS\\Lib_Firmador_Xml_Facturacion _SRI\\vendor\\laravel\\framework\\src\\Illuminate\\Pipeline\\Pipeline.php(128): Illuminate\\Foundation\\Http\\Kernel->Illuminate\\Foundation\\Http\\{closure}(Object(Illuminate\\Http\\Request))
#25 C:\\laragon\\www\\INTEKROSS\\Lib_Firmador_Xml_Facturacion _SRI\\vendor\\laravel\\framework\\src\\Illuminate\\Foundation\\Http\\Middleware\\TransformsRequest.php(21): Illuminate\\Pipeline\\Pipeline->Illuminate\\Pipeline\\{closure}(Object(Illuminate\\Http\\Request))
#26 C:\\laragon\\www\\INTEKROSS\\Lib_Firmador_Xml_Facturacion _SRI\\vendor\\laravel\\framework\\src\\Illuminate\\Foundation\\Http\\Middleware\\ConvertEmptyStringsToNull.php(31): Illuminate\\Foundation\\Http\\Middleware\\TransformsRequest->handle(Object(Illuminate\\Http\\Request), Object(Closure))
#27 C:\\laragon\\www\\INTEKROSS\\Lib_Firmador_Xml_Facturacion _SRI\\vendor\\laravel\\framework\\src\\Illuminate\\Pipeline\\Pipeline.php(167): Illuminate\\Foundation\\Http\\Middleware\\ConvertEmptyStringsToNull->handle(Object(Illuminate\\Http\\Request), Object(Closure))
#28 C:\\laragon\\www\\INTEKROSS\\Lib_Firmador_Xml_Facturacion _SRI\\vendor\\laravel\\framework\\src\\Illuminate\\Foundation\\Http\\Middleware\\TransformsRequest.php(21): Illuminate\\Pipeline\\Pipeline->Illuminate\\Pipeline\\{closure}(Object(Illuminate\\Http\\Request))
#29 C:\\laragon\\www\\INTEKROSS\\Lib_Firmador_Xml_Facturacion _SRI\\vendor\\laravel\\framework\\src\\Illuminate\\Foundation\\Http\\Middleware\\TrimStrings.php(40): Illuminate\\Foundation\\Http\\Middleware\\TransformsRequest->handle(Object(Illuminate\\Http\\Request), Object(Closure))
#30 C:\\laragon\\www\\INTEKROSS\\Lib_Firmador_Xml_Facturacion _SRI\\vendor\\laravel\\framework\\src\\Illuminate\\Pipeline\\Pipeline.php(167): Illuminate\\Foundation\\Http\\Middleware\\TrimStrings->handle(Object(Illuminate\\Http\\Request), Object(Closure))
#31 C:\\laragon\\www\\INTEKROSS\\Lib_Firmador_Xml_Facturacion _SRI\\vendor\\laravel\\framework\\src\\Illuminate\\Foundation\\Http\\Middleware\\ValidatePostSize.php(27): Illuminate\\Pipeline\\Pipeline->Illuminate\\Pipeline\\{closure}(Object(Illuminate\\Http\\Request))
#32 C:\\laragon\\www\\INTEKROSS\\Lib_Firmador_Xml_Facturacion _SRI\\vendor\\laravel\\framework\\src\\Illuminate\\Pipeline\\Pipeline.php(167): Illuminate\\Foundation\\Http\\Middleware\\ValidatePostSize->handle(Object(Illuminate\\Http\\Request), Object(Closure))
#33 C:\\laragon\\www\\INTEKROSS\\Lib_Firmador_Xml_Facturacion _SRI\\vendor\\laravel\\framework\\src\\Illuminate\\Foundation\\Http\\Middleware\\PreventRequestsDuringMaintenance.php(86): Illuminate\\Pipeline\\Pipeline->Illuminate\\Pipeline\\{closure}(Object(Illuminate\\Http\\Request))
#34 C:\\laragon\\www\\INTEKROSS\\Lib_Firmador_Xml_Facturacion _SRI\\vendor\\laravel\\framework\\src\\Illuminate\\Pipeline\\Pipeline.php(167): Illuminate\\Foundation\\Http\\Middleware\\PreventRequestsDuringMaintenance->handle(Object(Illuminate\\Http\\Request), Object(Closure))
#35 C:\\laragon\\www\\INTEKROSS\\Lib_Firmador_Xml_Facturacion _SRI\\vendor\\fruitcake\\laravel-cors\\src\\HandleCors.php(52): Illuminate\\Pipeline\\Pipeline->Illuminate\\Pipeline\\{closure}(Object(Illuminate\\Http\\Request))
#36 C:\\laragon\\www\\INTEKROSS\\Lib_Firmador_Xml_Facturacion _SRI\\vendor\\laravel\\framework\\src\\Illuminate\\Pipeline\\Pipeline.php(167): Fruitcake\\Cors\\HandleCors->handle(Object(Illuminate\\Http\\Request), Object(Closure))
#37 C:\\laragon\\www\\INTEKROSS\\Lib_Firmador_Xml_Facturacion _SRI\\vendor\\laravel\\framework\\src\\Illuminate\\Http\\Middleware\\TrustProxies.php(39): Illuminate\\Pipeline\\Pipeline->Illuminate\\Pipeline\\{closure}(Object(Illuminate\\Http\\Request))
#38 C:\\laragon\\www\\INTEKROSS\\Lib_Firmador_Xml_Facturacion _SRI\\vendor\\laravel\\framework\\src\\Illuminate\\Pipeline\\Pipeline.php(167): Illuminate\\Http\\Middleware\\TrustProxies->handle(Object(Illuminate\\Http\\Request), Object(Closure))
#39 C:\\laragon\\www\\INTEKROSS\\Lib_Firmador_Xml_Facturacion _SRI\\vendor\\laravel\\framework\\src\\Illuminate\\Pipeline\\Pipeline.php(103): Illuminate\\Pipeline\\Pipeline->Illuminate\\Pipeline\\{closure}(Object(Illuminate\\Http\\Request))
#40 C:\\laragon\\www\\INTEKROSS\\Lib_Firmador_Xml_Facturacion _SRI\\vendor\\laravel\\framework\\src\\Illuminate\\Foundation\\Http\\Kernel.php(142): Illuminate\\Pipeline\\Pipeline->then(Object(Closure))
#41 C:\\laragon\\www\\INTEKROSS\\Lib_Firmador_Xml_Facturacion _SRI\\vendor\\laravel\\framework\\src\\Illuminate\\Foundation\\Http\\Kernel.php(111): Illuminate\\Foundation\\Http\\Kernel->sendRequestThroughRouter(Object(Illuminate\\Http\\Request))
#42 C:\\laragon\\www\\INTEKROSS\\Lib_Firmador_Xml_Facturacion _SRI\\public\\index.php(51): Illuminate\\Foundation\\Http\\Kernel->handle(Object(Illuminate\\Http\\Request))
#43 C:\\laragon\\www\\INTEKROSS\\Lib_Firmador_Xml_Facturacion _SRI\\server.php(21): require_once('C:\\\\laragon\\\\www\\\\...')
#44 {main}
"} 
[2026-06-11 17:01:36] local.ERROR: There are no commands defined in the "ide-helper" namespace. {"exception":"[object] (Symfony\\Component\\Console\\Exception\\NamespaceNotFoundException(code: 0): There are no commands defined in the \"ide-helper\" namespace. at C:\\laragon\\www\\INTEKROSS\\Lib_Firmador_Xml_Facturacion _SRI\\vendor\\symfony\\console\\Application.php:650)
[stacktrace]
#0 C:\\laragon\\www\\INTEKROSS\\Lib_Firmador_Xml_Facturacion _SRI\\vendor\\symfony\\console\\Application.php(701): Symfony\\Component\\Console\\Application->findNamespace('ide-helper')
#1 C:\\laragon\\www\\INTEKROSS\\Lib_Firmador_Xml_Facturacion _SRI\\vendor\\symfony\\console\\Application.php(259): Symfony\\Component\\Console\\Application->find('ide-helper:gene...')
#2 C:\\laragon\\www\\INTEKROSS\\Lib_Firmador_Xml_Facturacion _SRI\\vendor\\symfony\\console\\Application.php(171): Symfony\\Component\\Console\\Application->doRun(Object(Symfony\\Component\\Console\\Input\\ArgvInput), Object(Symfony\\Component\\Console\\Output\\ConsoleOutput))
#3 C:\\laragon\\www\\INTEKROSS\\Lib_Firmador_Xml_Facturacion _SRI\\vendor\\laravel\\framework\\src\\Illuminate\\Console\\Application.php(94): Symfony\\Component\\Console\\Application->run(Object(Symfony\\Component\\Console\\Input\\ArgvInput), Object(Symfony\\Component\\Console\\Output\\ConsoleOutput))
#4 C:\\laragon\\www\\INTEKROSS\\Lib_Firmador_Xml_Facturacion _SRI\\vendor\\laravel\\framework\\src\\Illuminate\\Foundation\\Console\\Kernel.php(129): Illuminate\\Console\\Application->run(Object(Symfony\\Component\\Console\\Input\\ArgvInput), Object(Symfony\\Component\\Console\\Output\\ConsoleOutput))
#5 C:\\laragon\\www\\INTEKROSS\\Lib_Firmador_Xml_Facturacion _SRI\\artisan(35): Illuminate\\Foundation\\Console\\Kernel->handle(Object(Symfony\\Component\\Console\\Input\\ArgvInput), Object(Symfony\\Component\\Console\\Output\\ConsoleOutput))
#6 {main}
"} 
[2026-06-22 21:43:42] local.ERROR: PHP Parse error: Syntax error, unexpected T_NS_SEPARATOR, expecting ')' on line 1 {"exception":"[object] (Psy\\Exception\\ParseErrorException(code: 0): PHP Parse error: Syntax error, unexpected T_NS_SEPARATOR, expecting ')' on line 1 at C:\\laragon\\www\\INTEKROSS\\Lib_Firmador_Xml_Facturacion _SRI\\vendor\\psy\\psysh\\src\\Exception\\ParseErrorException.php:44)
[stacktrace]
#0 C:\\laragon\\www\\INTEKROSS\\Lib_Firmador_Xml_Facturacion _SRI\\vendor\\psy\\psysh\\src\\CodeCleaner.php(333): Psy\\Exception\\ParseErrorException::fromParseError(Object(PhpParser\\Error))
#1 C:\\laragon\\www\\INTEKROSS\\Lib_Firmador_Xml_Facturacion _SRI\\vendor\\psy\\psysh\\src\\CodeCleaner.php(262): Psy\\CodeCleaner->parse('<?php app(App\\\\\\\\...', false)
#2 C:\\laragon\\www\\INTEKROSS\\Lib_Firmador_Xml_Facturacion _SRI\\vendor\\psy\\psysh\\src\\Shell.php(848): Psy\\CodeCleaner->clean(Array, false)
#3 C:\\laragon\\www\\INTEKROSS\\Lib_Firmador_Xml_Facturacion _SRI\\vendor\\psy\\psysh\\src\\Shell.php(877): Psy\\Shell->addCode('app(App\\\\\\\\Servic...', true)
#4 C:\\laragon\\www\\INTEKROSS\\Lib_Firmador_Xml_Facturacion _SRI\\vendor\\psy\\psysh\\src\\Shell.php(1342): Psy\\Shell->setCode('app(App\\\\\\\\Servic...', true)
#5 C:\\laragon\\www\\INTEKROSS\\Lib_Firmador_Xml_Facturacion _SRI\\vendor\\laravel\\tinker\\src\\Console\\TinkerCommand.php(76): Psy\\Shell->execute('app(App\\\\\\\\Servic...')
#6 C:\\laragon\\www\\INTEKROSS\\Lib_Firmador_Xml_Facturacion _SRI\\vendor\\laravel\\framework\\src\\Illuminate\\Container\\BoundMethod.php(36): Laravel\\Tinker\\Console\\TinkerCommand->handle()
#7 C:\\laragon\\www\\INTEKROSS\\Lib_Firmador_Xml_Facturacion _SRI\\vendor\\laravel\\framework\\src\\Illuminate\\Container\\Util.php(40): Illuminate\\Container\\BoundMethod::Illuminate\\Container\\{closure}()
#8 C:\\laragon\\www\\INTEKROSS\\Lib_Firmador_Xml_Facturacion _SRI\\vendor\\laravel\\framework\\src\\Illuminate\\Container\\BoundMethod.php(93): Illuminate\\Container\\Util::unwrapIfClosure(Object(Closure))
#9 C:\\laragon\\www\\INTEKROSS\\Lib_Firmador_Xml_Facturacion _SRI\\vendor\\laravel\\framework\\src\\Illuminate\\Container\\BoundMethod.php(35): Illuminate\\Container\\BoundMethod::callBoundMethod(Object(Illuminate\\Foundation\\Application), Array, Object(Closure))
#10 C:\\laragon\\www\\INTEKROSS\\Lib_Firmador_Xml_Facturacion _SRI\\vendor\\laravel\\framework\\src\\Illuminate\\Container\\Container.php(653): Illuminate\\Container\\BoundMethod::call(Object(Illuminate\\Foundation\\Application), Array, Array, NULL)
#11 C:\\laragon\\www\\INTEKROSS\\Lib_Firmador_Xml_Facturacion _SRI\\vendor\\laravel\\framework\\src\\Illuminate\\Console\\Command.php(136): Illuminate\\Container\\Container->call(Array)
#12 C:\\laragon\\www\\INTEKROSS\\Lib_Firmador_Xml_Facturacion _SRI\\vendor\\symfony\\console\\Command\\Command.php(298): Illuminate\\Console\\Command->execute(Object(Symfony\\Component\\Console\\Input\\ArgvInput), Object(Illuminate\\Console\\OutputStyle))
#13 C:\\laragon\\www\\INTEKROSS\\Lib_Firmador_Xml_Facturacion _SRI\\vendor\\laravel\\framework\\src\\Illuminate\\Console\\Command.php(120): Symfony\\Component\\Console\\Command\\Command->run(Object(Symfony\\Component\\Console\\Input\\ArgvInput), Object(Illuminate\\Console\\OutputStyle))
#14 C:\\laragon\\www\\INTEKROSS\\Lib_Firmador_Xml_Facturacion _SRI\\vendor\\symfony\\console\\Application.php(1040): Illuminate\\Console\\Command->run(Object(Symfony\\Component\\Console\\Input\\ArgvInput), Object(Symfony\\Component\\Console\\Output\\ConsoleOutput))
#15 C:\\laragon\\www\\INTEKROSS\\Lib_Firmador_Xml_Facturacion _SRI\\vendor\\symfony\\console\\Application.php(301): Symfony\\Component\\Console\\Application->doRunCommand(Object(Laravel\\Tinker\\Console\\TinkerCommand), Object(Symfony\\Component\\Console\\Input\\ArgvInput), Object(Symfony\\Component\\Console\\Output\\ConsoleOutput))
#16 C:\\laragon\\www\\INTEKROSS\\Lib_Firmador_Xml_Facturacion _SRI\\vendor\\symfony\\console\\Application.php(171): Symfony\\Component\\Console\\Application->doRun(Object(Symfony\\Component\\Console\\Input\\ArgvInput), Object(Symfony\\Component\\Console\\Output\\ConsoleOutput))
#17 C:\\laragon\\www\\INTEKROSS\\Lib_Firmador_Xml_Facturacion _SRI\\vendor\\laravel\\framework\\src\\Illuminate\\Console\\Application.php(94): Symfony\\Component\\Console\\Application->run(Object(Symfony\\Component\\Console\\Input\\ArgvInput), Object(Symfony\\Component\\Console\\Output\\ConsoleOutput))
#18 C:\\laragon\\www\\INTEKROSS\\Lib_Firmador_Xml_Facturacion _SRI\\vendor\\laravel\\framework\\src\\Illuminate\\Foundation\\Console\\Kernel.php(129): Illuminate\\Console\\Application->run(Object(Symfony\\Component\\Console\\Input\\ArgvInput), Object(Symfony\\Component\\Console\\Output\\ConsoleOutput))
#19 C:\\laragon\\www\\INTEKROSS\\Lib_Firmador_Xml_Facturacion _SRI\\artisan(35): Illuminate\\Foundation\\Console\\Kernel->handle(Object(Symfony\\Component\\Console\\Input\\ArgvInput), Object(Symfony\\Component\\Console\\Output\\ConsoleOutput))
#20 {main}
"} 
