[2026-07-14 00:18:31] local.ERROR: date_format(): Argument #1 ($object) must be of type DateTimeInterface, false given {"userId":1,"exception":"[object] (TypeError(code: 0): date_format(): Argument #1 ($object) must be of type DateTimeInterface, false given at /Users/mariopazmino/Desktop/app/contabilidad-backend/liberias_sri/FacturacionElectronica.php:1374)
[stacktrace]
#0 /Users/mariopazmino/Desktop/app/contabilidad-backend/liberias_sri/FacturacionElectronica.php(1374): date_format(false, 'dmY')
#1 /Users/mariopazmino/Desktop/app/contabilidad-backend/liberias_sri/FacturacionElectronicaLibrary.php(159): LibreriasSri\\FacturacionElectronica->GenerarClaveDeAccesos('14/07/2026', '01', '1790000000001', '1', '001001', '000000001', '28550011', '1')
#2 /Users/mariopazmino/Desktop/app/contabilidad-backend/liberias_sri/FacturacionElectronicaLibrary.php(46): LibreriasSri\\FacturacionElectronicaLibrary->asegurarClaveAcceso('factura', Object(stdClass), 'object')
#3 /Users/mariopazmino/Desktop/app/contabilidad-backend/app/Actions/EmitirSriDocument.php(13): LibreriasSri\\FacturacionElectronicaLibrary->generarXml('factura', Array)
#4 /Users/mariopazmino/Desktop/app/contabilidad-backend/app/Services/InvoiceEmitter.php(41): App\\Actions\\EmitirSriDocument->execute(Object(App\\Models\\Invoice), 'factura', Object(App\\Models\\Company), Array)
#5 /Users/mariopazmino/Desktop/app/contabilidad-backend/app/Http/Controllers/InvoiceController.php(27): App\\Services\\InvoiceEmitter->emit(Object(App\\Models\\Company), Object(App\\Models\\Contact), Array, 'tarjeta')
#6 /Users/mariopazmino/Desktop/app/contabilidad-backend/vendor/laravel/framework/src/Illuminate/Routing/ControllerDispatcher.php(46): App\\Http\\Controllers\\InvoiceController->store(Object(Illuminate\\Http\\Request), Object(App\\Services\\InvoiceEmitter))
#7 /Users/mariopazmino/Desktop/app/contabilidad-backend/vendor/laravel/framework/src/Illuminate/Routing/Route.php(275): Illuminate\\Routing\\ControllerDispatcher->dispatch(Object(Illuminate\\Routing\\Route), Object(App\\Http\\Controllers\\InvoiceController), 'store')
#8 /Users/mariopazmino/Desktop/app/contabilidad-backend/vendor/laravel/framework/src/Illuminate/Routing/Route.php(215): Illuminate\\Routing\\Route->runController()
#9 /Users/mariopazmino/Desktop/app/contabilidad-backend/vendor/laravel/framework/src/Illuminate/Routing/Router.php(822): Illuminate\\Routing\\Route->run()
#10 /Users/mariopazmino/Desktop/app/contabilidad-backend/vendor/laravel/framework/src/Illuminate/Pipeline/Pipeline.php(180): Illuminate\\Routing\\Router->{closure:Illuminate\\Routing\\Router::runRouteWithinStack():821}(Object(Illuminate\\Http\\Request))
#11 /Users/mariopazmino/Desktop/app/contabilidad-backend/vendor/laravel/framework/src/Illuminate/Routing/Middleware/SubstituteBindings.php(52): Illuminate\\Pipeline\\Pipeline->{closure:Illuminate\\Pipeline\\Pipeline::prepareDestination():178}(Object(Illuminate\\Http\\Request))
#12 /Users/mariopazmino/Desktop/app/contabilidad-backend/vendor/laravel/framework/src/Illuminate/Pipeline/Pipeline.php(219): Illuminate\\Routing\\Middleware\\SubstituteBindings->handle(Object(Illuminate\\Http\\Request), Object(Closure))
#13 /Users/mariopazmino/Desktop/app/contabilidad-backend/vendor/laravel/framework/src/Illuminate/Auth/Middleware/Authenticate.php(63): Illuminate\\Pipeline\\Pipeline->{closure:{closure:Illuminate\\Pipeline\\Pipeline::carry():194}:195}(Object(Illuminate\\Http\\Request))
#14 /Users/mariopazmino/Desktop/app/contabilidad-backend/vendor/laravel/framework/src/Illuminate/Pipeline/Pipeline.php(219): Illuminate\\Auth\\Middleware\\Authenticate->handle(Object(Illuminate\\Http\\Request), Object(Closure), 'sanctum')
#15 /Users/mariopazmino/Desktop/app/contabilidad-backend/vendor/laravel/framework/src/Illuminate/Pipeline/Pipeline.php(137): Illuminate\\Pipeline\\Pipeline->{closure:{closure:Illuminate\\Pipeline\\Pipeline::carry():194}:195}(Object(Illuminate\\Http\\Request))
#16 /Users/mariopazmino/Desktop/app/contabilidad-backend/vendor/laravel/framework/src/Illuminate/Routing/Router.php(821): Illuminate\\Pipeline\\Pipeline->then(Object(Closure))
#17 /Users/mariopazmino/Desktop/app/contabilidad-backend/vendor/laravel/framework/src/Illuminate/Routing/Router.php(800): Illuminate\\Routing\\Router->runRouteWithinStack(Object(Illuminate\\Routing\\Route), Object(Illuminate\\Http\\Request))
#18 /Users/mariopazmino/Desktop/app/contabilidad-backend/vendor/laravel/framework/src/Illuminate/Routing/Router.php(764): Illuminate\\Routing\\Router->runRoute(Object(Illuminate\\Http\\Request), Object(Illuminate\\Routing\\Route))
#19 /Users/mariopazmino/Desktop/app/contabilidad-backend/vendor/laravel/framework/src/Illuminate/Routing/Router.php(753): Illuminate\\Routing\\Router->dispatchToRoute(Object(Illuminate\\Http\\Request))
#20 /Users/mariopazmino/Desktop/app/contabilidad-backend/vendor/laravel/framework/src/Illuminate/Foundation/Http/Kernel.php(200): Illuminate\\Routing\\Router->dispatch(Object(Illuminate\\Http\\Request))
#21 /Users/mariopazmino/Desktop/app/contabilidad-backend/vendor/laravel/framework/src/Illuminate/Pipeline/Pipeline.php(180): Illuminate\\Foundation\\Http\\Kernel->{closure:Illuminate\\Foundation\\Http\\Kernel::dispatchToRouter():197}(Object(Illuminate\\Http\\Request))
#22 /Users/mariopazmino/Desktop/app/contabilidad-backend/vendor/laravel/framework/src/Illuminate/Foundation/Http/Middleware/TransformsRequest.php(21): Illuminate\\Pipeline\\Pipeline->{closure:Illuminate\\Pipeline\\Pipeline::prepareDestination():178}(Object(Illuminate\\Http\\Request))
#23 /Users/mariopazmino/Desktop/app/contabilidad-backend/vendor/laravel/framework/src/Illuminate/Foundation/Http/Middleware/ConvertEmptyStringsToNull.php(31): Illuminate\\Foundation\\Http\\Middleware\\TransformsRequest->handle(Object(Illuminate\\Http\\Request), Object(Closure))
#24 /Users/mariopazmino/Desktop/app/contabilidad-backend/vendor/laravel/framework/src/Illuminate/Pipeline/Pipeline.php(219): Illuminate\\Foundation\\Http\\Middleware\\ConvertEmptyStringsToNull->handle(Object(Illuminate\\Http\\Request), Object(Closure))
#25 /Users/mariopazmino/Desktop/app/contabilidad-backend/vendor/laravel/framework/src/Illuminate/Foundation/Http/Middleware/TransformsRequest.php(21): Illuminate\\Pipeline\\Pipeline->{closure:{closure:Illuminate\\Pipeline\\Pipeline::carry():194}:195}(Object(Illuminate\\Http\\Request))
#26 /Users/mariopazmino/Desktop/app/contabilidad-backend/vendor/laravel/framework/src/Illuminate/Foundation/Http/Middleware/TrimStrings.php(51): Illuminate\\Foundation\\Http\\Middleware\\TransformsRequest->handle(Object(Illuminate\\Http\\Request), Object(Closure))
#27 /Users/mariopazmino/Desktop/app/contabilidad-backend/vendor/laravel/framework/src/Illuminate/Pipeline/Pipeline.php(219): Illuminate\\Foundation\\Http\\Middleware\\TrimStrings->handle(Object(Illuminate\\Http\\Request), Object(Closure))
#28 /Users/mariopazmino/Desktop/app/contabilidad-backend/vendor/laravel/framework/src/Illuminate/Http/Middleware/ValidatePostSize.php(27): Illuminate\\Pipeline\\Pipeline->{closure:{closure:Illuminate\\Pipeline\\Pipeline::carry():194}:195}(Object(Illuminate\\Http\\Request))
#29 /Users/mariopazmino/Desktop/app/contabilidad-backend/vendor/laravel/framework/src/Illuminate/Pipeline/Pipeline.php(219): Illuminate\\Http\\Middleware\\ValidatePostSize->handle(Object(Illuminate\\Http\\Request), Object(Closure))
#30 /Users/mariopazmino/Desktop/app/contabilidad-backend/vendor/laravel/framework/src/Illuminate/Foundation/Http/Middleware/PreventRequestsDuringMaintenance.php(109): Illuminate\\Pipeline\\Pipeline->{closure:{closure:Illuminate\\Pipeline\\Pipeline::carry():194}:195}(Object(Illuminate\\Http\\Request))
#31 /Users/mariopazmino/Desktop/app/contabilidad-backend/vendor/laravel/framework/src/Illuminate/Pipeline/Pipeline.php(219): Illuminate\\Foundation\\Http\\Middleware\\PreventRequestsDuringMaintenance->handle(Object(Illuminate\\Http\\Request), Object(Closure))
#32 /Users/mariopazmino/Desktop/app/contabilidad-backend/vendor/laravel/framework/src/Illuminate/Http/Middleware/HandleCors.php(74): Illuminate\\Pipeline\\Pipeline->{closure:{closure:Illuminate\\Pipeline\\Pipeline::carry():194}:195}(Object(Illuminate\\Http\\Request))
#33 /Users/mariopazmino/Desktop/app/contabilidad-backend/vendor/laravel/framework/src/Illuminate/Pipeline/Pipeline.php(219): Illuminate\\Http\\Middleware\\HandleCors->handle(Object(Illuminate\\Http\\Request), Object(Closure))
#34 /Users/mariopazmino/Desktop/app/contabilidad-backend/vendor/laravel/framework/src/Illuminate/Http/Middleware/TrustProxies.php(58): Illuminate\\Pipeline\\Pipeline->{closure:{closure:Illuminate\\Pipeline\\Pipeline::carry():194}:195}(Object(Illuminate\\Http\\Request))
#35 /Users/mariopazmino/Desktop/app/contabilidad-backend/vendor/laravel/framework/src/Illuminate/Pipeline/Pipeline.php(219): Illuminate\\Http\\Middleware\\TrustProxies->handle(Object(Illuminate\\Http\\Request), Object(Closure))
#36 /Users/mariopazmino/Desktop/app/contabilidad-backend/vendor/laravel/framework/src/Illuminate/Foundation/Http/Middleware/InvokeDeferredCallbacks.php(22): Illuminate\\Pipeline\\Pipeline->{closure:{closure:Illuminate\\Pipeline\\Pipeline::carry():194}:195}(Object(Illuminate\\Http\\Request))
#37 /Users/mariopazmino/Desktop/app/contabilidad-backend/vendor/laravel/framework/src/Illuminate/Pipeline/Pipeline.php(219): Illuminate\\Foundation\\Http\\Middleware\\InvokeDeferredCallbacks->handle(Object(Illuminate\\Http\\Request), Object(Closure))
#38 /Users/mariopazmino/Desktop/app/contabilidad-backend/vendor/laravel/framework/src/Illuminate/Http/Middleware/ValidatePathEncoding.php(28): Illuminate\\Pipeline\\Pipeline->{closure:{closure:Illuminate\\Pipeline\\Pipeline::carry():194}:195}(Object(Illuminate\\Http\\Request))
#39 /Users/mariopazmino/Desktop/app/contabilidad-backend/vendor/laravel/framework/src/Illuminate/Pipeline/Pipeline.php(219): Illuminate\\Http\\Middleware\\ValidatePathEncoding->handle(Object(Illuminate\\Http\\Request), Object(Closure))
#40 /Users/mariopazmino/Desktop/app/contabilidad-backend/vendor/laravel/framework/src/Illuminate/Pipeline/Pipeline.php(137): Illuminate\\Pipeline\\Pipeline->{closure:{closure:Illuminate\\Pipeline\\Pipeline::carry():194}:195}(Object(Illuminate\\Http\\Request))
#41 /Users/mariopazmino/Desktop/app/contabilidad-backend/vendor/laravel/framework/src/Illuminate/Foundation/Http/Kernel.php(175): Illuminate\\Pipeline\\Pipeline->then(Object(Closure))
#42 /Users/mariopazmino/Desktop/app/contabilidad-backend/vendor/laravel/framework/src/Illuminate/Foundation/Http/Kernel.php(144): Illuminate\\Foundation\\Http\\Kernel->sendRequestThroughRouter(Object(Illuminate\\Http\\Request))
#43 /Users/mariopazmino/Desktop/app/contabilidad-backend/vendor/laravel/framework/src/Illuminate/Foundation/Application.php(1220): Illuminate\\Foundation\\Http\\Kernel->handle(Object(Illuminate\\Http\\Request))
#44 /Users/mariopazmino/Desktop/app/contabilidad-backend/public/index.php(20): Illuminate\\Foundation\\Application->handleRequest(Object(Illuminate\\Http\\Request))
#45 /Users/mariopazmino/Desktop/app/contabilidad-backend/vendor/laravel/framework/src/Illuminate/Foundation/resources/server.php(23): require_once('/Users/mariopaz...')
#46 {main}
"} 
[2026-07-14 00:19:00] local.ERROR: date_format(): Argument #1 ($object) must be of type DateTimeInterface, false given {"userId":1,"exception":"[object] (TypeError(code: 0): date_format(): Argument #1 ($object) must be of type DateTimeInterface, false given at /Users/mariopazmino/Desktop/app/contabilidad-backend/liberias_sri/FacturacionElectronica.php:1374)
[stacktrace]
#0 /Users/mariopazmino/Desktop/app/contabilidad-backend/liberias_sri/FacturacionElectronica.php(1374): date_format(false, 'dmY')
#1 /Users/mariopazmino/Desktop/app/contabilidad-backend/liberias_sri/FacturacionElectronicaLibrary.php(159): LibreriasSri\\FacturacionElectronica->GenerarClaveDeAccesos('14/07/2026', '01', '1790000000001', '1', '001001', '000000001', '12897856', '1')
#2 /Users/mariopazmino/Desktop/app/contabilidad-backend/liberias_sri/FacturacionElectronicaLibrary.php(46): LibreriasSri\\FacturacionElectronicaLibrary->asegurarClaveAcceso('factura', Object(stdClass), 'object')
#3 /Users/mariopazmino/Desktop/app/contabilidad-backend/app/Actions/EmitirSriDocument.php(13): LibreriasSri\\FacturacionElectronicaLibrary->generarXml('factura', Array)
#4 /Users/mariopazmino/Desktop/app/contabilidad-backend/app/Services/InvoiceEmitter.php(41): App\\Actions\\EmitirSriDocument->execute(Object(App\\Models\\Invoice), 'factura', Object(App\\Models\\Company), Array)
#5 /Users/mariopazmino/Desktop/app/contabilidad-backend/app/Http/Controllers/InvoiceController.php(27): App\\Services\\InvoiceEmitter->emit(Object(App\\Models\\Company), Object(App\\Models\\Contact), Array, 'tarjeta')
#6 /Users/mariopazmino/Desktop/app/contabilidad-backend/vendor/laravel/framework/src/Illuminate/Routing/ControllerDispatcher.php(46): App\\Http\\Controllers\\InvoiceController->store(Object(Illuminate\\Http\\Request), Object(App\\Services\\InvoiceEmitter))
#7 /Users/mariopazmino/Desktop/app/contabilidad-backend/vendor/laravel/framework/src/Illuminate/Routing/Route.php(275): Illuminate\\Routing\\ControllerDispatcher->dispatch(Object(Illuminate\\Routing\\Route), Object(App\\Http\\Controllers\\InvoiceController), 'store')
#8 /Users/mariopazmino/Desktop/app/contabilidad-backend/vendor/laravel/framework/src/Illuminate/Routing/Route.php(215): Illuminate\\Routing\\Route->runController()
#9 /Users/mariopazmino/Desktop/app/contabilidad-backend/vendor/laravel/framework/src/Illuminate/Routing/Router.php(822): Illuminate\\Routing\\Route->run()
#10 /Users/mariopazmino/Desktop/app/contabilidad-backend/vendor/laravel/framework/src/Illuminate/Pipeline/Pipeline.php(180): Illuminate\\Routing\\Router->{closure:Illuminate\\Routing\\Router::runRouteWithinStack():821}(Object(Illuminate\\Http\\Request))
#11 /Users/mariopazmino/Desktop/app/contabilidad-backend/vendor/laravel/framework/src/Illuminate/Routing/Middleware/SubstituteBindings.php(52): Illuminate\\Pipeline\\Pipeline->{closure:Illuminate\\Pipeline\\Pipeline::prepareDestination():178}(Object(Illuminate\\Http\\Request))
#12 /Users/mariopazmino/Desktop/app/contabilidad-backend/vendor/laravel/framework/src/Illuminate/Pipeline/Pipeline.php(219): Illuminate\\Routing\\Middleware\\SubstituteBindings->handle(Object(Illuminate\\Http\\Request), Object(Closure))
#13 /Users/mariopazmino/Desktop/app/contabilidad-backend/vendor/laravel/framework/src/Illuminate/Auth/Middleware/Authenticate.php(63): Illuminate\\Pipeline\\Pipeline->{closure:{closure:Illuminate\\Pipeline\\Pipeline::carry():194}:195}(Object(Illuminate\\Http\\Request))
#14 /Users/mariopazmino/Desktop/app/contabilidad-backend/vendor/laravel/framework/src/Illuminate/Pipeline/Pipeline.php(219): Illuminate\\Auth\\Middleware\\Authenticate->handle(Object(Illuminate\\Http\\Request), Object(Closure), 'sanctum')
#15 /Users/mariopazmino/Desktop/app/contabilidad-backend/vendor/laravel/framework/src/Illuminate/Pipeline/Pipeline.php(137): Illuminate\\Pipeline\\Pipeline->{closure:{closure:Illuminate\\Pipeline\\Pipeline::carry():194}:195}(Object(Illuminate\\Http\\Request))
#16 /Users/mariopazmino/Desktop/app/contabilidad-backend/vendor/laravel/framework/src/Illuminate/Routing/Router.php(821): Illuminate\\Pipeline\\Pipeline->then(Object(Closure))
#17 /Users/mariopazmino/Desktop/app/contabilidad-backend/vendor/laravel/framework/src/Illuminate/Routing/Router.php(800): Illuminate\\Routing\\Router->runRouteWithinStack(Object(Illuminate\\Routing\\Route), Object(Illuminate\\Http\\Request))
#18 /Users/mariopazmino/Desktop/app/contabilidad-backend/vendor/laravel/framework/src/Illuminate/Routing/Router.php(764): Illuminate\\Routing\\Router->runRoute(Object(Illuminate\\Http\\Request), Object(Illuminate\\Routing\\Route))
#19 /Users/mariopazmino/Desktop/app/contabilidad-backend/vendor/laravel/framework/src/Illuminate/Routing/Router.php(753): Illuminate\\Routing\\Router->dispatchToRoute(Object(Illuminate\\Http\\Request))
#20 /Users/mariopazmino/Desktop/app/contabilidad-backend/vendor/laravel/framework/src/Illuminate/Foundation/Http/Kernel.php(200): Illuminate\\Routing\\Router->dispatch(Object(Illuminate\\Http\\Request))
#21 /Users/mariopazmino/Desktop/app/contabilidad-backend/vendor/laravel/framework/src/Illuminate/Pipeline/Pipeline.php(180): Illuminate\\Foundation\\Http\\Kernel->{closure:Illuminate\\Foundation\\Http\\Kernel::dispatchToRouter():197}(Object(Illuminate\\Http\\Request))
#22 /Users/mariopazmino/Desktop/app/contabilidad-backend/vendor/laravel/framework/src/Illuminate/Foundation/Http/Middleware/TransformsRequest.php(21): Illuminate\\Pipeline\\Pipeline->{closure:Illuminate\\Pipeline\\Pipeline::prepareDestination():178}(Object(Illuminate\\Http\\Request))
#23 /Users/mariopazmino/Desktop/app/contabilidad-backend/vendor/laravel/framework/src/Illuminate/Foundation/Http/Middleware/ConvertEmptyStringsToNull.php(31): Illuminate\\Foundation\\Http\\Middleware\\TransformsRequest->handle(Object(Illuminate\\Http\\Request), Object(Closure))
#24 /Users/mariopazmino/Desktop/app/contabilidad-backend/vendor/laravel/framework/src/Illuminate/Pipeline/Pipeline.php(219): Illuminate\\Foundation\\Http\\Middleware\\ConvertEmptyStringsToNull->handle(Object(Illuminate\\Http\\Request), Object(Closure))
#25 /Users/mariopazmino/Desktop/app/contabilidad-backend/vendor/laravel/framework/src/Illuminate/Foundation/Http/Middleware/TransformsRequest.php(21): Illuminate\\Pipeline\\Pipeline->{closure:{closure:Illuminate\\Pipeline\\Pipeline::carry():194}:195}(Object(Illuminate\\Http\\Request))
#26 /Users/mariopazmino/Desktop/app/contabilidad-backend/vendor/laravel/framework/src/Illuminate/Foundation/Http/Middleware/TrimStrings.php(51): Illuminate\\Foundation\\Http\\Middleware\\TransformsRequest->handle(Object(Illuminate\\Http\\Request), Object(Closure))
#27 /Users/mariopazmino/Desktop/app/contabilidad-backend/vendor/laravel/framework/src/Illuminate/Pipeline/Pipeline.php(219): Illuminate\\Foundation\\Http\\Middleware\\TrimStrings->handle(Object(Illuminate\\Http\\Request), Object(Closure))
#28 /Users/mariopazmino/Desktop/app/contabilidad-backend/vendor/laravel/framework/src/Illuminate/Http/Middleware/ValidatePostSize.php(27): Illuminate\\Pipeline\\Pipeline->{closure:{closure:Illuminate\\Pipeline\\Pipeline::carry():194}:195}(Object(Illuminate\\Http\\Request))
#29 /Users/mariopazmino/Desktop/app/contabilidad-backend/vendor/laravel/framework/src/Illuminate/Pipeline/Pipeline.php(219): Illuminate\\Http\\Middleware\\ValidatePostSize->handle(Object(Illuminate\\Http\\Request), Object(Closure))
#30 /Users/mariopazmino/Desktop/app/contabilidad-backend/vendor/laravel/framework/src/Illuminate/Foundation/Http/Middleware/PreventRequestsDuringMaintenance.php(109): Illuminate\\Pipeline\\Pipeline->{closure:{closure:Illuminate\\Pipeline\\Pipeline::carry():194}:195}(Object(Illuminate\\Http\\Request))
#31 /Users/mariopazmino/Desktop/app/contabilidad-backend/vendor/laravel/framework/src/Illuminate/Pipeline/Pipeline.php(219): Illuminate\\Foundation\\Http\\Middleware\\PreventRequestsDuringMaintenance->handle(Object(Illuminate\\Http\\Request), Object(Closure))
#32 /Users/mariopazmino/Desktop/app/contabilidad-backend/vendor/laravel/framework/src/Illuminate/Http/Middleware/HandleCors.php(74): Illuminate\\Pipeline\\Pipeline->{closure:{closure:Illuminate\\Pipeline\\Pipeline::carry():194}:195}(Object(Illuminate\\Http\\Request))
#33 /Users/mariopazmino/Desktop/app/contabilidad-backend/vendor/laravel/framework/src/Illuminate/Pipeline/Pipeline.php(219): Illuminate\\Http\\Middleware\\HandleCors->handle(Object(Illuminate\\Http\\Request), Object(Closure))
#34 /Users/mariopazmino/Desktop/app/contabilidad-backend/vendor/laravel/framework/src/Illuminate/Http/Middleware/TrustProxies.php(58): Illuminate\\Pipeline\\Pipeline->{closure:{closure:Illuminate\\Pipeline\\Pipeline::carry():194}:195}(Object(Illuminate\\Http\\Request))
#35 /Users/mariopazmino/Desktop/app/contabilidad-backend/vendor/laravel/framework/src/Illuminate/Pipeline/Pipeline.php(219): Illuminate\\Http\\Middleware\\TrustProxies->handle(Object(Illuminate\\Http\\Request), Object(Closure))
#36 /Users/mariopazmino/Desktop/app/contabilidad-backend/vendor/laravel/framework/src/Illuminate/Foundation/Http/Middleware/InvokeDeferredCallbacks.php(22): Illuminate\\Pipeline\\Pipeline->{closure:{closure:Illuminate\\Pipeline\\Pipeline::carry():194}:195}(Object(Illuminate\\Http\\Request))
#37 /Users/mariopazmino/Desktop/app/contabilidad-backend/vendor/laravel/framework/src/Illuminate/Pipeline/Pipeline.php(219): Illuminate\\Foundation\\Http\\Middleware\\InvokeDeferredCallbacks->handle(Object(Illuminate\\Http\\Request), Object(Closure))
#38 /Users/mariopazmino/Desktop/app/contabilidad-backend/vendor/laravel/framework/src/Illuminate/Http/Middleware/ValidatePathEncoding.php(28): Illuminate\\Pipeline\\Pipeline->{closure:{closure:Illuminate\\Pipeline\\Pipeline::carry():194}:195}(Object(Illuminate\\Http\\Request))
#39 /Users/mariopazmino/Desktop/app/contabilidad-backend/vendor/laravel/framework/src/Illuminate/Pipeline/Pipeline.php(219): Illuminate\\Http\\Middleware\\ValidatePathEncoding->handle(Object(Illuminate\\Http\\Request), Object(Closure))
#40 /Users/mariopazmino/Desktop/app/contabilidad-backend/vendor/laravel/framework/src/Illuminate/Pipeline/Pipeline.php(137): Illuminate\\Pipeline\\Pipeline->{closure:{closure:Illuminate\\Pipeline\\Pipeline::carry():194}:195}(Object(Illuminate\\Http\\Request))
#41 /Users/mariopazmino/Desktop/app/contabilidad-backend/vendor/laravel/framework/src/Illuminate/Foundation/Http/Kernel.php(175): Illuminate\\Pipeline\\Pipeline->then(Object(Closure))
#42 /Users/mariopazmino/Desktop/app/contabilidad-backend/vendor/laravel/framework/src/Illuminate/Foundation/Http/Kernel.php(144): Illuminate\\Foundation\\Http\\Kernel->sendRequestThroughRouter(Object(Illuminate\\Http\\Request))
#43 /Users/mariopazmino/Desktop/app/contabilidad-backend/vendor/laravel/framework/src/Illuminate/Foundation/Application.php(1220): Illuminate\\Foundation\\Http\\Kernel->handle(Object(Illuminate\\Http\\Request))
#44 /Users/mariopazmino/Desktop/app/contabilidad-backend/public/index.php(20): Illuminate\\Foundation\\Application->handleRequest(Object(Illuminate\\Http\\Request))
#45 /Users/mariopazmino/Desktop/app/contabilidad-backend/vendor/laravel/framework/src/Illuminate/Foundation/resources/server.php(23): require_once('/Users/mariopaz...')
#46 {main}
"} 
[2026-07-14 00:19:43] local.ERROR: Undefined property: stdClass::$dirEstablecimiento {"userId":1,"exception":"[object] (ErrorException(code: 0): Undefined property: stdClass::$dirEstablecimiento at /Users/mariopazmino/Desktop/app/contabilidad-backend/liberias_sri/FacturacionElectronica.php:366)
[stacktrace]
#0 /Users/mariopazmino/Desktop/app/contabilidad-backend/vendor/laravel/framework/src/Illuminate/Foundation/Bootstrap/HandleExceptions.php(263): Illuminate\\Foundation\\Bootstrap\\HandleExceptions->handleError(2, 'Undefined prope...', '/Users/mariopaz...', 366)
#1 /Users/mariopazmino/Desktop/app/contabilidad-backend/liberias_sri/FacturacionElectronica.php(366): Illuminate\\Foundation\\Bootstrap\\HandleExceptions->{closure:Illuminate\\Foundation\\Bootstrap\\HandleExceptions::forwardsTo():262}(2, 'Undefined prope...', '/Users/mariopaz...', 366)
#2 /Users/mariopazmino/Desktop/app/contabilidad-backend/liberias_sri/FacturacionElectronicaLibrary.php(48): LibreriasSri\\FacturacionElectronica->generarFacturaXml(Object(stdClass))
#3 /Users/mariopazmino/Desktop/app/contabilidad-backend/app/Actions/EmitirSriDocument.php(13): LibreriasSri\\FacturacionElectronicaLibrary->generarXml('factura', Array)
#4 /Users/mariopazmino/Desktop/app/contabilidad-backend/app/Services/InvoiceEmitter.php(41): App\\Actions\\EmitirSriDocument->execute(Object(App\\Models\\Invoice), 'factura', Object(App\\Models\\Company), Array)
#5 /Users/mariopazmino/Desktop/app/contabilidad-backend/app/Http/Controllers/InvoiceController.php(27): App\\Services\\InvoiceEmitter->emit(Object(App\\Models\\Company), Object(App\\Models\\Contact), Array, 'tarjeta')
#6 /Users/mariopazmino/Desktop/app/contabilidad-backend/vendor/laravel/framework/src/Illuminate/Routing/ControllerDispatcher.php(46): App\\Http\\Controllers\\InvoiceController->store(Object(Illuminate\\Http\\Request), Object(App\\Services\\InvoiceEmitter))
#7 /Users/mariopazmino/Desktop/app/contabilidad-backend/vendor/laravel/framework/src/Illuminate/Routing/Route.php(275): Illuminate\\Routing\\ControllerDispatcher->dispatch(Object(Illuminate\\Routing\\Route), Object(App\\Http\\Controllers\\InvoiceController), 'store')
#8 /Users/mariopazmino/Desktop/app/contabilidad-backend/vendor/laravel/framework/src/Illuminate/Routing/Route.php(215): Illuminate\\Routing\\Route->runController()
#9 /Users/mariopazmino/Desktop/app/contabilidad-backend/vendor/laravel/framework/src/Illuminate/Routing/Router.php(822): Illuminate\\Routing\\Route->run()
#10 /Users/mariopazmino/Desktop/app/contabilidad-backend/vendor/laravel/framework/src/Illuminate/Pipeline/Pipeline.php(180): Illuminate\\Routing\\Router->{closure:Illuminate\\Routing\\Router::runRouteWithinStack():821}(Object(Illuminate\\Http\\Request))
#11 /Users/mariopazmino/Desktop/app/contabilidad-backend/vendor/laravel/framework/src/Illuminate/Routing/Middleware/SubstituteBindings.php(52): Illuminate\\Pipeline\\Pipeline->{closure:Illuminate\\Pipeline\\Pipeline::prepareDestination():178}(Object(Illuminate\\Http\\Request))
#12 /Users/mariopazmino/Desktop/app/contabilidad-backend/vendor/laravel/framework/src/Illuminate/Pipeline/Pipeline.php(219): Illuminate\\Routing\\Middleware\\SubstituteBindings->handle(Object(Illuminate\\Http\\Request), Object(Closure))
#13 /Users/mariopazmino/Desktop/app/contabilidad-backend/vendor/laravel/framework/src/Illuminate/Auth/Middleware/Authenticate.php(63): Illuminate\\Pipeline\\Pipeline->{closure:{closure:Illuminate\\Pipeline\\Pipeline::carry():194}:195}(Object(Illuminate\\Http\\Request))
#14 /Users/mariopazmino/Desktop/app/contabilidad-backend/vendor/laravel/framework/src/Illuminate/Pipeline/Pipeline.php(219): Illuminate\\Auth\\Middleware\\Authenticate->handle(Object(Illuminate\\Http\\Request), Object(Closure), 'sanctum')
#15 /Users/mariopazmino/Desktop/app/contabilidad-backend/vendor/laravel/framework/src/Illuminate/Pipeline/Pipeline.php(137): Illuminate\\Pipeline\\Pipeline->{closure:{closure:Illuminate\\Pipeline\\Pipeline::carry():194}:195}(Object(Illuminate\\Http\\Request))
#16 /Users/mariopazmino/Desktop/app/contabilidad-backend/vendor/laravel/framework/src/Illuminate/Routing/Router.php(821): Illuminate\\Pipeline\\Pipeline->then(Object(Closure))
#17 /Users/mariopazmino/Desktop/app/contabilidad-backend/vendor/laravel/framework/src/Illuminate/Routing/Router.php(800): Illuminate\\Routing\\Router->runRouteWithinStack(Object(Illuminate\\Routing\\Route), Object(Illuminate\\Http\\Request))
#18 /Users/mariopazmino/Desktop/app/contabilidad-backend/vendor/laravel/framework/src/Illuminate/Routing/Router.php(764): Illuminate\\Routing\\Router->runRoute(Object(Illuminate\\Http\\Request), Object(Illuminate\\Routing\\Route))
#19 /Users/mariopazmino/Desktop/app/contabilidad-backend/vendor/laravel/framework/src/Illuminate/Routing/Router.php(753): Illuminate\\Routing\\Router->dispatchToRoute(Object(Illuminate\\Http\\Request))
#20 /Users/mariopazmino/Desktop/app/contabilidad-backend/vendor/laravel/framework/src/Illuminate/Foundation/Http/Kernel.php(200): Illuminate\\Routing\\Router->dispatch(Object(Illuminate\\Http\\Request))
#21 /Users/mariopazmino/Desktop/app/contabilidad-backend/vendor/laravel/framework/src/Illuminate/Pipeline/Pipeline.php(180): Illuminate\\Foundation\\Http\\Kernel->{closure:Illuminate\\Foundation\\Http\\Kernel::dispatchToRouter():197}(Object(Illuminate\\Http\\Request))
#22 /Users/mariopazmino/Desktop/app/contabilidad-backend/vendor/laravel/framework/src/Illuminate/Foundation/Http/Middleware/TransformsRequest.php(21): Illuminate\\Pipeline\\Pipeline->{closure:Illuminate\\Pipeline\\Pipeline::prepareDestination():178}(Object(Illuminate\\Http\\Request))
#23 /Users/mariopazmino/Desktop/app/contabilidad-backend/vendor/laravel/framework/src/Illuminate/Foundation/Http/Middleware/ConvertEmptyStringsToNull.php(31): Illuminate\\Foundation\\Http\\Middleware\\TransformsRequest->handle(Object(Illuminate\\Http\\Request), Object(Closure))
#24 /Users/mariopazmino/Desktop/app/contabilidad-backend/vendor/laravel/framework/src/Illuminate/Pipeline/Pipeline.php(219): Illuminate\\Foundation\\Http\\Middleware\\ConvertEmptyStringsToNull->handle(Object(Illuminate\\Http\\Request), Object(Closure))
#25 /Users/mariopazmino/Desktop/app/contabilidad-backend/vendor/laravel/framework/src/Illuminate/Foundation/Http/Middleware/TransformsRequest.php(21): Illuminate\\Pipeline\\Pipeline->{closure:{closure:Illuminate\\Pipeline\\Pipeline::carry():194}:195}(Object(Illuminate\\Http\\Request))
#26 /Users/mariopazmino/Desktop/app/contabilidad-backend/vendor/laravel/framework/src/Illuminate/Foundation/Http/Middleware/TrimStrings.php(51): Illuminate\\Foundation\\Http\\Middleware\\TransformsRequest->handle(Object(Illuminate\\Http\\Request), Object(Closure))
#27 /Users/mariopazmino/Desktop/app/contabilidad-backend/vendor/laravel/framework/src/Illuminate/Pipeline/Pipeline.php(219): Illuminate\\Foundation\\Http\\Middleware\\TrimStrings->handle(Object(Illuminate\\Http\\Request), Object(Closure))
#28 /Users/mariopazmino/Desktop/app/contabilidad-backend/vendor/laravel/framework/src/Illuminate/Http/Middleware/ValidatePostSize.php(27): Illuminate\\Pipeline\\Pipeline->{closure:{closure:Illuminate\\Pipeline\\Pipeline::carry():194}:195}(Object(Illuminate\\Http\\Request))
#29 /Users/mariopazmino/Desktop/app/contabilidad-backend/vendor/laravel/framework/src/Illuminate/Pipeline/Pipeline.php(219): Illuminate\\Http\\Middleware\\ValidatePostSize->handle(Object(Illuminate\\Http\\Request), Object(Closure))
#30 /Users/mariopazmino/Desktop/app/contabilidad-backend/vendor/laravel/framework/src/Illuminate/Foundation/Http/Middleware/PreventRequestsDuringMaintenance.php(109): Illuminate\\Pipeline\\Pipeline->{closure:{closure:Illuminate\\Pipeline\\Pipeline::carry():194}:195}(Object(Illuminate\\Http\\Request))
#31 /Users/mariopazmino/Desktop/app/contabilidad-backend/vendor/laravel/framework/src/Illuminate/Pipeline/Pipeline.php(219): Illuminate\\Foundation\\Http\\Middleware\\PreventRequestsDuringMaintenance->handle(Object(Illuminate\\Http\\Request), Object(Closure))
#32 /Users/mariopazmino/Desktop/app/contabilidad-backend/vendor/laravel/framework/src/Illuminate/Http/Middleware/HandleCors.php(74): Illuminate\\Pipeline\\Pipeline->{closure:{closure:Illuminate\\Pipeline\\Pipeline::carry():194}:195}(Object(Illuminate\\Http\\Request))
#33 /Users/mariopazmino/Desktop/app/contabilidad-backend/vendor/laravel/framework/src/Illuminate/Pipeline/Pipeline.php(219): Illuminate\\Http\\Middleware\\HandleCors->handle(Object(Illuminate\\Http\\Request), Object(Closure))
#34 /Users/mariopazmino/Desktop/app/contabilidad-backend/vendor/laravel/framework/src/Illuminate/Http/Middleware/TrustProxies.php(58): Illuminate\\Pipeline\\Pipeline->{closure:{closure:Illuminate\\Pipeline\\Pipeline::carry():194}:195}(Object(Illuminate\\Http\\Request))
#35 /Users/mariopazmino/Desktop/app/contabilidad-backend/vendor/laravel/framework/src/Illuminate/Pipeline/Pipeline.php(219): Illuminate\\Http\\Middleware\\TrustProxies->handle(Object(Illuminate\\Http\\Request), Object(Closure))
#36 /Users/mariopazmino/Desktop/app/contabilidad-backend/vendor/laravel/framework/src/Illuminate/Foundation/Http/Middleware/InvokeDeferredCallbacks.php(22): Illuminate\\Pipeline\\Pipeline->{closure:{closure:Illuminate\\Pipeline\\Pipeline::carry():194}:195}(Object(Illuminate\\Http\\Request))
#37 /Users/mariopazmino/Desktop/app/contabilidad-backend/vendor/laravel/framework/src/Illuminate/Pipeline/Pipeline.php(219): Illuminate\\Foundation\\Http\\Middleware\\InvokeDeferredCallbacks->handle(Object(Illuminate\\Http\\Request), Object(Closure))
#38 /Users/mariopazmino/Desktop/app/contabilidad-backend/vendor/laravel/framework/src/Illuminate/Http/Middleware/ValidatePathEncoding.php(28): Illuminate\\Pipeline\\Pipeline->{closure:{closure:Illuminate\\Pipeline\\Pipeline::carry():194}:195}(Object(Illuminate\\Http\\Request))
#39 /Users/mariopazmino/Desktop/app/contabilidad-backend/vendor/laravel/framework/src/Illuminate/Pipeline/Pipeline.php(219): Illuminate\\Http\\Middleware\\ValidatePathEncoding->handle(Object(Illuminate\\Http\\Request), Object(Closure))
#40 /Users/mariopazmino/Desktop/app/contabilidad-backend/vendor/laravel/framework/src/Illuminate/Pipeline/Pipeline.php(137): Illuminate\\Pipeline\\Pipeline->{closure:{closure:Illuminate\\Pipeline\\Pipeline::carry():194}:195}(Object(Illuminate\\Http\\Request))
#41 /Users/mariopazmino/Desktop/app/contabilidad-backend/vendor/laravel/framework/src/Illuminate/Foundation/Http/Kernel.php(175): Illuminate\\Pipeline\\Pipeline->then(Object(Closure))
#42 /Users/mariopazmino/Desktop/app/contabilidad-backend/vendor/laravel/framework/src/Illuminate/Foundation/Http/Kernel.php(144): Illuminate\\Foundation\\Http\\Kernel->sendRequestThroughRouter(Object(Illuminate\\Http\\Request))
#43 /Users/mariopazmino/Desktop/app/contabilidad-backend/vendor/laravel/framework/src/Illuminate/Foundation/Application.php(1220): Illuminate\\Foundation\\Http\\Kernel->handle(Object(Illuminate\\Http\\Request))
#44 /Users/mariopazmino/Desktop/app/contabilidad-backend/public/index.php(20): Illuminate\\Foundation\\Application->handleRequest(Object(Illuminate\\Http\\Request))
#45 /Users/mariopazmino/Desktop/app/contabilidad-backend/vendor/laravel/framework/src/Illuminate/Foundation/resources/server.php(23): require_once('/Users/mariopaz...')
#46 {main}
"} 
[2026-07-14 12:57:57] local.ERROR: Route [login] not defined. {"exception":"[object] (Symfony\\Component\\Routing\\Exception\\RouteNotFoundException(code: 0): Route [login] not defined. at /Users/mariopazmino/Desktop/app/contabilidad-backend/vendor/laravel/framework/src/Illuminate/Routing/UrlGenerator.php:540)
[stacktrace]
#0 /Users/mariopazmino/Desktop/app/contabilidad-backend/vendor/laravel/framework/src/Illuminate/Foundation/helpers.php(870): Illuminate\\Routing\\UrlGenerator->route('login', Array, true)
#1 /Users/mariopazmino/Desktop/app/contabilidad-backend/vendor/laravel/framework/src/Illuminate/Foundation/Configuration/ApplicationBuilder.php(291): route('login')
#2 [internal function]: Illuminate\\Foundation\\Configuration\\ApplicationBuilder->{closure:{closure:Illuminate\\Foundation\\Configuration\\ApplicationBuilder::withMiddleware():289}:291}(Object(Illuminate\\Http\\Request))
#3 /Users/mariopazmino/Desktop/app/contabilidad-backend/vendor/laravel/framework/src/Illuminate/Auth/Middleware/Authenticate.php(117): call_user_func(Object(Closure), Object(Illuminate\\Http\\Request))
#4 /Users/mariopazmino/Desktop/app/contabilidad-backend/vendor/laravel/framework/src/Illuminate/Auth/Middleware/Authenticate.php(104): Illuminate\\Auth\\Middleware\\Authenticate->redirectTo(Object(Illuminate\\Http\\Request))
#5 /Users/mariopazmino/Desktop/app/contabilidad-backend/vendor/laravel/framework/src/Illuminate/Auth/Middleware/Authenticate.php(87): Illuminate\\Auth\\Middleware\\Authenticate->unauthenticated(Object(Illuminate\\Http\\Request), Array)
#6 /Users/mariopazmino/Desktop/app/contabilidad-backend/vendor/laravel/framework/src/Illuminate/Auth/Middleware/Authenticate.php(61): Illuminate\\Auth\\Middleware\\Authenticate->authenticate(Object(Illuminate\\Http\\Request), Array)
#7 /Users/mariopazmino/Desktop/app/contabilidad-backend/vendor/laravel/framework/src/Illuminate/Pipeline/Pipeline.php(219): Illuminate\\Auth\\Middleware\\Authenticate->handle(Object(Illuminate\\Http\\Request), Object(Closure), 'sanctum')
#8 /Users/mariopazmino/Desktop/app/contabilidad-backend/vendor/laravel/framework/src/Illuminate/Pipeline/Pipeline.php(137): Illuminate\\Pipeline\\Pipeline->{closure:{closure:Illuminate\\Pipeline\\Pipeline::carry():194}:195}(Object(Illuminate\\Http\\Request))
#9 /Users/mariopazmino/Desktop/app/contabilidad-backend/vendor/laravel/framework/src/Illuminate/Routing/Router.php(821): Illuminate\\Pipeline\\Pipeline->then(Object(Closure))
#10 /Users/mariopazmino/Desktop/app/contabilidad-backend/vendor/laravel/framework/src/Illuminate/Routing/Router.php(800): Illuminate\\Routing\\Router->runRouteWithinStack(Object(Illuminate\\Routing\\Route), Object(Illuminate\\Http\\Request))
#11 /Users/mariopazmino/Desktop/app/contabilidad-backend/vendor/laravel/framework/src/Illuminate/Routing/Router.php(764): Illuminate\\Routing\\Router->runRoute(Object(Illuminate\\Http\\Request), Object(Illuminate\\Routing\\Route))
#12 /Users/mariopazmino/Desktop/app/contabilidad-backend/vendor/laravel/framework/src/Illuminate/Routing/Router.php(753): Illuminate\\Routing\\Router->dispatchToRoute(Object(Illuminate\\Http\\Request))
#13 /Users/mariopazmino/Desktop/app/contabilidad-backend/vendor/laravel/framework/src/Illuminate/Foundation/Http/Kernel.php(200): Illuminate\\Routing\\Router->dispatch(Object(Illuminate\\Http\\Request))
#14 /Users/mariopazmino/Desktop/app/contabilidad-backend/vendor/laravel/framework/src/Illuminate/Pipeline/Pipeline.php(180): Illuminate\\Foundation\\Http\\Kernel->{closure:Illuminate\\Foundation\\Http\\Kernel::dispatchToRouter():197}(Object(Illuminate\\Http\\Request))
#15 /Users/mariopazmino/Desktop/app/contabilidad-backend/vendor/laravel/framework/src/Illuminate/Foundation/Http/Middleware/TransformsRequest.php(21): Illuminate\\Pipeline\\Pipeline->{closure:Illuminate\\Pipeline\\Pipeline::prepareDestination():178}(Object(Illuminate\\Http\\Request))
#16 /Users/mariopazmino/Desktop/app/contabilidad-backend/vendor/laravel/framework/src/Illuminate/Foundation/Http/Middleware/ConvertEmptyStringsToNull.php(31): Illuminate\\Foundation\\Http\\Middleware\\TransformsRequest->handle(Object(Illuminate\\Http\\Request), Object(Closure))
#17 /Users/mariopazmino/Desktop/app/contabilidad-backend/vendor/laravel/framework/src/Illuminate/Pipeline/Pipeline.php(219): Illuminate\\Foundation\\Http\\Middleware\\ConvertEmptyStringsToNull->handle(Object(Illuminate\\Http\\Request), Object(Closure))
#18 /Users/mariopazmino/Desktop/app/contabilidad-backend/vendor/laravel/framework/src/Illuminate/Foundation/Http/Middleware/TransformsRequest.php(21): Illuminate\\Pipeline\\Pipeline->{closure:{closure:Illuminate\\Pipeline\\Pipeline::carry():194}:195}(Object(Illuminate\\Http\\Request))
#19 /Users/mariopazmino/Desktop/app/contabilidad-backend/vendor/laravel/framework/src/Illuminate/Foundation/Http/Middleware/TrimStrings.php(51): Illuminate\\Foundation\\Http\\Middleware\\TransformsRequest->handle(Object(Illuminate\\Http\\Request), Object(Closure))
#20 /Users/mariopazmino/Desktop/app/contabilidad-backend/vendor/laravel/framework/src/Illuminate/Pipeline/Pipeline.php(219): Illuminate\\Foundation\\Http\\Middleware\\TrimStrings->handle(Object(Illuminate\\Http\\Request), Object(Closure))
#21 /Users/mariopazmino/Desktop/app/contabilidad-backend/vendor/laravel/framework/src/Illuminate/Http/Middleware/ValidatePostSize.php(27): Illuminate\\Pipeline\\Pipeline->{closure:{closure:Illuminate\\Pipeline\\Pipeline::carry():194}:195}(Object(Illuminate\\Http\\Request))
#22 /Users/mariopazmino/Desktop/app/contabilidad-backend/vendor/laravel/framework/src/Illuminate/Pipeline/Pipeline.php(219): Illuminate\\Http\\Middleware\\ValidatePostSize->handle(Object(Illuminate\\Http\\Request), Object(Closure))
#23 /Users/mariopazmino/Desktop/app/contabilidad-backend/vendor/laravel/framework/src/Illuminate/Foundation/Http/Middleware/PreventRequestsDuringMaintenance.php(109): Illuminate\\Pipeline\\Pipeline->{closure:{closure:Illuminate\\Pipeline\\Pipeline::carry():194}:195}(Object(Illuminate\\Http\\Request))
#24 /Users/mariopazmino/Desktop/app/contabilidad-backend/vendor/laravel/framework/src/Illuminate/Pipeline/Pipeline.php(219): Illuminate\\Foundation\\Http\\Middleware\\PreventRequestsDuringMaintenance->handle(Object(Illuminate\\Http\\Request), Object(Closure))
#25 /Users/mariopazmino/Desktop/app/contabilidad-backend/vendor/laravel/framework/src/Illuminate/Http/Middleware/HandleCors.php(74): Illuminate\\Pipeline\\Pipeline->{closure:{closure:Illuminate\\Pipeline\\Pipeline::carry():194}:195}(Object(Illuminate\\Http\\Request))
#26 /Users/mariopazmino/Desktop/app/contabilidad-backend/vendor/laravel/framework/src/Illuminate/Pipeline/Pipeline.php(219): Illuminate\\Http\\Middleware\\HandleCors->handle(Object(Illuminate\\Http\\Request), Object(Closure))
#27 /Users/mariopazmino/Desktop/app/contabilidad-backend/vendor/laravel/framework/src/Illuminate/Http/Middleware/TrustProxies.php(58): Illuminate\\Pipeline\\Pipeline->{closure:{closure:Illuminate\\Pipeline\\Pipeline::carry():194}:195}(Object(Illuminate\\Http\\Request))
#28 /Users/mariopazmino/Desktop/app/contabilidad-backend/vendor/laravel/framework/src/Illuminate/Pipeline/Pipeline.php(219): Illuminate\\Http\\Middleware\\TrustProxies->handle(Object(Illuminate\\Http\\Request), Object(Closure))
#29 /Users/mariopazmino/Desktop/app/contabilidad-backend/vendor/laravel/framework/src/Illuminate/Foundation/Http/Middleware/InvokeDeferredCallbacks.php(22): Illuminate\\Pipeline\\Pipeline->{closure:{closure:Illuminate\\Pipeline\\Pipeline::carry():194}:195}(Object(Illuminate\\Http\\Request))
#30 /Users/mariopazmino/Desktop/app/contabilidad-backend/vendor/laravel/framework/src/Illuminate/Pipeline/Pipeline.php(219): Illuminate\\Foundation\\Http\\Middleware\\InvokeDeferredCallbacks->handle(Object(Illuminate\\Http\\Request), Object(Closure))
#31 /Users/mariopazmino/Desktop/app/contabilidad-backend/vendor/laravel/framework/src/Illuminate/Http/Middleware/ValidatePathEncoding.php(28): Illuminate\\Pipeline\\Pipeline->{closure:{closure:Illuminate\\Pipeline\\Pipeline::carry():194}:195}(Object(Illuminate\\Http\\Request))
#32 /Users/mariopazmino/Desktop/app/contabilidad-backend/vendor/laravel/framework/src/Illuminate/Pipeline/Pipeline.php(219): Illuminate\\Http\\Middleware\\ValidatePathEncoding->handle(Object(Illuminate\\Http\\Request), Object(Closure))
#33 /Users/mariopazmino/Desktop/app/contabilidad-backend/vendor/laravel/framework/src/Illuminate/Pipeline/Pipeline.php(137): Illuminate\\Pipeline\\Pipeline->{closure:{closure:Illuminate\\Pipeline\\Pipeline::carry():194}:195}(Object(Illuminate\\Http\\Request))
#34 /Users/mariopazmino/Desktop/app/contabilidad-backend/vendor/laravel/framework/src/Illuminate/Foundation/Http/Kernel.php(175): Illuminate\\Pipeline\\Pipeline->then(Object(Closure))
#35 /Users/mariopazmino/Desktop/app/contabilidad-backend/vendor/laravel/framework/src/Illuminate/Foundation/Http/Kernel.php(144): Illuminate\\Foundation\\Http\\Kernel->sendRequestThroughRouter(Object(Illuminate\\Http\\Request))
#36 /Users/mariopazmino/Desktop/app/contabilidad-backend/vendor/laravel/framework/src/Illuminate/Foundation/Application.php(1220): Illuminate\\Foundation\\Http\\Kernel->handle(Object(Illuminate\\Http\\Request))
#37 /Users/mariopazmino/Desktop/app/contabilidad-backend/public/index.php(20): Illuminate\\Foundation\\Application->handleRequest(Object(Illuminate\\Http\\Request))
#38 /Users/mariopazmino/Desktop/app/contabilidad-backend/vendor/laravel/framework/src/Illuminate/Foundation/resources/server.php(23): require_once('/Users/mariopaz...')
#39 {main}
"} 
[2026-07-14 12:57:57] local.ERROR: Route [login] not defined. {"exception":"[object] (Symfony\\Component\\Routing\\Exception\\RouteNotFoundException(code: 0): Route [login] not defined. at /Users/mariopazmino/Desktop/app/contabilidad-backend/vendor/laravel/framework/src/Illuminate/Routing/UrlGenerator.php:540)
[stacktrace]
#0 /Users/mariopazmino/Desktop/app/contabilidad-backend/vendor/laravel/framework/src/Illuminate/Foundation/helpers.php(870): Illuminate\\Routing\\UrlGenerator->route('login', Array, true)
#1 /Users/mariopazmino/Desktop/app/contabilidad-backend/vendor/laravel/framework/src/Illuminate/Foundation/Configuration/ApplicationBuilder.php(291): route('login')
#2 [internal function]: Illuminate\\Foundation\\Configuration\\ApplicationBuilder->{closure:{closure:Illuminate\\Foundation\\Configuration\\ApplicationBuilder::withMiddleware():289}:291}(Object(Illuminate\\Http\\Request))
#3 /Users/mariopazmino/Desktop/app/contabilidad-backend/vendor/laravel/framework/src/Illuminate/Auth/Middleware/Authenticate.php(117): call_user_func(Object(Closure), Object(Illuminate\\Http\\Request))
#4 /Users/mariopazmino/Desktop/app/contabilidad-backend/vendor/laravel/framework/src/Illuminate/Auth/Middleware/Authenticate.php(104): Illuminate\\Auth\\Middleware\\Authenticate->redirectTo(Object(Illuminate\\Http\\Request))
#5 /Users/mariopazmino/Desktop/app/contabilidad-backend/vendor/laravel/framework/src/Illuminate/Auth/Middleware/Authenticate.php(87): Illuminate\\Auth\\Middleware\\Authenticate->unauthenticated(Object(Illuminate\\Http\\Request), Array)
#6 /Users/mariopazmino/Desktop/app/contabilidad-backend/vendor/laravel/framework/src/Illuminate/Auth/Middleware/Authenticate.php(61): Illuminate\\Auth\\Middleware\\Authenticate->authenticate(Object(Illuminate\\Http\\Request), Array)
#7 /Users/mariopazmino/Desktop/app/contabilidad-backend/vendor/laravel/framework/src/Illuminate/Pipeline/Pipeline.php(219): Illuminate\\Auth\\Middleware\\Authenticate->handle(Object(Illuminate\\Http\\Request), Object(Closure), 'sanctum')
#8 /Users/mariopazmino/Desktop/app/contabilidad-backend/vendor/laravel/framework/src/Illuminate/Pipeline/Pipeline.php(137): Illuminate\\Pipeline\\Pipeline->{closure:{closure:Illuminate\\Pipeline\\Pipeline::carry():194}:195}(Object(Illuminate\\Http\\Request))
#9 /Users/mariopazmino/Desktop/app/contabilidad-backend/vendor/laravel/framework/src/Illuminate/Routing/Router.php(821): Illuminate\\Pipeline\\Pipeline->then(Object(Closure))
#10 /Users/mariopazmino/Desktop/app/contabilidad-backend/vendor/laravel/framework/src/Illuminate/Routing/Router.php(800): Illuminate\\Routing\\Router->runRouteWithinStack(Object(Illuminate\\Routing\\Route), Object(Illuminate\\Http\\Request))
#11 /Users/mariopazmino/Desktop/app/contabilidad-backend/vendor/laravel/framework/src/Illuminate/Routing/Router.php(764): Illuminate\\Routing\\Router->runRoute(Object(Illuminate\\Http\\Request), Object(Illuminate\\Routing\\Route))
#12 /Users/mariopazmino/Desktop/app/contabilidad-backend/vendor/laravel/framework/src/Illuminate/Routing/Router.php(753): Illuminate\\Routing\\Router->dispatchToRoute(Object(Illuminate\\Http\\Request))
#13 /Users/mariopazmino/Desktop/app/contabilidad-backend/vendor/laravel/framework/src/Illuminate/Foundation/Http/Kernel.php(200): Illuminate\\Routing\\Router->dispatch(Object(Illuminate\\Http\\Request))
#14 /Users/mariopazmino/Desktop/app/contabilidad-backend/vendor/laravel/framework/src/Illuminate/Pipeline/Pipeline.php(180): Illuminate\\Foundation\\Http\\Kernel->{closure:Illuminate\\Foundation\\Http\\Kernel::dispatchToRouter():197}(Object(Illuminate\\Http\\Request))
#15 /Users/mariopazmino/Desktop/app/contabilidad-backend/vendor/laravel/framework/src/Illuminate/Foundation/Http/Middleware/TransformsRequest.php(21): Illuminate\\Pipeline\\Pipeline->{closure:Illuminate\\Pipeline\\Pipeline::prepareDestination():178}(Object(Illuminate\\Http\\Request))
#16 /Users/mariopazmino/Desktop/app/contabilidad-backend/vendor/laravel/framework/src/Illuminate/Foundation/Http/Middleware/ConvertEmptyStringsToNull.php(31): Illuminate\\Foundation\\Http\\Middleware\\TransformsRequest->handle(Object(Illuminate\\Http\\Request), Object(Closure))
#17 /Users/mariopazmino/Desktop/app/contabilidad-backend/vendor/laravel/framework/src/Illuminate/Pipeline/Pipeline.php(219): Illuminate\\Foundation\\Http\\Middleware\\ConvertEmptyStringsToNull->handle(Object(Illuminate\\Http\\Request), Object(Closure))
#18 /Users/mariopazmino/Desktop/app/contabilidad-backend/vendor/laravel/framework/src/Illuminate/Foundation/Http/Middleware/TransformsRequest.php(21): Illuminate\\Pipeline\\Pipeline->{closure:{closure:Illuminate\\Pipeline\\Pipeline::carry():194}:195}(Object(Illuminate\\Http\\Request))
#19 /Users/mariopazmino/Desktop/app/contabilidad-backend/vendor/laravel/framework/src/Illuminate/Foundation/Http/Middleware/TrimStrings.php(51): Illuminate\\Foundation\\Http\\Middleware\\TransformsRequest->handle(Object(Illuminate\\Http\\Request), Object(Closure))
#20 /Users/mariopazmino/Desktop/app/contabilidad-backend/vendor/laravel/framework/src/Illuminate/Pipeline/Pipeline.php(219): Illuminate\\Foundation\\Http\\Middleware\\TrimStrings->handle(Object(Illuminate\\Http\\Request), Object(Closure))
#21 /Users/mariopazmino/Desktop/app/contabilidad-backend/vendor/laravel/framework/src/Illuminate/Http/Middleware/ValidatePostSize.php(27): Illuminate\\Pipeline\\Pipeline->{closure:{closure:Illuminate\\Pipeline\\Pipeline::carry():194}:195}(Object(Illuminate\\Http\\Request))
#22 /Users/mariopazmino/Desktop/app/contabilidad-backend/vendor/laravel/framework/src/Illuminate/Pipeline/Pipeline.php(219): Illuminate\\Http\\Middleware\\ValidatePostSize->handle(Object(Illuminate\\Http\\Request), Object(Closure))
#23 /Users/mariopazmino/Desktop/app/contabilidad-backend/vendor/laravel/framework/src/Illuminate/Foundation/Http/Middleware/PreventRequestsDuringMaintenance.php(109): Illuminate\\Pipeline\\Pipeline->{closure:{closure:Illuminate\\Pipeline\\Pipeline::carry():194}:195}(Object(Illuminate\\Http\\Request))
#24 /Users/mariopazmino/Desktop/app/contabilidad-backend/vendor/laravel/framework/src/Illuminate/Pipeline/Pipeline.php(219): Illuminate\\Foundation\\Http\\Middleware\\PreventRequestsDuringMaintenance->handle(Object(Illuminate\\Http\\Request), Object(Closure))
#25 /Users/mariopazmino/Desktop/app/contabilidad-backend/vendor/laravel/framework/src/Illuminate/Http/Middleware/HandleCors.php(74): Illuminate\\Pipeline\\Pipeline->{closure:{closure:Illuminate\\Pipeline\\Pipeline::carry():194}:195}(Object(Illuminate\\Http\\Request))
#26 /Users/mariopazmino/Desktop/app/contabilidad-backend/vendor/laravel/framework/src/Illuminate/Pipeline/Pipeline.php(219): Illuminate\\Http\\Middleware\\HandleCors->handle(Object(Illuminate\\Http\\Request), Object(Closure))
#27 /Users/mariopazmino/Desktop/app/contabilidad-backend/vendor/laravel/framework/src/Illuminate/Http/Middleware/TrustProxies.php(58): Illuminate\\Pipeline\\Pipeline->{closure:{closure:Illuminate\\Pipeline\\Pipeline::carry():194}:195}(Object(Illuminate\\Http\\Request))
#28 /Users/mariopazmino/Desktop/app/contabilidad-backend/vendor/laravel/framework/src/Illuminate/Pipeline/Pipeline.php(219): Illuminate\\Http\\Middleware\\TrustProxies->handle(Object(Illuminate\\Http\\Request), Object(Closure))
#29 /Users/mariopazmino/Desktop/app/contabilidad-backend/vendor/laravel/framework/src/Illuminate/Foundation/Http/Middleware/InvokeDeferredCallbacks.php(22): Illuminate\\Pipeline\\Pipeline->{closure:{closure:Illuminate\\Pipeline\\Pipeline::carry():194}:195}(Object(Illuminate\\Http\\Request))
#30 /Users/mariopazmino/Desktop/app/contabilidad-backend/vendor/laravel/framework/src/Illuminate/Pipeline/Pipeline.php(219): Illuminate\\Foundation\\Http\\Middleware\\InvokeDeferredCallbacks->handle(Object(Illuminate\\Http\\Request), Object(Closure))
#31 /Users/mariopazmino/Desktop/app/contabilidad-backend/vendor/laravel/framework/src/Illuminate/Http/Middleware/ValidatePathEncoding.php(28): Illuminate\\Pipeline\\Pipeline->{closure:{closure:Illuminate\\Pipeline\\Pipeline::carry():194}:195}(Object(Illuminate\\Http\\Request))
#32 /Users/mariopazmino/Desktop/app/contabilidad-backend/vendor/laravel/framework/src/Illuminate/Pipeline/Pipeline.php(219): Illuminate\\Http\\Middleware\\ValidatePathEncoding->handle(Object(Illuminate\\Http\\Request), Object(Closure))
#33 /Users/mariopazmino/Desktop/app/contabilidad-backend/vendor/laravel/framework/src/Illuminate/Pipeline/Pipeline.php(137): Illuminate\\Pipeline\\Pipeline->{closure:{closure:Illuminate\\Pipeline\\Pipeline::carry():194}:195}(Object(Illuminate\\Http\\Request))
#34 /Users/mariopazmino/Desktop/app/contabilidad-backend/vendor/laravel/framework/src/Illuminate/Foundation/Http/Kernel.php(175): Illuminate\\Pipeline\\Pipeline->then(Object(Closure))
#35 /Users/mariopazmino/Desktop/app/contabilidad-backend/vendor/laravel/framework/src/Illuminate/Foundation/Http/Kernel.php(144): Illuminate\\Foundation\\Http\\Kernel->sendRequestThroughRouter(Object(Illuminate\\Http\\Request))
#36 /Users/mariopazmino/Desktop/app/contabilidad-backend/vendor/laravel/framework/src/Illuminate/Foundation/Application.php(1220): Illuminate\\Foundation\\Http\\Kernel->handle(Object(Illuminate\\Http\\Request))
#37 /Users/mariopazmino/Desktop/app/contabilidad-backend/public/index.php(20): Illuminate\\Foundation\\Application->handleRequest(Object(Illuminate\\Http\\Request))
#38 /Users/mariopazmino/Desktop/app/contabilidad-backend/vendor/laravel/framework/src/Illuminate/Foundation/resources/server.php(23): require_once('/Users/mariopaz...')
#39 {main}
"} 
[2026-07-14 12:57:57] local.ERROR: Route [login] not defined. {"exception":"[object] (Symfony\\Component\\Routing\\Exception\\RouteNotFoundException(code: 0): Route [login] not defined. at /Users/mariopazmino/Desktop/app/contabilidad-backend/vendor/laravel/framework/src/Illuminate/Routing/UrlGenerator.php:540)
[stacktrace]
#0 /Users/mariopazmino/Desktop/app/contabilidad-backend/vendor/laravel/framework/src/Illuminate/Foundation/helpers.php(870): Illuminate\\Routing\\UrlGenerator->route('login', Array, true)
#1 /Users/mariopazmino/Desktop/app/contabilidad-backend/vendor/laravel/framework/src/Illuminate/Foundation/Configuration/ApplicationBuilder.php(291): route('login')
#2 [internal function]: Illuminate\\Foundation\\Configuration\\ApplicationBuilder->{closure:{closure:Illuminate\\Foundation\\Configuration\\ApplicationBuilder::withMiddleware():289}:291}(Object(Illuminate\\Http\\Request))
#3 /Users/mariopazmino/Desktop/app/contabilidad-backend/vendor/laravel/framework/src/Illuminate/Auth/Middleware/Authenticate.php(117): call_user_func(Object(Closure), Object(Illuminate\\Http\\Request))
#4 /Users/mariopazmino/Desktop/app/contabilidad-backend/vendor/laravel/framework/src/Illuminate/Auth/Middleware/Authenticate.php(104): Illuminate\\Auth\\Middleware\\Authenticate->redirectTo(Object(Illuminate\\Http\\Request))
#5 /Users/mariopazmino/Desktop/app/contabilidad-backend/vendor/laravel/framework/src/Illuminate/Auth/Middleware/Authenticate.php(87): Illuminate\\Auth\\Middleware\\Authenticate->unauthenticated(Object(Illuminate\\Http\\Request), Array)
#6 /Users/mariopazmino/Desktop/app/contabilidad-backend/vendor/laravel/framework/src/Illuminate/Auth/Middleware/Authenticate.php(61): Illuminate\\Auth\\Middleware\\Authenticate->authenticate(Object(Illuminate\\Http\\Request), Array)
#7 /Users/mariopazmino/Desktop/app/contabilidad-backend/vendor/laravel/framework/src/Illuminate/Pipeline/Pipeline.php(219): Illuminate\\Auth\\Middleware\\Authenticate->handle(Object(Illuminate\\Http\\Request), Object(Closure), 'sanctum')
#8 /Users/mariopazmino/Desktop/app/contabilidad-backend/vendor/laravel/framework/src/Illuminate/Pipeline/Pipeline.php(137): Illuminate\\Pipeline\\Pipeline->{closure:{closure:Illuminate\\Pipeline\\Pipeline::carry():194}:195}(Object(Illuminate\\Http\\Request))
#9 /Users/mariopazmino/Desktop/app/contabilidad-backend/vendor/laravel/framework/src/Illuminate/Routing/Router.php(821): Illuminate\\Pipeline\\Pipeline->then(Object(Closure))
#10 /Users/mariopazmino/Desktop/app/contabilidad-backend/vendor/laravel/framework/src/Illuminate/Routing/Router.php(800): Illuminate\\Routing\\Router->runRouteWithinStack(Object(Illuminate\\Routing\\Route), Object(Illuminate\\Http\\Request))
#11 /Users/mariopazmino/Desktop/app/contabilidad-backend/vendor/laravel/framework/src/Illuminate/Routing/Router.php(764): Illuminate\\Routing\\Router->runRoute(Object(Illuminate\\Http\\Request), Object(Illuminate\\Routing\\Route))
#12 /Users/mariopazmino/Desktop/app/contabilidad-backend/vendor/laravel/framework/src/Illuminate/Routing/Router.php(753): Illuminate\\Routing\\Router->dispatchToRoute(Object(Illuminate\\Http\\Request))
#13 /Users/mariopazmino/Desktop/app/contabilidad-backend/vendor/laravel/framework/src/Illuminate/Foundation/Http/Kernel.php(200): Illuminate\\Routing\\Router->dispatch(Object(Illuminate\\Http\\Request))
#14 /Users/mariopazmino/Desktop/app/contabilidad-backend/vendor/laravel/framework/src/Illuminate/Pipeline/Pipeline.php(180): Illuminate\\Foundation\\Http\\Kernel->{closure:Illuminate\\Foundation\\Http\\Kernel::dispatchToRouter():197}(Object(Illuminate\\Http\\Request))
#15 /Users/mariopazmino/Desktop/app/contabilidad-backend/vendor/laravel/framework/src/Illuminate/Foundation/Http/Middleware/TransformsRequest.php(21): Illuminate\\Pipeline\\Pipeline->{closure:Illuminate\\Pipeline\\Pipeline::prepareDestination():178}(Object(Illuminate\\Http\\Request))
#16 /Users/mariopazmino/Desktop/app/contabilidad-backend/vendor/laravel/framework/src/Illuminate/Foundation/Http/Middleware/ConvertEmptyStringsToNull.php(31): Illuminate\\Foundation\\Http\\Middleware\\TransformsRequest->handle(Object(Illuminate\\Http\\Request), Object(Closure))
#17 /Users/mariopazmino/Desktop/app/contabilidad-backend/vendor/laravel/framework/src/Illuminate/Pipeline/Pipeline.php(219): Illuminate\\Foundation\\Http\\Middleware\\ConvertEmptyStringsToNull->handle(Object(Illuminate\\Http\\Request), Object(Closure))
#18 /Users/mariopazmino/Desktop/app/contabilidad-backend/vendor/laravel/framework/src/Illuminate/Foundation/Http/Middleware/TransformsRequest.php(21): Illuminate\\Pipeline\\Pipeline->{closure:{closure:Illuminate\\Pipeline\\Pipeline::carry():194}:195}(Object(Illuminate\\Http\\Request))
#19 /Users/mariopazmino/Desktop/app/contabilidad-backend/vendor/laravel/framework/src/Illuminate/Foundation/Http/Middleware/TrimStrings.php(51): Illuminate\\Foundation\\Http\\Middleware\\TransformsRequest->handle(Object(Illuminate\\Http\\Request), Object(Closure))
#20 /Users/mariopazmino/Desktop/app/contabilidad-backend/vendor/laravel/framework/src/Illuminate/Pipeline/Pipeline.php(219): Illuminate\\Foundation\\Http\\Middleware\\TrimStrings->handle(Object(Illuminate\\Http\\Request), Object(Closure))
#21 /Users/mariopazmino/Desktop/app/contabilidad-backend/vendor/laravel/framework/src/Illuminate/Http/Middleware/ValidatePostSize.php(27): Illuminate\\Pipeline\\Pipeline->{closure:{closure:Illuminate\\Pipeline\\Pipeline::carry():194}:195}(Object(Illuminate\\Http\\Request))
#22 /Users/mariopazmino/Desktop/app/contabilidad-backend/vendor/laravel/framework/src/Illuminate/Pipeline/Pipeline.php(219): Illuminate\\Http\\Middleware\\ValidatePostSize->handle(Object(Illuminate\\Http\\Request), Object(Closure))
#23 /Users/mariopazmino/Desktop/app/contabilidad-backend/vendor/laravel/framework/src/Illuminate/Foundation/Http/Middleware/PreventRequestsDuringMaintenance.php(109): Illuminate\\Pipeline\\Pipeline->{closure:{closure:Illuminate\\Pipeline\\Pipeline::carry():194}:195}(Object(Illuminate\\Http\\Request))
#24 /Users/mariopazmino/Desktop/app/contabilidad-backend/vendor/laravel/framework/src/Illuminate/Pipeline/Pipeline.php(219): Illuminate\\Foundation\\Http\\Middleware\\PreventRequestsDuringMaintenance->handle(Object(Illuminate\\Http\\Request), Object(Closure))
#25 /Users/mariopazmino/Desktop/app/contabilidad-backend/vendor/laravel/framework/src/Illuminate/Http/Middleware/HandleCors.php(74): Illuminate\\Pipeline\\Pipeline->{closure:{closure:Illuminate\\Pipeline\\Pipeline::carry():194}:195}(Object(Illuminate\\Http\\Request))
#26 /Users/mariopazmino/Desktop/app/contabilidad-backend/vendor/laravel/framework/src/Illuminate/Pipeline/Pipeline.php(219): Illuminate\\Http\\Middleware\\HandleCors->handle(Object(Illuminate\\Http\\Request), Object(Closure))
#27 /Users/mariopazmino/Desktop/app/contabilidad-backend/vendor/laravel/framework/src/Illuminate/Http/Middleware/TrustProxies.php(58): Illuminate\\Pipeline\\Pipeline->{closure:{closure:Illuminate\\Pipeline\\Pipeline::carry():194}:195}(Object(Illuminate\\Http\\Request))
#28 /Users/mariopazmino/Desktop/app/contabilidad-backend/vendor/laravel/framework/src/Illuminate/Pipeline/Pipeline.php(219): Illuminate\\Http\\Middleware\\TrustProxies->handle(Object(Illuminate\\Http\\Request), Object(Closure))
#29 /Users/mariopazmino/Desktop/app/contabilidad-backend/vendor/laravel/framework/src/Illuminate/Foundation/Http/Middleware/InvokeDeferredCallbacks.php(22): Illuminate\\Pipeline\\Pipeline->{closure:{closure:Illuminate\\Pipeline\\Pipeline::carry():194}:195}(Object(Illuminate\\Http\\Request))
#30 /Users/mariopazmino/Desktop/app/contabilidad-backend/vendor/laravel/framework/src/Illuminate/Pipeline/Pipeline.php(219): Illuminate\\Foundation\\Http\\Middleware\\InvokeDeferredCallbacks->handle(Object(Illuminate\\Http\\Request), Object(Closure))
#31 /Users/mariopazmino/Desktop/app/contabilidad-backend/vendor/laravel/framework/src/Illuminate/Http/Middleware/ValidatePathEncoding.php(28): Illuminate\\Pipeline\\Pipeline->{closure:{closure:Illuminate\\Pipeline\\Pipeline::carry():194}:195}(Object(Illuminate\\Http\\Request))
#32 /Users/mariopazmino/Desktop/app/contabilidad-backend/vendor/laravel/framework/src/Illuminate/Pipeline/Pipeline.php(219): Illuminate\\Http\\Middleware\\ValidatePathEncoding->handle(Object(Illuminate\\Http\\Request), Object(Closure))
#33 /Users/mariopazmino/Desktop/app/contabilidad-backend/vendor/laravel/framework/src/Illuminate/Pipeline/Pipeline.php(137): Illuminate\\Pipeline\\Pipeline->{closure:{closure:Illuminate\\Pipeline\\Pipeline::carry():194}:195}(Object(Illuminate\\Http\\Request))
#34 /Users/mariopazmino/Desktop/app/contabilidad-backend/vendor/laravel/framework/src/Illuminate/Foundation/Http/Kernel.php(175): Illuminate\\Pipeline\\Pipeline->then(Object(Closure))
#35 /Users/mariopazmino/Desktop/app/contabilidad-backend/vendor/laravel/framework/src/Illuminate/Foundation/Http/Kernel.php(144): Illuminate\\Foundation\\Http\\Kernel->sendRequestThroughRouter(Object(Illuminate\\Http\\Request))
#36 /Users/mariopazmino/Desktop/app/contabilidad-backend/vendor/laravel/framework/src/Illuminate/Foundation/Application.php(1220): Illuminate\\Foundation\\Http\\Kernel->handle(Object(Illuminate\\Http\\Request))
#37 /Users/mariopazmino/Desktop/app/contabilidad-backend/public/index.php(20): Illuminate\\Foundation\\Application->handleRequest(Object(Illuminate\\Http\\Request))
#38 /Users/mariopazmino/Desktop/app/contabilidad-backend/vendor/laravel/framework/src/Illuminate/Foundation/resources/server.php(23): require_once('/Users/mariopaz...')
#39 {main}
"} 
[2026-07-14 12:57:57] local.ERROR: Route [login] not defined. {"exception":"[object] (Symfony\\Component\\Routing\\Exception\\RouteNotFoundException(code: 0): Route [login] not defined. at /Users/mariopazmino/Desktop/app/contabilidad-backend/vendor/laravel/framework/src/Illuminate/Routing/UrlGenerator.php:540)
[stacktrace]
#0 /Users/mariopazmino/Desktop/app/contabilidad-backend/vendor/laravel/framework/src/Illuminate/Foundation/helpers.php(870): Illuminate\\Routing\\UrlGenerator->route('login', Array, true)
#1 /Users/mariopazmino/Desktop/app/contabilidad-backend/vendor/laravel/framework/src/Illuminate/Foundation/Configuration/ApplicationBuilder.php(291): route('login')
#2 [internal function]: Illuminate\\Foundation\\Configuration\\ApplicationBuilder->{closure:{closure:Illuminate\\Foundation\\Configuration\\ApplicationBuilder::withMiddleware():289}:291}(Object(Illuminate\\Http\\Request))
#3 /Users/mariopazmino/Desktop/app/contabilidad-backend/vendor/laravel/framework/src/Illuminate/Auth/Middleware/Authenticate.php(117): call_user_func(Object(Closure), Object(Illuminate\\Http\\Request))
#4 /Users/mariopazmino/Desktop/app/contabilidad-backend/vendor/laravel/framework/src/Illuminate/Auth/Middleware/Authenticate.php(104): Illuminate\\Auth\\Middleware\\Authenticate->redirectTo(Object(Illuminate\\Http\\Request))
#5 /Users/mariopazmino/Desktop/app/contabilidad-backend/vendor/laravel/framework/src/Illuminate/Auth/Middleware/Authenticate.php(87): Illuminate\\Auth\\Middleware\\Authenticate->unauthenticated(Object(Illuminate\\Http\\Request), Array)
#6 /Users/mariopazmino/Desktop/app/contabilidad-backend/vendor/laravel/framework/src/Illuminate/Auth/Middleware/Authenticate.php(61): Illuminate\\Auth\\Middleware\\Authenticate->authenticate(Object(Illuminate\\Http\\Request), Array)
#7 /Users/mariopazmino/Desktop/app/contabilidad-backend/vendor/laravel/framework/src/Illuminate/Pipeline/Pipeline.php(219): Illuminate\\Auth\\Middleware\\Authenticate->handle(Object(Illuminate\\Http\\Request), Object(Closure), 'sanctum')
#8 /Users/mariopazmino/Desktop/app/contabilidad-backend/vendor/laravel/framework/src/Illuminate/Pipeline/Pipeline.php(137): Illuminate\\Pipeline\\Pipeline->{closure:{closure:Illuminate\\Pipeline\\Pipeline::carry():194}:195}(Object(Illuminate\\Http\\Request))
#9 /Users/mariopazmino/Desktop/app/contabilidad-backend/vendor/laravel/framework/src/Illuminate/Routing/Router.php(821): Illuminate\\Pipeline\\Pipeline->then(Object(Closure))
#10 /Users/mariopazmino/Desktop/app/contabilidad-backend/vendor/laravel/framework/src/Illuminate/Routing/Router.php(800): Illuminate\\Routing\\Router->runRouteWithinStack(Object(Illuminate\\Routing\\Route), Object(Illuminate\\Http\\Request))
#11 /Users/mariopazmino/Desktop/app/contabilidad-backend/vendor/laravel/framework/src/Illuminate/Routing/Router.php(764): Illuminate\\Routing\\Router->runRoute(Object(Illuminate\\Http\\Request), Object(Illuminate\\Routing\\Route))
#12 /Users/mariopazmino/Desktop/app/contabilidad-backend/vendor/laravel/framework/src/Illuminate/Routing/Router.php(753): Illuminate\\Routing\\Router->dispatchToRoute(Object(Illuminate\\Http\\Request))
#13 /Users/mariopazmino/Desktop/app/contabilidad-backend/vendor/laravel/framework/src/Illuminate/Foundation/Http/Kernel.php(200): Illuminate\\Routing\\Router->dispatch(Object(Illuminate\\Http\\Request))
#14 /Users/mariopazmino/Desktop/app/contabilidad-backend/vendor/laravel/framework/src/Illuminate/Pipeline/Pipeline.php(180): Illuminate\\Foundation\\Http\\Kernel->{closure:Illuminate\\Foundation\\Http\\Kernel::dispatchToRouter():197}(Object(Illuminate\\Http\\Request))
#15 /Users/mariopazmino/Desktop/app/contabilidad-backend/vendor/laravel/framework/src/Illuminate/Foundation/Http/Middleware/TransformsRequest.php(21): Illuminate\\Pipeline\\Pipeline->{closure:Illuminate\\Pipeline\\Pipeline::prepareDestination():178}(Object(Illuminate\\Http\\Request))
#16 /Users/mariopazmino/Desktop/app/contabilidad-backend/vendor/laravel/framework/src/Illuminate/Foundation/Http/Middleware/ConvertEmptyStringsToNull.php(31): Illuminate\\Foundation\\Http\\Middleware\\TransformsRequest->handle(Object(Illuminate\\Http\\Request), Object(Closure))
#17 /Users/mariopazmino/Desktop/app/contabilidad-backend/vendor/laravel/framework/src/Illuminate/Pipeline/Pipeline.php(219): Illuminate\\Foundation\\Http\\Middleware\\ConvertEmptyStringsToNull->handle(Object(Illuminate\\Http\\Request), Object(Closure))
#18 /Users/mariopazmino/Desktop/app/contabilidad-backend/vendor/laravel/framework/src/Illuminate/Foundation/Http/Middleware/TransformsRequest.php(21): Illuminate\\Pipeline\\Pipeline->{closure:{closure:Illuminate\\Pipeline\\Pipeline::carry():194}:195}(Object(Illuminate\\Http\\Request))
#19 /Users/mariopazmino/Desktop/app/contabilidad-backend/vendor/laravel/framework/src/Illuminate/Foundation/Http/Middleware/TrimStrings.php(51): Illuminate\\Foundation\\Http\\Middleware\\TransformsRequest->handle(Object(Illuminate\\Http\\Request), Object(Closure))
#20 /Users/mariopazmino/Desktop/app/contabilidad-backend/vendor/laravel/framework/src/Illuminate/Pipeline/Pipeline.php(219): Illuminate\\Foundation\\Http\\Middleware\\TrimStrings->handle(Object(Illuminate\\Http\\Request), Object(Closure))
#21 /Users/mariopazmino/Desktop/app/contabilidad-backend/vendor/laravel/framework/src/Illuminate/Http/Middleware/ValidatePostSize.php(27): Illuminate\\Pipeline\\Pipeline->{closure:{closure:Illuminate\\Pipeline\\Pipeline::carry():194}:195}(Object(Illuminate\\Http\\Request))
#22 /Users/mariopazmino/Desktop/app/contabilidad-backend/vendor/laravel/framework/src/Illuminate/Pipeline/Pipeline.php(219): Illuminate\\Http\\Middleware\\ValidatePostSize->handle(Object(Illuminate\\Http\\Request), Object(Closure))
#23 /Users/mariopazmino/Desktop/app/contabilidad-backend/vendor/laravel/framework/src/Illuminate/Foundation/Http/Middleware/PreventRequestsDuringMaintenance.php(109): Illuminate\\Pipeline\\Pipeline->{closure:{closure:Illuminate\\Pipeline\\Pipeline::carry():194}:195}(Object(Illuminate\\Http\\Request))
#24 /Users/mariopazmino/Desktop/app/contabilidad-backend/vendor/laravel/framework/src/Illuminate/Pipeline/Pipeline.php(219): Illuminate\\Foundation\\Http\\Middleware\\PreventRequestsDuringMaintenance->handle(Object(Illuminate\\Http\\Request), Object(Closure))
#25 /Users/mariopazmino/Desktop/app/contabilidad-backend/vendor/laravel/framework/src/Illuminate/Http/Middleware/HandleCors.php(74): Illuminate\\Pipeline\\Pipeline->{closure:{closure:Illuminate\\Pipeline\\Pipeline::carry():194}:195}(Object(Illuminate\\Http\\Request))
#26 /Users/mariopazmino/Desktop/app/contabilidad-backend/vendor/laravel/framework/src/Illuminate/Pipeline/Pipeline.php(219): Illuminate\\Http\\Middleware\\HandleCors->handle(Object(Illuminate\\Http\\Request), Object(Closure))
#27 /Users/mariopazmino/Desktop/app/contabilidad-backend/vendor/laravel/framework/src/Illuminate/Http/Middleware/TrustProxies.php(58): Illuminate\\Pipeline\\Pipeline->{closure:{closure:Illuminate\\Pipeline\\Pipeline::carry():194}:195}(Object(Illuminate\\Http\\Request))
#28 /Users/mariopazmino/Desktop/app/contabilidad-backend/vendor/laravel/framework/src/Illuminate/Pipeline/Pipeline.php(219): Illuminate\\Http\\Middleware\\TrustProxies->handle(Object(Illuminate\\Http\\Request), Object(Closure))
#29 /Users/mariopazmino/Desktop/app/contabilidad-backend/vendor/laravel/framework/src/Illuminate/Foundation/Http/Middleware/InvokeDeferredCallbacks.php(22): Illuminate\\Pipeline\\Pipeline->{closure:{closure:Illuminate\\Pipeline\\Pipeline::carry():194}:195}(Object(Illuminate\\Http\\Request))
#30 /Users/mariopazmino/Desktop/app/contabilidad-backend/vendor/laravel/framework/src/Illuminate/Pipeline/Pipeline.php(219): Illuminate\\Foundation\\Http\\Middleware\\InvokeDeferredCallbacks->handle(Object(Illuminate\\Http\\Request), Object(Closure))
#31 /Users/mariopazmino/Desktop/app/contabilidad-backend/vendor/laravel/framework/src/Illuminate/Http/Middleware/ValidatePathEncoding.php(28): Illuminate\\Pipeline\\Pipeline->{closure:{closure:Illuminate\\Pipeline\\Pipeline::carry():194}:195}(Object(Illuminate\\Http\\Request))
#32 /Users/mariopazmino/Desktop/app/contabilidad-backend/vendor/laravel/framework/src/Illuminate/Pipeline/Pipeline.php(219): Illuminate\\Http\\Middleware\\ValidatePathEncoding->handle(Object(Illuminate\\Http\\Request), Object(Closure))
#33 /Users/mariopazmino/Desktop/app/contabilidad-backend/vendor/laravel/framework/src/Illuminate/Pipeline/Pipeline.php(137): Illuminate\\Pipeline\\Pipeline->{closure:{closure:Illuminate\\Pipeline\\Pipeline::carry():194}:195}(Object(Illuminate\\Http\\Request))
#34 /Users/mariopazmino/Desktop/app/contabilidad-backend/vendor/laravel/framework/src/Illuminate/Foundation/Http/Kernel.php(175): Illuminate\\Pipeline\\Pipeline->then(Object(Closure))
#35 /Users/mariopazmino/Desktop/app/contabilidad-backend/vendor/laravel/framework/src/Illuminate/Foundation/Http/Kernel.php(144): Illuminate\\Foundation\\Http\\Kernel->sendRequestThroughRouter(Object(Illuminate\\Http\\Request))
#36 /Users/mariopazmino/Desktop/app/contabilidad-backend/vendor/laravel/framework/src/Illuminate/Foundation/Application.php(1220): Illuminate\\Foundation\\Http\\Kernel->handle(Object(Illuminate\\Http\\Request))
#37 /Users/mariopazmino/Desktop/app/contabilidad-backend/public/index.php(20): Illuminate\\Foundation\\Application->handleRequest(Object(Illuminate\\Http\\Request))
#38 /Users/mariopazmino/Desktop/app/contabilidad-backend/vendor/laravel/framework/src/Illuminate/Foundation/resources/server.php(23): require_once('/Users/mariopaz...')
#39 {main}
"} 
[2026-07-14 12:57:57] local.ERROR: Route [login] not defined. {"exception":"[object] (Symfony\\Component\\Routing\\Exception\\RouteNotFoundException(code: 0): Route [login] not defined. at /Users/mariopazmino/Desktop/app/contabilidad-backend/vendor/laravel/framework/src/Illuminate/Routing/UrlGenerator.php:540)
[stacktrace]
#0 /Users/mariopazmino/Desktop/app/contabilidad-backend/vendor/laravel/framework/src/Illuminate/Foundation/helpers.php(870): Illuminate\\Routing\\UrlGenerator->route('login', Array, true)
#1 /Users/mariopazmino/Desktop/app/contabilidad-backend/vendor/laravel/framework/src/Illuminate/Foundation/Configuration/ApplicationBuilder.php(291): route('login')
#2 [internal function]: Illuminate\\Foundation\\Configuration\\ApplicationBuilder->{closure:{closure:Illuminate\\Foundation\\Configuration\\ApplicationBuilder::withMiddleware():289}:291}(Object(Illuminate\\Http\\Request))
#3 /Users/mariopazmino/Desktop/app/contabilidad-backend/vendor/laravel/framework/src/Illuminate/Auth/Middleware/Authenticate.php(117): call_user_func(Object(Closure), Object(Illuminate\\Http\\Request))
#4 /Users/mariopazmino/Desktop/app/contabilidad-backend/vendor/laravel/framework/src/Illuminate/Auth/Middleware/Authenticate.php(104): Illuminate\\Auth\\Middleware\\Authenticate->redirectTo(Object(Illuminate\\Http\\Request))
#5 /Users/mariopazmino/Desktop/app/contabilidad-backend/vendor/laravel/framework/src/Illuminate/Auth/Middleware/Authenticate.php(87): Illuminate\\Auth\\Middleware\\Authenticate->unauthenticated(Object(Illuminate\\Http\\Request), Array)
#6 /Users/mariopazmino/Desktop/app/contabilidad-backend/vendor/laravel/framework/src/Illuminate/Auth/Middleware/Authenticate.php(61): Illuminate\\Auth\\Middleware\\Authenticate->authenticate(Object(Illuminate\\Http\\Request), Array)
#7 /Users/mariopazmino/Desktop/app/contabilidad-backend/vendor/laravel/framework/src/Illuminate/Pipeline/Pipeline.php(219): Illuminate\\Auth\\Middleware\\Authenticate->handle(Object(Illuminate\\Http\\Request), Object(Closure), 'sanctum')
#8 /Users/mariopazmino/Desktop/app/contabilidad-backend/vendor/laravel/framework/src/Illuminate/Pipeline/Pipeline.php(137): Illuminate\\Pipeline\\Pipeline->{closure:{closure:Illuminate\\Pipeline\\Pipeline::carry():194}:195}(Object(Illuminate\\Http\\Request))
#9 /Users/mariopazmino/Desktop/app/contabilidad-backend/vendor/laravel/framework/src/Illuminate/Routing/Router.php(821): Illuminate\\Pipeline\\Pipeline->then(Object(Closure))
#10 /Users/mariopazmino/Desktop/app/contabilidad-backend/vendor/laravel/framework/src/Illuminate/Routing/Router.php(800): Illuminate\\Routing\\Router->runRouteWithinStack(Object(Illuminate\\Routing\\Route), Object(Illuminate\\Http\\Request))
#11 /Users/mariopazmino/Desktop/app/contabilidad-backend/vendor/laravel/framework/src/Illuminate/Routing/Router.php(764): Illuminate\\Routing\\Router->runRoute(Object(Illuminate\\Http\\Request), Object(Illuminate\\Routing\\Route))
#12 /Users/mariopazmino/Desktop/app/contabilidad-backend/vendor/laravel/framework/src/Illuminate/Routing/Router.php(753): Illuminate\\Routing\\Router->dispatchToRoute(Object(Illuminate\\Http\\Request))
#13 /Users/mariopazmino/Desktop/app/contabilidad-backend/vendor/laravel/framework/src/Illuminate/Foundation/Http/Kernel.php(200): Illuminate\\Routing\\Router->dispatch(Object(Illuminate\\Http\\Request))
#14 /Users/mariopazmino/Desktop/app/contabilidad-backend/vendor/laravel/framework/src/Illuminate/Pipeline/Pipeline.php(180): Illuminate\\Foundation\\Http\\Kernel->{closure:Illuminate\\Foundation\\Http\\Kernel::dispatchToRouter():197}(Object(Illuminate\\Http\\Request))
#15 /Users/mariopazmino/Desktop/app/contabilidad-backend/vendor/laravel/framework/src/Illuminate/Foundation/Http/Middleware/TransformsRequest.php(21): Illuminate\\Pipeline\\Pipeline->{closure:Illuminate\\Pipeline\\Pipeline::prepareDestination():178}(Object(Illuminate\\Http\\Request))
#16 /Users/mariopazmino/Desktop/app/contabilidad-backend/vendor/laravel/framework/src/Illuminate/Foundation/Http/Middleware/ConvertEmptyStringsToNull.php(31): Illuminate\\Foundation\\Http\\Middleware\\TransformsRequest->handle(Object(Illuminate\\Http\\Request), Object(Closure))
#17 /Users/mariopazmino/Desktop/app/contabilidad-backend/vendor/laravel/framework/src/Illuminate/Pipeline/Pipeline.php(219): Illuminate\\Foundation\\Http\\Middleware\\ConvertEmptyStringsToNull->handle(Object(Illuminate\\Http\\Request), Object(Closure))
#18 /Users/mariopazmino/Desktop/app/contabilidad-backend/vendor/laravel/framework/src/Illuminate/Foundation/Http/Middleware/TransformsRequest.php(21): Illuminate\\Pipeline\\Pipeline->{closure:{closure:Illuminate\\Pipeline\\Pipeline::carry():194}:195}(Object(Illuminate\\Http\\Request))
#19 /Users/mariopazmino/Desktop/app/contabilidad-backend/vendor/laravel/framework/src/Illuminate/Foundation/Http/Middleware/TrimStrings.php(51): Illuminate\\Foundation\\Http\\Middleware\\TransformsRequest->handle(Object(Illuminate\\Http\\Request), Object(Closure))
#20 /Users/mariopazmino/Desktop/app/contabilidad-backend/vendor/laravel/framework/src/Illuminate/Pipeline/Pipeline.php(219): Illuminate\\Foundation\\Http\\Middleware\\TrimStrings->handle(Object(Illuminate\\Http\\Request), Object(Closure))
#21 /Users/mariopazmino/Desktop/app/contabilidad-backend/vendor/laravel/framework/src/Illuminate/Http/Middleware/ValidatePostSize.php(27): Illuminate\\Pipeline\\Pipeline->{closure:{closure:Illuminate\\Pipeline\\Pipeline::carry():194}:195}(Object(Illuminate\\Http\\Request))
#22 /Users/mariopazmino/Desktop/app/contabilidad-backend/vendor/laravel/framework/src/Illuminate/Pipeline/Pipeline.php(219): Illuminate\\Http\\Middleware\\ValidatePostSize->handle(Object(Illuminate\\Http\\Request), Object(Closure))
#23 /Users/mariopazmino/Desktop/app/contabilidad-backend/vendor/laravel/framework/src/Illuminate/Foundation/Http/Middleware/PreventRequestsDuringMaintenance.php(109): Illuminate\\Pipeline\\Pipeline->{closure:{closure:Illuminate\\Pipeline\\Pipeline::carry():194}:195}(Object(Illuminate\\Http\\Request))
#24 /Users/mariopazmino/Desktop/app/contabilidad-backend/vendor/laravel/framework/src/Illuminate/Pipeline/Pipeline.php(219): Illuminate\\Foundation\\Http\\Middleware\\PreventRequestsDuringMaintenance->handle(Object(Illuminate\\Http\\Request), Object(Closure))
#25 /Users/mariopazmino/Desktop/app/contabilidad-backend/vendor/laravel/framework/src/Illuminate/Http/Middleware/HandleCors.php(74): Illuminate\\Pipeline\\Pipeline->{closure:{closure:Illuminate\\Pipeline\\Pipeline::carry():194}:195}(Object(Illuminate\\Http\\Request))
#26 /Users/mariopazmino/Desktop/app/contabilidad-backend/vendor/laravel/framework/src/Illuminate/Pipeline/Pipeline.php(219): Illuminate\\Http\\Middleware\\HandleCors->handle(Object(Illuminate\\Http\\Request), Object(Closure))
#27 /Users/mariopazmino/Desktop/app/contabilidad-backend/vendor/laravel/framework/src/Illuminate/Http/Middleware/TrustProxies.php(58): Illuminate\\Pipeline\\Pipeline->{closure:{closure:Illuminate\\Pipeline\\Pipeline::carry():194}:195}(Object(Illuminate\\Http\\Request))
#28 /Users/mariopazmino/Desktop/app/contabilidad-backend/vendor/laravel/framework/src/Illuminate/Pipeline/Pipeline.php(219): Illuminate\\Http\\Middleware\\TrustProxies->handle(Object(Illuminate\\Http\\Request), Object(Closure))
#29 /Users/mariopazmino/Desktop/app/contabilidad-backend/vendor/laravel/framework/src/Illuminate/Foundation/Http/Middleware/InvokeDeferredCallbacks.php(22): Illuminate\\Pipeline\\Pipeline->{closure:{closure:Illuminate\\Pipeline\\Pipeline::carry():194}:195}(Object(Illuminate\\Http\\Request))
#30 /Users/mariopazmino/Desktop/app/contabilidad-backend/vendor/laravel/framework/src/Illuminate/Pipeline/Pipeline.php(219): Illuminate\\Foundation\\Http\\Middleware\\InvokeDeferredCallbacks->handle(Object(Illuminate\\Http\\Request), Object(Closure))
#31 /Users/mariopazmino/Desktop/app/contabilidad-backend/vendor/laravel/framework/src/Illuminate/Http/Middleware/ValidatePathEncoding.php(28): Illuminate\\Pipeline\\Pipeline->{closure:{closure:Illuminate\\Pipeline\\Pipeline::carry():194}:195}(Object(Illuminate\\Http\\Request))
#32 /Users/mariopazmino/Desktop/app/contabilidad-backend/vendor/laravel/framework/src/Illuminate/Pipeline/Pipeline.php(219): Illuminate\\Http\\Middleware\\ValidatePathEncoding->handle(Object(Illuminate\\Http\\Request), Object(Closure))
#33 /Users/mariopazmino/Desktop/app/contabilidad-backend/vendor/laravel/framework/src/Illuminate/Pipeline/Pipeline.php(137): Illuminate\\Pipeline\\Pipeline->{closure:{closure:Illuminate\\Pipeline\\Pipeline::carry():194}:195}(Object(Illuminate\\Http\\Request))
#34 /Users/mariopazmino/Desktop/app/contabilidad-backend/vendor/laravel/framework/src/Illuminate/Foundation/Http/Kernel.php(175): Illuminate\\Pipeline\\Pipeline->then(Object(Closure))
#35 /Users/mariopazmino/Desktop/app/contabilidad-backend/vendor/laravel/framework/src/Illuminate/Foundation/Http/Kernel.php(144): Illuminate\\Foundation\\Http\\Kernel->sendRequestThroughRouter(Object(Illuminate\\Http\\Request))
#36 /Users/mariopazmino/Desktop/app/contabilidad-backend/vendor/laravel/framework/src/Illuminate/Foundation/Application.php(1220): Illuminate\\Foundation\\Http\\Kernel->handle(Object(Illuminate\\Http\\Request))
#37 /Users/mariopazmino/Desktop/app/contabilidad-backend/public/index.php(20): Illuminate\\Foundation\\Application->handleRequest(Object(Illuminate\\Http\\Request))
#38 /Users/mariopazmino/Desktop/app/contabilidad-backend/vendor/laravel/framework/src/Illuminate/Foundation/resources/server.php(23): require_once('/Users/mariopaz...')
#39 {main}
"} 
[2026-07-14 12:57:57] local.ERROR: Route [login] not defined. {"exception":"[object] (Symfony\\Component\\Routing\\Exception\\RouteNotFoundException(code: 0): Route [login] not defined. at /Users/mariopazmino/Desktop/app/contabilidad-backend/vendor/laravel/framework/src/Illuminate/Routing/UrlGenerator.php:540)
[stacktrace]
#0 /Users/mariopazmino/Desktop/app/contabilidad-backend/vendor/laravel/framework/src/Illuminate/Foundation/helpers.php(870): Illuminate\\Routing\\UrlGenerator->route('login', Array, true)
#1 /Users/mariopazmino/Desktop/app/contabilidad-backend/vendor/laravel/framework/src/Illuminate/Foundation/Configuration/ApplicationBuilder.php(291): route('login')
#2 [internal function]: Illuminate\\Foundation\\Configuration\\ApplicationBuilder->{closure:{closure:Illuminate\\Foundation\\Configuration\\ApplicationBuilder::withMiddleware():289}:291}(Object(Illuminate\\Http\\Request))
#3 /Users/mariopazmino/Desktop/app/contabilidad-backend/vendor/laravel/framework/src/Illuminate/Auth/Middleware/Authenticate.php(117): call_user_func(Object(Closure), Object(Illuminate\\Http\\Request))
#4 /Users/mariopazmino/Desktop/app/contabilidad-backend/vendor/laravel/framework/src/Illuminate/Auth/Middleware/Authenticate.php(104): Illuminate\\Auth\\Middleware\\Authenticate->redirectTo(Object(Illuminate\\Http\\Request))
#5 /Users/mariopazmino/Desktop/app/contabilidad-backend/vendor/laravel/framework/src/Illuminate/Auth/Middleware/Authenticate.php(87): Illuminate\\Auth\\Middleware\\Authenticate->unauthenticated(Object(Illuminate\\Http\\Request), Array)
#6 /Users/mariopazmino/Desktop/app/contabilidad-backend/vendor/laravel/framework/src/Illuminate/Auth/Middleware/Authenticate.php(61): Illuminate\\Auth\\Middleware\\Authenticate->authenticate(Object(Illuminate\\Http\\Request), Array)
#7 /Users/mariopazmino/Desktop/app/contabilidad-backend/vendor/laravel/framework/src/Illuminate/Pipeline/Pipeline.php(219): Illuminate\\Auth\\Middleware\\Authenticate->handle(Object(Illuminate\\Http\\Request), Object(Closure), 'sanctum')
#8 /Users/mariopazmino/Desktop/app/contabilidad-backend/vendor/laravel/framework/src/Illuminate/Pipeline/Pipeline.php(137): Illuminate\\Pipeline\\Pipeline->{closure:{closure:Illuminate\\Pipeline\\Pipeline::carry():194}:195}(Object(Illuminate\\Http\\Request))
#9 /Users/mariopazmino/Desktop/app/contabilidad-backend/vendor/laravel/framework/src/Illuminate/Routing/Router.php(821): Illuminate\\Pipeline\\Pipeline->then(Object(Closure))
#10 /Users/mariopazmino/Desktop/app/contabilidad-backend/vendor/laravel/framework/src/Illuminate/Routing/Router.php(800): Illuminate\\Routing\\Router->runRouteWithinStack(Object(Illuminate\\Routing\\Route), Object(Illuminate\\Http\\Request))
#11 /Users/mariopazmino/Desktop/app/contabilidad-backend/vendor/laravel/framework/src/Illuminate/Routing/Router.php(764): Illuminate\\Routing\\Router->runRoute(Object(Illuminate\\Http\\Request), Object(Illuminate\\Routing\\Route))
#12 /Users/mariopazmino/Desktop/app/contabilidad-backend/vendor/laravel/framework/src/Illuminate/Routing/Router.php(753): Illuminate\\Routing\\Router->dispatchToRoute(Object(Illuminate\\Http\\Request))
#13 /Users/mariopazmino/Desktop/app/contabilidad-backend/vendor/laravel/framework/src/Illuminate/Foundation/Http/Kernel.php(200): Illuminate\\Routing\\Router->dispatch(Object(Illuminate\\Http\\Request))
#14 /Users/mariopazmino/Desktop/app/contabilidad-backend/vendor/laravel/framework/src/Illuminate/Pipeline/Pipeline.php(180): Illuminate\\Foundation\\Http\\Kernel->{closure:Illuminate\\Foundation\\Http\\Kernel::dispatchToRouter():197}(Object(Illuminate\\Http\\Request))
#15 /Users/mariopazmino/Desktop/app/contabilidad-backend/vendor/laravel/framework/src/Illuminate/Foundation/Http/Middleware/TransformsRequest.php(21): Illuminate\\Pipeline\\Pipeline->{closure:Illuminate\\Pipeline\\Pipeline::prepareDestination():178}(Object(Illuminate\\Http\\Request))
#16 /Users/mariopazmino/Desktop/app/contabilidad-backend/vendor/laravel/framework/src/Illuminate/Foundation/Http/Middleware/ConvertEmptyStringsToNull.php(31): Illuminate\\Foundation\\Http\\Middleware\\TransformsRequest->handle(Object(Illuminate\\Http\\Request), Object(Closure))
#17 /Users/mariopazmino/Desktop/app/contabilidad-backend/vendor/laravel/framework/src/Illuminate/Pipeline/Pipeline.php(219): Illuminate\\Foundation\\Http\\Middleware\\ConvertEmptyStringsToNull->handle(Object(Illuminate\\Http\\Request), Object(Closure))
#18 /Users/mariopazmino/Desktop/app/contabilidad-backend/vendor/laravel/framework/src/Illuminate/Foundation/Http/Middleware/TransformsRequest.php(21): Illuminate\\Pipeline\\Pipeline->{closure:{closure:Illuminate\\Pipeline\\Pipeline::carry():194}:195}(Object(Illuminate\\Http\\Request))
#19 /Users/mariopazmino/Desktop/app/contabilidad-backend/vendor/laravel/framework/src/Illuminate/Foundation/Http/Middleware/TrimStrings.php(51): Illuminate\\Foundation\\Http\\Middleware\\TransformsRequest->handle(Object(Illuminate\\Http\\Request), Object(Closure))
#20 /Users/mariopazmino/Desktop/app/contabilidad-backend/vendor/laravel/framework/src/Illuminate/Pipeline/Pipeline.php(219): Illuminate\\Foundation\\Http\\Middleware\\TrimStrings->handle(Object(Illuminate\\Http\\Request), Object(Closure))
#21 /Users/mariopazmino/Desktop/app/contabilidad-backend/vendor/laravel/framework/src/Illuminate/Http/Middleware/ValidatePostSize.php(27): Illuminate\\Pipeline\\Pipeline->{closure:{closure:Illuminate\\Pipeline\\Pipeline::carry():194}:195}(Object(Illuminate\\Http\\Request))
#22 /Users/mariopazmino/Desktop/app/contabilidad-backend/vendor/laravel/framework/src/Illuminate/Pipeline/Pipeline.php(219): Illuminate\\Http\\Middleware\\ValidatePostSize->handle(Object(Illuminate\\Http\\Request), Object(Closure))
#23 /Users/mariopazmino/Desktop/app/contabilidad-backend/vendor/laravel/framework/src/Illuminate/Foundation/Http/Middleware/PreventRequestsDuringMaintenance.php(109): Illuminate\\Pipeline\\Pipeline->{closure:{closure:Illuminate\\Pipeline\\Pipeline::carry():194}:195}(Object(Illuminate\\Http\\Request))
#24 /Users/mariopazmino/Desktop/app/contabilidad-backend/vendor/laravel/framework/src/Illuminate/Pipeline/Pipeline.php(219): Illuminate\\Foundation\\Http\\Middleware\\PreventRequestsDuringMaintenance->handle(Object(Illuminate\\Http\\Request), Object(Closure))
#25 /Users/mariopazmino/Desktop/app/contabilidad-backend/vendor/laravel/framework/src/Illuminate/Http/Middleware/HandleCors.php(74): Illuminate\\Pipeline\\Pipeline->{closure:{closure:Illuminate\\Pipeline\\Pipeline::carry():194}:195}(Object(Illuminate\\Http\\Request))
#26 /Users/mariopazmino/Desktop/app/contabilidad-backend/vendor/laravel/framework/src/Illuminate/Pipeline/Pipeline.php(219): Illuminate\\Http\\Middleware\\HandleCors->handle(Object(Illuminate\\Http\\Request), Object(Closure))
#27 /Users/mariopazmino/Desktop/app/contabilidad-backend/vendor/laravel/framework/src/Illuminate/Http/Middleware/TrustProxies.php(58): Illuminate\\Pipeline\\Pipeline->{closure:{closure:Illuminate\\Pipeline\\Pipeline::carry():194}:195}(Object(Illuminate\\Http\\Request))
#28 /Users/mariopazmino/Desktop/app/contabilidad-backend/vendor/laravel/framework/src/Illuminate/Pipeline/Pipeline.php(219): Illuminate\\Http\\Middleware\\TrustProxies->handle(Object(Illuminate\\Http\\Request), Object(Closure))
#29 /Users/mariopazmino/Desktop/app/contabilidad-backend/vendor/laravel/framework/src/Illuminate/Foundation/Http/Middleware/InvokeDeferredCallbacks.php(22): Illuminate\\Pipeline\\Pipeline->{closure:{closure:Illuminate\\Pipeline\\Pipeline::carry():194}:195}(Object(Illuminate\\Http\\Request))
#30 /Users/mariopazmino/Desktop/app/contabilidad-backend/vendor/laravel/framework/src/Illuminate/Pipeline/Pipeline.php(219): Illuminate\\Foundation\\Http\\Middleware\\InvokeDeferredCallbacks->handle(Object(Illuminate\\Http\\Request), Object(Closure))
#31 /Users/mariopazmino/Desktop/app/contabilidad-backend/vendor/laravel/framework/src/Illuminate/Http/Middleware/ValidatePathEncoding.php(28): Illuminate\\Pipeline\\Pipeline->{closure:{closure:Illuminate\\Pipeline\\Pipeline::carry():194}:195}(Object(Illuminate\\Http\\Request))
#32 /Users/mariopazmino/Desktop/app/contabilidad-backend/vendor/laravel/framework/src/Illuminate/Pipeline/Pipeline.php(219): Illuminate\\Http\\Middleware\\ValidatePathEncoding->handle(Object(Illuminate\\Http\\Request), Object(Closure))
#33 /Users/mariopazmino/Desktop/app/contabilidad-backend/vendor/laravel/framework/src/Illuminate/Pipeline/Pipeline.php(137): Illuminate\\Pipeline\\Pipeline->{closure:{closure:Illuminate\\Pipeline\\Pipeline::carry():194}:195}(Object(Illuminate\\Http\\Request))
#34 /Users/mariopazmino/Desktop/app/contabilidad-backend/vendor/laravel/framework/src/Illuminate/Foundation/Http/Kernel.php(175): Illuminate\\Pipeline\\Pipeline->then(Object(Closure))
#35 /Users/mariopazmino/Desktop/app/contabilidad-backend/vendor/laravel/framework/src/Illuminate/Foundation/Http/Kernel.php(144): Illuminate\\Foundation\\Http\\Kernel->sendRequestThroughRouter(Object(Illuminate\\Http\\Request))
#36 /Users/mariopazmino/Desktop/app/contabilidad-backend/vendor/laravel/framework/src/Illuminate/Foundation/Application.php(1220): Illuminate\\Foundation\\Http\\Kernel->handle(Object(Illuminate\\Http\\Request))
#37 /Users/mariopazmino/Desktop/app/contabilidad-backend/public/index.php(20): Illuminate\\Foundation\\Application->handleRequest(Object(Illuminate\\Http\\Request))
#38 /Users/mariopazmino/Desktop/app/contabilidad-backend/vendor/laravel/framework/src/Illuminate/Foundation/resources/server.php(23): require_once('/Users/mariopaz...')
#39 {main}
"} 
[2026-07-14 23:55:32] local.ERROR: Database file at path [/Users/mariopazmino/Desktop/app/contabilidad-backend/database/database.sqlite] does not exist. Ensure this is an absolute path to the database. (Connection: sqlite, Database: /Users/mariopazmino/Desktop/app/contabilidad-backend/database/database.sqlite, SQL: select * from "personal_access_tokens" where "personal_access_tokens"."id" = 11 limit 1) {"exception":"[object] (Illuminate\\Database\\QueryException(code: 0): Database file at path [/Users/mariopazmino/Desktop/app/contabilidad-backend/database/database.sqlite] does not exist. Ensure this is an absolute path to the database. (Connection: sqlite, Database: /Users/mariopazmino/Desktop/app/contabilidad-backend/database/database.sqlite, SQL: select * from \"personal_access_tokens\" where \"personal_access_tokens\".\"id\" = 11 limit 1) at /Users/mariopazmino/Desktop/springboot/app/contabilidad-backend/vendor/laravel/framework/src/Illuminate/Database/Connection.php:857)
[stacktrace]
#0 /Users/mariopazmino/Desktop/springboot/app/contabilidad-backend/vendor/laravel/framework/src/Illuminate/Database/Connection.php(813): Illuminate\\Database\\Connection->runQueryCallback('select * from \"...', Array, Object(Closure))
#1 /Users/mariopazmino/Desktop/springboot/app/contabilidad-backend/vendor/laravel/framework/src/Illuminate/Database/Connection.php(426): Illuminate\\Database\\Connection->run('select * from \"...', Array, Object(Closure))
#2 /Users/mariopazmino/Desktop/springboot/app/contabilidad-backend/vendor/laravel/framework/src/Illuminate/Database/Query/Builder.php(3573): Illuminate\\Database\\Connection->select('select * from \"...', Array, true, Array)
#3 /Users/mariopazmino/Desktop/springboot/app/contabilidad-backend/vendor/laravel/framework/src/Illuminate/Database/Query/Builder.php(3557): Illuminate\\Database\\Query\\Builder->runSelect()
#4 /Users/mariopazmino/Desktop/springboot/app/contabilidad-backend/vendor/laravel/framework/src/Illuminate/Database/Eloquent/Builder.php(908): Illuminate\\Database\\Query\\Builder->get(Array)
#5 /Users/mariopazmino/Desktop/springboot/app/contabilidad-backend/vendor/laravel/framework/src/Illuminate/Database/Eloquent/Builder.php(890): Illuminate\\Database\\Eloquent\\Builder->getModels(Array)
#6 /Users/mariopazmino/Desktop/springboot/app/contabilidad-backend/vendor/laravel/framework/src/Illuminate/Database/Concerns/BuildsQueries.php(366): Illuminate\\Database\\Eloquent\\Builder->get(Array)
#7 /Users/mariopazmino/Desktop/springboot/app/contabilidad-backend/vendor/laravel/framework/src/Illuminate/Database/Eloquent/Builder.php(572): Illuminate\\Database\\Eloquent\\Builder->first(Array)
#8 /Users/mariopazmino/Desktop/springboot/app/contabilidad-backend/vendor/laravel/framework/src/Illuminate/Support/Traits/ForwardsCalls.php(23): Illuminate\\Database\\Eloquent\\Builder->find('11')
#9 /Users/mariopazmino/Desktop/springboot/app/contabilidad-backend/vendor/laravel/framework/src/Illuminate/Database/Eloquent/Model.php(2809): Illuminate\\Database\\Eloquent\\Model->forwardCallTo(Object(Illuminate\\Database\\Eloquent\\Builder), 'find', Array)
#10 /Users/mariopazmino/Desktop/springboot/app/contabilidad-backend/vendor/laravel/framework/src/Illuminate/Database/Eloquent/Model.php(2825): Illuminate\\Database\\Eloquent\\Model->__call('find', Array)
#11 /Users/mariopazmino/Desktop/springboot/app/contabilidad-backend/vendor/laravel/sanctum/src/PersonalAccessToken.php(66): Illuminate\\Database\\Eloquent\\Model::__callStatic('find', Array)
#12 /Users/mariopazmino/Desktop/springboot/app/contabilidad-backend/vendor/laravel/sanctum/src/Guard.php(43): Laravel\\Sanctum\\PersonalAccessToken::findToken('W6rLBIYeC53X0X7...')
#13 [internal function]: Laravel\\Sanctum\\Guard->__invoke(Object(Illuminate\\Http\\Request), NULL)
#14 /Users/mariopazmino/Desktop/springboot/app/contabilidad-backend/vendor/laravel/framework/src/Illuminate/Auth/RequestGuard.php(56): call_user_func(Object(Laravel\\Sanctum\\Guard), Object(Illuminate\\Http\\Request), NULL)
#15 /Users/mariopazmino/Desktop/springboot/app/contabilidad-backend/vendor/laravel/framework/src/Illuminate/Auth/GuardHelpers.php(56): Illuminate\\Auth\\RequestGuard->user()
#16 /Users/mariopazmino/Desktop/springboot/app/contabilidad-backend/vendor/laravel/framework/src/Illuminate/Auth/Middleware/Authenticate.php(82): Illuminate\\Auth\\RequestGuard->check()
#17 /Users/mariopazmino/Desktop/springboot/app/contabilidad-backend/vendor/laravel/framework/src/Illuminate/Auth/Middleware/Authenticate.php(61): Illuminate\\Auth\\Middleware\\Authenticate->authenticate(Object(Illuminate\\Http\\Request), Array)
#18 /Users/mariopazmino/Desktop/springboot/app/contabilidad-backend/vendor/laravel/framework/src/Illuminate/Pipeline/Pipeline.php(219): Illuminate\\Auth\\Middleware\\Authenticate->handle(Object(Illuminate\\Http\\Request), Object(Closure), 'sanctum')
#19 /Users/mariopazmino/Desktop/springboot/app/contabilidad-backend/vendor/laravel/framework/src/Illuminate/Pipeline/Pipeline.php(137): Illuminate\\Pipeline\\Pipeline->{closure:{closure:Illuminate\\Pipeline\\Pipeline::carry():194}:195}(Object(Illuminate\\Http\\Request))
#20 /Users/mariopazmino/Desktop/springboot/app/contabilidad-backend/vendor/laravel/framework/src/Illuminate/Routing/Router.php(821): Illuminate\\Pipeline\\Pipeline->then(Object(Closure))
#21 /Users/mariopazmino/Desktop/springboot/app/contabilidad-backend/vendor/laravel/framework/src/Illuminate/Routing/Router.php(800): Illuminate\\Routing\\Router->runRouteWithinStack(Object(Illuminate\\Routing\\Route), Object(Illuminate\\Http\\Request))
#22 /Users/mariopazmino/Desktop/springboot/app/contabilidad-backend/vendor/laravel/framework/src/Illuminate/Routing/Router.php(764): Illuminate\\Routing\\Router->runRoute(Object(Illuminate\\Http\\Request), Object(Illuminate\\Routing\\Route))
#23 /Users/mariopazmino/Desktop/springboot/app/contabilidad-backend/vendor/laravel/framework/src/Illuminate/Routing/Router.php(753): Illuminate\\Routing\\Router->dispatchToRoute(Object(Illuminate\\Http\\Request))
#24 /Users/mariopazmino/Desktop/springboot/app/contabilidad-backend/vendor/laravel/framework/src/Illuminate/Foundation/Http/Kernel.php(200): Illuminate\\Routing\\Router->dispatch(Object(Illuminate\\Http\\Request))
#25 /Users/mariopazmino/Desktop/springboot/app/contabilidad-backend/vendor/laravel/framework/src/Illuminate/Pipeline/Pipeline.php(180): Illuminate\\Foundation\\Http\\Kernel->{closure:Illuminate\\Foundation\\Http\\Kernel::dispatchToRouter():197}(Object(Illuminate\\Http\\Request))
#26 /Users/mariopazmino/Desktop/springboot/app/contabilidad-backend/vendor/laravel/framework/src/Illuminate/Foundation/Http/Middleware/TransformsRequest.php(21): Illuminate\\Pipeline\\Pipeline->{closure:Illuminate\\Pipeline\\Pipeline::prepareDestination():178}(Object(Illuminate\\Http\\Request))
#27 /Users/mariopazmino/Desktop/springboot/app/contabilidad-backend/vendor/laravel/framework/src/Illuminate/Foundation/Http/Middleware/ConvertEmptyStringsToNull.php(31): Illuminate\\Foundation\\Http\\Middleware\\TransformsRequest->handle(Object(Illuminate\\Http\\Request), Object(Closure))
#28 /Users/mariopazmino/Desktop/springboot/app/contabilidad-backend/vendor/laravel/framework/src/Illuminate/Pipeline/Pipeline.php(219): Illuminate\\Foundation\\Http\\Middleware\\ConvertEmptyStringsToNull->handle(Object(Illuminate\\Http\\Request), Object(Closure))
#29 /Users/mariopazmino/Desktop/springboot/app/contabilidad-backend/vendor/laravel/framework/src/Illuminate/Foundation/Http/Middleware/TransformsRequest.php(21): Illuminate\\Pipeline\\Pipeline->{closure:{closure:Illuminate\\Pipeline\\Pipeline::carry():194}:195}(Object(Illuminate\\Http\\Request))
#30 /Users/mariopazmino/Desktop/springboot/app/contabilidad-backend/vendor/laravel/framework/src/Illuminate/Foundation/Http/Middleware/TrimStrings.php(51): Illuminate\\Foundation\\Http\\Middleware\\TransformsRequest->handle(Object(Illuminate\\Http\\Request), Object(Closure))
#31 /Users/mariopazmino/Desktop/springboot/app/contabilidad-backend/vendor/laravel/framework/src/Illuminate/Pipeline/Pipeline.php(219): Illuminate\\Foundation\\Http\\Middleware\\TrimStrings->handle(Object(Illuminate\\Http\\Request), Object(Closure))
#32 /Users/mariopazmino/Desktop/springboot/app/contabilidad-backend/vendor/laravel/framework/src/Illuminate/Http/Middleware/ValidatePostSize.php(27): Illuminate\\Pipeline\\Pipeline->{closure:{closure:Illuminate\\Pipeline\\Pipeline::carry():194}:195}(Object(Illuminate\\Http\\Request))
#33 /Users/mariopazmino/Desktop/springboot/app/contabilidad-backend/vendor/laravel/framework/src/Illuminate/Pipeline/Pipeline.php(219): Illuminate\\Http\\Middleware\\ValidatePostSize->handle(Object(Illuminate\\Http\\Request), Object(Closure))
#34 /Users/mariopazmino/Desktop/springboot/app/contabilidad-backend/vendor/laravel/framework/src/Illuminate/Foundation/Http/Middleware/PreventRequestsDuringMaintenance.php(109): Illuminate\\Pipeline\\Pipeline->{closure:{closure:Illuminate\\Pipeline\\Pipeline::carry():194}:195}(Object(Illuminate\\Http\\Request))
#35 /Users/mariopazmino/Desktop/springboot/app/contabilidad-backend/vendor/laravel/framework/src/Illuminate/Pipeline/Pipeline.php(219): Illuminate\\Foundation\\Http\\Middleware\\PreventRequestsDuringMaintenance->handle(Object(Illuminate\\Http\\Request), Object(Closure))
#36 /Users/mariopazmino/Desktop/springboot/app/contabilidad-backend/vendor/laravel/framework/src/Illuminate/Http/Middleware/HandleCors.php(74): Illuminate\\Pipeline\\Pipeline->{closure:{closure:Illuminate\\Pipeline\\Pipeline::carry():194}:195}(Object(Illuminate\\Http\\Request))
#37 /Users/mariopazmino/Desktop/springboot/app/contabilidad-backend/vendor/laravel/framework/src/Illuminate/Pipeline/Pipeline.php(219): Illuminate\\Http\\Middleware\\HandleCors->handle(Object(Illuminate\\Http\\Request), Object(Closure))
#38 /Users/mariopazmino/Desktop/springboot/app/contabilidad-backend/vendor/laravel/framework/src/Illuminate/Http/Middleware/TrustProxies.php(58): Illuminate\\Pipeline\\Pipeline->{closure:{closure:Illuminate\\Pipeline\\Pipeline::carry():194}:195}(Object(Illuminate\\Http\\Request))
#39 /Users/mariopazmino/Desktop/springboot/app/contabilidad-backend/vendor/laravel/framework/src/Illuminate/Pipeline/Pipeline.php(219): Illuminate\\Http\\Middleware\\TrustProxies->handle(Object(Illuminate\\Http\\Request), Object(Closure))
#40 /Users/mariopazmino/Desktop/springboot/app/contabilidad-backend/vendor/laravel/framework/src/Illuminate/Foundation/Http/Middleware/InvokeDeferredCallbacks.php(22): Illuminate\\Pipeline\\Pipeline->{closure:{closure:Illuminate\\Pipeline\\Pipeline::carry():194}:195}(Object(Illuminate\\Http\\Request))
#41 /Users/mariopazmino/Desktop/springboot/app/contabilidad-backend/vendor/laravel/framework/src/Illuminate/Pipeline/Pipeline.php(219): Illuminate\\Foundation\\Http\\Middleware\\InvokeDeferredCallbacks->handle(Object(Illuminate\\Http\\Request), Object(Closure))
#42 /Users/mariopazmino/Desktop/springboot/app/contabilidad-backend/vendor/laravel/framework/src/Illuminate/Http/Middleware/ValidatePathEncoding.php(28): Illuminate\\Pipeline\\Pipeline->{closure:{closure:Illuminate\\Pipeline\\Pipeline::carry():194}:195}(Object(Illuminate\\Http\\Request))
#43 /Users/mariopazmino/Desktop/springboot/app/contabilidad-backend/vendor/laravel/framework/src/Illuminate/Pipeline/Pipeline.php(219): Illuminate\\Http\\Middleware\\ValidatePathEncoding->handle(Object(Illuminate\\Http\\Request), Object(Closure))
#44 /Users/mariopazmino/Desktop/springboot/app/contabilidad-backend/vendor/laravel/framework/src/Illuminate/Pipeline/Pipeline.php(137): Illuminate\\Pipeline\\Pipeline->{closure:{closure:Illuminate\\Pipeline\\Pipeline::carry():194}:195}(Object(Illuminate\\Http\\Request))
#45 /Users/mariopazmino/Desktop/springboot/app/contabilidad-backend/vendor/laravel/framework/src/Illuminate/Foundation/Http/Kernel.php(175): Illuminate\\Pipeline\\Pipeline->then(Object(Closure))
#46 /Users/mariopazmino/Desktop/springboot/app/contabilidad-backend/vendor/laravel/framework/src/Illuminate/Foundation/Http/Kernel.php(144): Illuminate\\Foundation\\Http\\Kernel->sendRequestThroughRouter(Object(Illuminate\\Http\\Request))
#47 /Users/mariopazmino/Desktop/springboot/app/contabilidad-backend/vendor/laravel/framework/src/Illuminate/Foundation/Application.php(1220): Illuminate\\Foundation\\Http\\Kernel->handle(Object(Illuminate\\Http\\Request))
#48 /Users/mariopazmino/Desktop/springboot/app/contabilidad-backend/public/index.php(20): Illuminate\\Foundation\\Application->handleRequest(Object(Illuminate\\Http\\Request))
#49 /Users/mariopazmino/Desktop/springboot/app/contabilidad-backend/vendor/laravel/framework/src/Illuminate/Foundation/resources/server.php(23): require_once('/Users/mariopaz...')
#50 {main}

[previous exception] [object] (Illuminate\\Database\\SQLiteDatabaseDoesNotExistException(code: 0): Database file at path [/Users/mariopazmino/Desktop/app/contabilidad-backend/database/database.sqlite] does not exist. Ensure this is an absolute path to the database. at /Users/mariopazmino/Desktop/springboot/app/contabilidad-backend/vendor/laravel/framework/src/Illuminate/Database/Connectors/SQLiteConnector.php:61)
[stacktrace]
#0 /Users/mariopazmino/Desktop/springboot/app/contabilidad-backend/vendor/laravel/framework/src/Illuminate/Database/Connectors/SQLiteConnector.php(19): Illuminate\\Database\\Connectors\\SQLiteConnector->parseDatabasePath(false)
#1 /Users/mariopazmino/Desktop/springboot/app/contabilidad-backend/vendor/laravel/framework/src/Illuminate/Database/Connectors/ConnectionFactory.php(259): Illuminate\\Database\\Connectors\\SQLiteConnector->connect(Array)
#2 [internal function]: Illuminate\\Database\\Connectors\\ConnectionFactory->{closure:Illuminate\\Database\\Connectors\\ConnectionFactory::createPdoResolverWithoutHosts():259}()
#3 /Users/mariopazmino/Desktop/springboot/app/contabilidad-backend/vendor/laravel/framework/src/Illuminate/Database/Connection.php(1297): call_user_func(Object(Closure))
#4 /Users/mariopazmino/Desktop/springboot/app/contabilidad-backend/vendor/laravel/framework/src/Illuminate/Database/Connection.php(1335): Illuminate\\Database\\Connection->getPdo()
#5 /Users/mariopazmino/Desktop/springboot/app/contabilidad-backend/vendor/laravel/framework/src/Illuminate/Database/Connection.php(542): Illuminate\\Database\\Connection->getReadPdo()
#6 /Users/mariopazmino/Desktop/springboot/app/contabilidad-backend/vendor/laravel/framework/src/Illuminate/Database/Connection.php(435): Illuminate\\Database\\Connection->getPdoForSelect(true)
#7 /Users/mariopazmino/Desktop/springboot/app/contabilidad-backend/vendor/laravel/framework/src/Illuminate/Database/Connection.php(846): Illuminate\\Database\\Connection->{closure:Illuminate\\Database\\Connection::select():426}('select * from \"...', Array)
#8 /Users/mariopazmino/Desktop/springboot/app/contabilidad-backend/vendor/laravel/framework/src/Illuminate/Database/Connection.php(813): Illuminate\\Database\\Connection->runQueryCallback('select * from \"...', Array, Object(Closure))
#9 /Users/mariopazmino/Desktop/springboot/app/contabilidad-backend/vendor/laravel/framework/src/Illuminate/Database/Connection.php(426): Illuminate\\Database\\Connection->run('select * from \"...', Array, Object(Closure))
#10 /Users/mariopazmino/Desktop/springboot/app/contabilidad-backend/vendor/laravel/framework/src/Illuminate/Database/Query/Builder.php(3573): Illuminate\\Database\\Connection->select('select * from \"...', Array, true, Array)
#11 /Users/mariopazmino/Desktop/springboot/app/contabilidad-backend/vendor/laravel/framework/src/Illuminate/Database/Query/Builder.php(3557): Illuminate\\Database\\Query\\Builder->runSelect()
#12 /Users/mariopazmino/Desktop/springboot/app/contabilidad-backend/vendor/laravel/framework/src/Illuminate/Database/Eloquent/Builder.php(908): Illuminate\\Database\\Query\\Builder->get(Array)
#13 /Users/mariopazmino/Desktop/springboot/app/contabilidad-backend/vendor/laravel/framework/src/Illuminate/Database/Eloquent/Builder.php(890): Illuminate\\Database\\Eloquent\\Builder->getModels(Array)
#14 /Users/mariopazmino/Desktop/springboot/app/contabilidad-backend/vendor/laravel/framework/src/Illuminate/Database/Concerns/BuildsQueries.php(366): Illuminate\\Database\\Eloquent\\Builder->get(Array)
#15 /Users/mariopazmino/Desktop/springboot/app/contabilidad-backend/vendor/laravel/framework/src/Illuminate/Database/Eloquent/Builder.php(572): Illuminate\\Database\\Eloquent\\Builder->first(Array)
#16 /Users/mariopazmino/Desktop/springboot/app/contabilidad-backend/vendor/laravel/framework/src/Illuminate/Support/Traits/ForwardsCalls.php(23): Illuminate\\Database\\Eloquent\\Builder->find('11')
#17 /Users/mariopazmino/Desktop/springboot/app/contabilidad-backend/vendor/laravel/framework/src/Illuminate/Database/Eloquent/Model.php(2809): Illuminate\\Database\\Eloquent\\Model->forwardCallTo(Object(Illuminate\\Database\\Eloquent\\Builder), 'find', Array)
#18 /Users/mariopazmino/Desktop/springboot/app/contabilidad-backend/vendor/laravel/framework/src/Illuminate/Database/Eloquent/Model.php(2825): Illuminate\\Database\\Eloquent\\Model->__call('find', Array)
#19 /Users/mariopazmino/Desktop/springboot/app/contabilidad-backend/vendor/laravel/sanctum/src/PersonalAccessToken.php(66): Illuminate\\Database\\Eloquent\\Model::__callStatic('find', Array)
#20 /Users/mariopazmino/Desktop/springboot/app/contabilidad-backend/vendor/laravel/sanctum/src/Guard.php(43): Laravel\\Sanctum\\PersonalAccessToken::findToken('W6rLBIYeC53X0X7...')
#21 [internal function]: Laravel\\Sanctum\\Guard->__invoke(Object(Illuminate\\Http\\Request), NULL)
#22 /Users/mariopazmino/Desktop/springboot/app/contabilidad-backend/vendor/laravel/framework/src/Illuminate/Auth/RequestGuard.php(56): call_user_func(Object(Laravel\\Sanctum\\Guard), Object(Illuminate\\Http\\Request), NULL)
#23 /Users/mariopazmino/Desktop/springboot/app/contabilidad-backend/vendor/laravel/framework/src/Illuminate/Auth/GuardHelpers.php(56): Illuminate\\Auth\\RequestGuard->user()
#24 /Users/mariopazmino/Desktop/springboot/app/contabilidad-backend/vendor/laravel/framework/src/Illuminate/Auth/Middleware/Authenticate.php(82): Illuminate\\Auth\\RequestGuard->check()
#25 /Users/mariopazmino/Desktop/springboot/app/contabilidad-backend/vendor/laravel/framework/src/Illuminate/Auth/Middleware/Authenticate.php(61): Illuminate\\Auth\\Middleware\\Authenticate->authenticate(Object(Illuminate\\Http\\Request), Array)
#26 /Users/mariopazmino/Desktop/springboot/app/contabilidad-backend/vendor/laravel/framework/src/Illuminate/Pipeline/Pipeline.php(219): Illuminate\\Auth\\Middleware\\Authenticate->handle(Object(Illuminate\\Http\\Request), Object(Closure), 'sanctum')
#27 /Users/mariopazmino/Desktop/springboot/app/contabilidad-backend/vendor/laravel/framework/src/Illuminate/Pipeline/Pipeline.php(137): Illuminate\\Pipeline\\Pipeline->{closure:{closure:Illuminate\\Pipeline\\Pipeline::carry():194}:195}(Object(Illuminate\\Http\\Request))
#28 /Users/mariopazmino/Desktop/springboot/app/contabilidad-backend/vendor/laravel/framework/src/Illuminate/Routing/Router.php(821): Illuminate\\Pipeline\\Pipeline->then(Object(Closure))
#29 /Users/mariopazmino/Desktop/springboot/app/contabilidad-backend/vendor/laravel/framework/src/Illuminate/Routing/Router.php(800): Illuminate\\Routing\\Router->runRouteWithinStack(Object(Illuminate\\Routing\\Route), Object(Illuminate\\Http\\Request))
#30 /Users/mariopazmino/Desktop/springboot/app/contabilidad-backend/vendor/laravel/framework/src/Illuminate/Routing/Router.php(764): Illuminate\\Routing\\Router->runRoute(Object(Illuminate\\Http\\Request), Object(Illuminate\\Routing\\Route))
#31 /Users/mariopazmino/Desktop/springboot/app/contabilidad-backend/vendor/laravel/framework/src/Illuminate/Routing/Router.php(753): Illuminate\\Routing\\Router->dispatchToRoute(Object(Illuminate\\Http\\Request))
#32 /Users/mariopazmino/Desktop/springboot/app/contabilidad-backend/vendor/laravel/framework/src/Illuminate/Foundation/Http/Kernel.php(200): Illuminate\\Routing\\Router->dispatch(Object(Illuminate\\Http\\Request))
#33 /Users/mariopazmino/Desktop/springboot/app/contabilidad-backend/vendor/laravel/framework/src/Illuminate/Pipeline/Pipeline.php(180): Illuminate\\Foundation\\Http\\Kernel->{closure:Illuminate\\Foundation\\Http\\Kernel::dispatchToRouter():197}(Object(Illuminate\\Http\\Request))
#34 /Users/mariopazmino/Desktop/springboot/app/contabilidad-backend/vendor/laravel/framework/src/Illuminate/Foundation/Http/Middleware/TransformsRequest.php(21): Illuminate\\Pipeline\\Pipeline->{closure:Illuminate\\Pipeline\\Pipeline::prepareDestination():178}(Object(Illuminate\\Http\\Request))
#35 /Users/mariopazmino/Desktop/springboot/app/contabilidad-backend/vendor/laravel/framework/src/Illuminate/Foundation/Http/Middleware/ConvertEmptyStringsToNull.php(31): Illuminate\\Foundation\\Http\\Middleware\\TransformsRequest->handle(Object(Illuminate\\Http\\Request), Object(Closure))
#36 /Users/mariopazmino/Desktop/springboot/app/contabilidad-backend/vendor/laravel/framework/src/Illuminate/Pipeline/Pipeline.php(219): Illuminate\\Foundation\\Http\\Middleware\\ConvertEmptyStringsToNull->handle(Object(Illuminate\\Http\\Request), Object(Closure))
#37 /Users/mariopazmino/Desktop/springboot/app/contabilidad-backend/vendor/laravel/framework/src/Illuminate/Foundation/Http/Middleware/TransformsRequest.php(21): Illuminate\\Pipeline\\Pipeline->{closure:{closure:Illuminate\\Pipeline\\Pipeline::carry():194}:195}(Object(Illuminate\\Http\\Request))
#38 /Users/mariopazmino/Desktop/springboot/app/contabilidad-backend/vendor/laravel/framework/src/Illuminate/Foundation/Http/Middleware/TrimStrings.php(51): Illuminate\\Foundation\\Http\\Middleware\\TransformsRequest->handle(Object(Illuminate\\Http\\Request), Object(Closure))
#39 /Users/mariopazmino/Desktop/springboot/app/contabilidad-backend/vendor/laravel/framework/src/Illuminate/Pipeline/Pipeline.php(219): Illuminate\\Foundation\\Http\\Middleware\\TrimStrings->handle(Object(Illuminate\\Http\\Request), Object(Closure))
#40 /Users/mariopazmino/Desktop/springboot/app/contabilidad-backend/vendor/laravel/framework/src/Illuminate/Http/Middleware/ValidatePostSize.php(27): Illuminate\\Pipeline\\Pipeline->{closure:{closure:Illuminate\\Pipeline\\Pipeline::carry():194}:195}(Object(Illuminate\\Http\\Request))
#41 /Users/mariopazmino/Desktop/springboot/app/contabilidad-backend/vendor/laravel/framework/src/Illuminate/Pipeline/Pipeline.php(219): Illuminate\\Http\\Middleware\\ValidatePostSize->handle(Object(Illuminate\\Http\\Request), Object(Closure))
#42 /Users/mariopazmino/Desktop/springboot/app/contabilidad-backend/vendor/laravel/framework/src/Illuminate/Foundation/Http/Middleware/PreventRequestsDuringMaintenance.php(109): Illuminate\\Pipeline\\Pipeline->{closure:{closure:Illuminate\\Pipeline\\Pipeline::carry():194}:195}(Object(Illuminate\\Http\\Request))
#43 /Users/mariopazmino/Desktop/springboot/app/contabilidad-backend/vendor/laravel/framework/src/Illuminate/Pipeline/Pipeline.php(219): Illuminate\\Foundation\\Http\\Middleware\\PreventRequestsDuringMaintenance->handle(Object(Illuminate\\Http\\Request), Object(Closure))
#44 /Users/mariopazmino/Desktop/springboot/app/contabilidad-backend/vendor/laravel/framework/src/Illuminate/Http/Middleware/HandleCors.php(74): Illuminate\\Pipeline\\Pipeline->{closure:{closure:Illuminate\\Pipeline\\Pipeline::carry():194}:195}(Object(Illuminate\\Http\\Request))
#45 /Users/mariopazmino/Desktop/springboot/app/contabilidad-backend/vendor/laravel/framework/src/Illuminate/Pipeline/Pipeline.php(219): Illuminate\\Http\\Middleware\\HandleCors->handle(Object(Illuminate\\Http\\Request), Object(Closure))
#46 /Users/mariopazmino/Desktop/springboot/app/contabilidad-backend/vendor/laravel/framework/src/Illuminate/Http/Middleware/TrustProxies.php(58): Illuminate\\Pipeline\\Pipeline->{closure:{closure:Illuminate\\Pipeline\\Pipeline::carry():194}:195}(Object(Illuminate\\Http\\Request))
#47 /Users/mariopazmino/Desktop/springboot/app/contabilidad-backend/vendor/laravel/framework/src/Illuminate/Pipeline/Pipeline.php(219): Illuminate\\Http\\Middleware\\TrustProxies->handle(Object(Illuminate\\Http\\Request), Object(Closure))
#48 /Users/mariopazmino/Desktop/springboot/app/contabilidad-backend/vendor/laravel/framework/src/Illuminate/Foundation/Http/Middleware/InvokeDeferredCallbacks.php(22): Illuminate\\Pipeline\\Pipeline->{closure:{closure:Illuminate\\Pipeline\\Pipeline::carry():194}:195}(Object(Illuminate\\Http\\Request))
#49 /Users/mariopazmino/Desktop/springboot/app/contabilidad-backend/vendor/laravel/framework/src/Illuminate/Pipeline/Pipeline.php(219): Illuminate\\Foundation\\Http\\Middleware\\InvokeDeferredCallbacks->handle(Object(Illuminate\\Http\\Request), Object(Closure))
#50 /Users/mariopazmino/Desktop/springboot/app/contabilidad-backend/vendor/laravel/framework/src/Illuminate/Http/Middleware/ValidatePathEncoding.php(28): Illuminate\\Pipeline\\Pipeline->{closure:{closure:Illuminate\\Pipeline\\Pipeline::carry():194}:195}(Object(Illuminate\\Http\\Request))
#51 /Users/mariopazmino/Desktop/springboot/app/contabilidad-backend/vendor/laravel/framework/src/Illuminate/Pipeline/Pipeline.php(219): Illuminate\\Http\\Middleware\\ValidatePathEncoding->handle(Object(Illuminate\\Http\\Request), Object(Closure))
#52 /Users/mariopazmino/Desktop/springboot/app/contabilidad-backend/vendor/laravel/framework/src/Illuminate/Pipeline/Pipeline.php(137): Illuminate\\Pipeline\\Pipeline->{closure:{closure:Illuminate\\Pipeline\\Pipeline::carry():194}:195}(Object(Illuminate\\Http\\Request))
#53 /Users/mariopazmino/Desktop/springboot/app/contabilidad-backend/vendor/laravel/framework/src/Illuminate/Foundation/Http/Kernel.php(175): Illuminate\\Pipeline\\Pipeline->then(Object(Closure))
#54 /Users/mariopazmino/Desktop/springboot/app/contabilidad-backend/vendor/laravel/framework/src/Illuminate/Foundation/Http/Kernel.php(144): Illuminate\\Foundation\\Http\\Kernel->sendRequestThroughRouter(Object(Illuminate\\Http\\Request))
#55 /Users/mariopazmino/Desktop/springboot/app/contabilidad-backend/vendor/laravel/framework/src/Illuminate/Foundation/Application.php(1220): Illuminate\\Foundation\\Http\\Kernel->handle(Object(Illuminate\\Http\\Request))
#56 /Users/mariopazmino/Desktop/springboot/app/contabilidad-backend/public/index.php(20): Illuminate\\Foundation\\Application->handleRequest(Object(Illuminate\\Http\\Request))
#57 /Users/mariopazmino/Desktop/springboot/app/contabilidad-backend/vendor/laravel/framework/src/Illuminate/Foundation/resources/server.php(23): require_once('/Users/mariopaz...')
#58 {main}
"} 
[2026-07-14 23:55:32] local.ERROR: Database file at path [/Users/mariopazmino/Desktop/app/contabilidad-backend/database/database.sqlite] does not exist. Ensure this is an absolute path to the database. (Connection: sqlite, Database: /Users/mariopazmino/Desktop/app/contabilidad-backend/database/database.sqlite, SQL: select * from "personal_access_tokens" where "personal_access_tokens"."id" = 11 limit 1) {"exception":"[object] (Illuminate\\Database\\QueryException(code: 0): Database file at path [/Users/mariopazmino/Desktop/app/contabilidad-backend/database/database.sqlite] does not exist. Ensure this is an absolute path to the database. (Connection: sqlite, Database: /Users/mariopazmino/Desktop/app/contabilidad-backend/database/database.sqlite, SQL: select * from \"personal_access_tokens\" where \"personal_access_tokens\".\"id\" = 11 limit 1) at /Users/mariopazmino/Desktop/springboot/app/contabilidad-backend/vendor/laravel/framework/src/Illuminate/Database/Connection.php:857)
[stacktrace]
#0 /Users/mariopazmino/Desktop/springboot/app/contabilidad-backend/vendor/laravel/framework/src/Illuminate/Database/Connection.php(813): Illuminate\\Database\\Connection->runQueryCallback('select * from \"...', Array, Object(Closure))
#1 /Users/mariopazmino/Desktop/springboot/app/contabilidad-backend/vendor/laravel/framework/src/Illuminate/Database/Connection.php(426): Illuminate\\Database\\Connection->run('select * from \"...', Array, Object(Closure))
#2 /Users/mariopazmino/Desktop/springboot/app/contabilidad-backend/vendor/laravel/framework/src/Illuminate/Database/Query/Builder.php(3573): Illuminate\\Database\\Connection->select('select * from \"...', Array, true, Array)
#3 /Users/mariopazmino/Desktop/springboot/app/contabilidad-backend/vendor/laravel/framework/src/Illuminate/Database/Query/Builder.php(3557): Illuminate\\Database\\Query\\Builder->runSelect()
#4 /Users/mariopazmino/Desktop/springboot/app/contabilidad-backend/vendor/laravel/framework/src/Illuminate/Database/Eloquent/Builder.php(908): Illuminate\\Database\\Query\\Builder->get(Array)
#5 /Users/mariopazmino/Desktop/springboot/app/contabilidad-backend/vendor/laravel/framework/src/Illuminate/Database/Eloquent/Builder.php(890): Illuminate\\Database\\Eloquent\\Builder->getModels(Array)
#6 /Users/mariopazmino/Desktop/springboot/app/contabilidad-backend/vendor/laravel/framework/src/Illuminate/Database/Concerns/BuildsQueries.php(366): Illuminate\\Database\\Eloquent\\Builder->get(Array)
#7 /Users/mariopazmino/Desktop/springboot/app/contabilidad-backend/vendor/laravel/framework/src/Illuminate/Database/Eloquent/Builder.php(572): Illuminate\\Database\\Eloquent\\Builder->first(Array)
#8 /Users/mariopazmino/Desktop/springboot/app/contabilidad-backend/vendor/laravel/framework/src/Illuminate/Support/Traits/ForwardsCalls.php(23): Illuminate\\Database\\Eloquent\\Builder->find('11')
#9 /Users/mariopazmino/Desktop/springboot/app/contabilidad-backend/vendor/laravel/framework/src/Illuminate/Database/Eloquent/Model.php(2809): Illuminate\\Database\\Eloquent\\Model->forwardCallTo(Object(Illuminate\\Database\\Eloquent\\Builder), 'find', Array)
#10 /Users/mariopazmino/Desktop/springboot/app/contabilidad-backend/vendor/laravel/framework/src/Illuminate/Database/Eloquent/Model.php(2825): Illuminate\\Database\\Eloquent\\Model->__call('find', Array)
#11 /Users/mariopazmino/Desktop/springboot/app/contabilidad-backend/vendor/laravel/sanctum/src/PersonalAccessToken.php(66): Illuminate\\Database\\Eloquent\\Model::__callStatic('find', Array)
#12 /Users/mariopazmino/Desktop/springboot/app/contabilidad-backend/vendor/laravel/sanctum/src/Guard.php(43): Laravel\\Sanctum\\PersonalAccessToken::findToken('W6rLBIYeC53X0X7...')
#13 [internal function]: Laravel\\Sanctum\\Guard->__invoke(Object(Illuminate\\Http\\Request), NULL)
#14 /Users/mariopazmino/Desktop/springboot/app/contabilidad-backend/vendor/laravel/framework/src/Illuminate/Auth/RequestGuard.php(56): call_user_func(Object(Laravel\\Sanctum\\Guard), Object(Illuminate\\Http\\Request), NULL)
#15 /Users/mariopazmino/Desktop/springboot/app/contabilidad-backend/vendor/laravel/framework/src/Illuminate/Auth/GuardHelpers.php(56): Illuminate\\Auth\\RequestGuard->user()
#16 /Users/mariopazmino/Desktop/springboot/app/contabilidad-backend/vendor/laravel/framework/src/Illuminate/Auth/Middleware/Authenticate.php(82): Illuminate\\Auth\\RequestGuard->check()
#17 /Users/mariopazmino/Desktop/springboot/app/contabilidad-backend/vendor/laravel/framework/src/Illuminate/Auth/Middleware/Authenticate.php(61): Illuminate\\Auth\\Middleware\\Authenticate->authenticate(Object(Illuminate\\Http\\Request), Array)
#18 /Users/mariopazmino/Desktop/springboot/app/contabilidad-backend/vendor/laravel/framework/src/Illuminate/Pipeline/Pipeline.php(219): Illuminate\\Auth\\Middleware\\Authenticate->handle(Object(Illuminate\\Http\\Request), Object(Closure), 'sanctum')
#19 /Users/mariopazmino/Desktop/springboot/app/contabilidad-backend/vendor/laravel/framework/src/Illuminate/Pipeline/Pipeline.php(137): Illuminate\\Pipeline\\Pipeline->{closure:{closure:Illuminate\\Pipeline\\Pipeline::carry():194}:195}(Object(Illuminate\\Http\\Request))
#20 /Users/mariopazmino/Desktop/springboot/app/contabilidad-backend/vendor/laravel/framework/src/Illuminate/Routing/Router.php(821): Illuminate\\Pipeline\\Pipeline->then(Object(Closure))
#21 /Users/mariopazmino/Desktop/springboot/app/contabilidad-backend/vendor/laravel/framework/src/Illuminate/Routing/Router.php(800): Illuminate\\Routing\\Router->runRouteWithinStack(Object(Illuminate\\Routing\\Route), Object(Illuminate\\Http\\Request))
#22 /Users/mariopazmino/Desktop/springboot/app/contabilidad-backend/vendor/laravel/framework/src/Illuminate/Routing/Router.php(764): Illuminate\\Routing\\Router->runRoute(Object(Illuminate\\Http\\Request), Object(Illuminate\\Routing\\Route))
#23 /Users/mariopazmino/Desktop/springboot/app/contabilidad-backend/vendor/laravel/framework/src/Illuminate/Routing/Router.php(753): Illuminate\\Routing\\Router->dispatchToRoute(Object(Illuminate\\Http\\Request))
#24 /Users/mariopazmino/Desktop/springboot/app/contabilidad-backend/vendor/laravel/framework/src/Illuminate/Foundation/Http/Kernel.php(200): Illuminate\\Routing\\Router->dispatch(Object(Illuminate\\Http\\Request))
#25 /Users/mariopazmino/Desktop/springboot/app/contabilidad-backend/vendor/laravel/framework/src/Illuminate/Pipeline/Pipeline.php(180): Illuminate\\Foundation\\Http\\Kernel->{closure:Illuminate\\Foundation\\Http\\Kernel::dispatchToRouter():197}(Object(Illuminate\\Http\\Request))
#26 /Users/mariopazmino/Desktop/springboot/app/contabilidad-backend/vendor/laravel/framework/src/Illuminate/Foundation/Http/Middleware/TransformsRequest.php(21): Illuminate\\Pipeline\\Pipeline->{closure:Illuminate\\Pipeline\\Pipeline::prepareDestination():178}(Object(Illuminate\\Http\\Request))
#27 /Users/mariopazmino/Desktop/springboot/app/contabilidad-backend/vendor/laravel/framework/src/Illuminate/Foundation/Http/Middleware/ConvertEmptyStringsToNull.php(31): Illuminate\\Foundation\\Http\\Middleware\\TransformsRequest->handle(Object(Illuminate\\Http\\Request), Object(Closure))
#28 /Users/mariopazmino/Desktop/springboot/app/contabilidad-backend/vendor/laravel/framework/src/Illuminate/Pipeline/Pipeline.php(219): Illuminate\\Foundation\\Http\\Middleware\\ConvertEmptyStringsToNull->handle(Object(Illuminate\\Http\\Request), Object(Closure))
#29 /Users/mariopazmino/Desktop/springboot/app/contabilidad-backend/vendor/laravel/framework/src/Illuminate/Foundation/Http/Middleware/TransformsRequest.php(21): Illuminate\\Pipeline\\Pipeline->{closure:{closure:Illuminate\\Pipeline\\Pipeline::carry():194}:195}(Object(Illuminate\\Http\\Request))
#30 /Users/mariopazmino/Desktop/springboot/app/contabilidad-backend/vendor/laravel/framework/src/Illuminate/Foundation/Http/Middleware/TrimStrings.php(51): Illuminate\\Foundation\\Http\\Middleware\\TransformsRequest->handle(Object(Illuminate\\Http\\Request), Object(Closure))
#31 /Users/mariopazmino/Desktop/springboot/app/contabilidad-backend/vendor/laravel/framework/src/Illuminate/Pipeline/Pipeline.php(219): Illuminate\\Foundation\\Http\\Middleware\\TrimStrings->handle(Object(Illuminate\\Http\\Request), Object(Closure))
#32 /Users/mariopazmino/Desktop/springboot/app/contabilidad-backend/vendor/laravel/framework/src/Illuminate/Http/Middleware/ValidatePostSize.php(27): Illuminate\\Pipeline\\Pipeline->{closure:{closure:Illuminate\\Pipeline\\Pipeline::carry():194}:195}(Object(Illuminate\\Http\\Request))
#33 /Users/mariopazmino/Desktop/springboot/app/contabilidad-backend/vendor/laravel/framework/src/Illuminate/Pipeline/Pipeline.php(219): Illuminate\\Http\\Middleware\\ValidatePostSize->handle(Object(Illuminate\\Http\\Request), Object(Closure))
#34 /Users/mariopazmino/Desktop/springboot/app/contabilidad-backend/vendor/laravel/framework/src/Illuminate/Foundation/Http/Middleware/PreventRequestsDuringMaintenance.php(109): Illuminate\\Pipeline\\Pipeline->{closure:{closure:Illuminate\\Pipeline\\Pipeline::carry():194}:195}(Object(Illuminate\\Http\\Request))
#35 /Users/mariopazmino/Desktop/springboot/app/contabilidad-backend/vendor/laravel/framework/src/Illuminate/Pipeline/Pipeline.php(219): Illuminate\\Foundation\\Http\\Middleware\\PreventRequestsDuringMaintenance->handle(Object(Illuminate\\Http\\Request), Object(Closure))
#36 /Users/mariopazmino/Desktop/springboot/app/contabilidad-backend/vendor/laravel/framework/src/Illuminate/Http/Middleware/HandleCors.php(74): Illuminate\\Pipeline\\Pipeline->{closure:{closure:Illuminate\\Pipeline\\Pipeline::carry():194}:195}(Object(Illuminate\\Http\\Request))
#37 /Users/mariopazmino/Desktop/springboot/app/contabilidad-backend/vendor/laravel/framework/src/Illuminate/Pipeline/Pipeline.php(219): Illuminate\\Http\\Middleware\\HandleCors->handle(Object(Illuminate\\Http\\Request), Object(Closure))
#38 /Users/mariopazmino/Desktop/springboot/app/contabilidad-backend/vendor/laravel/framework/src/Illuminate/Http/Middleware/TrustProxies.php(58): Illuminate\\Pipeline\\Pipeline->{closure:{closure:Illuminate\\Pipeline\\Pipeline::carry():194}:195}(Object(Illuminate\\Http\\Request))
#39 /Users/mariopazmino/Desktop/springboot/app/contabilidad-backend/vendor/laravel/framework/src/Illuminate/Pipeline/Pipeline.php(219): Illuminate\\Http\\Middleware\\TrustProxies->handle(Object(Illuminate\\Http\\Request), Object(Closure))
#40 /Users/mariopazmino/Desktop/springboot/app/contabilidad-backend/vendor/laravel/framework/src/Illuminate/Foundation/Http/Middleware/InvokeDeferredCallbacks.php(22): Illuminate\\Pipeline\\Pipeline->{closure:{closure:Illuminate\\Pipeline\\Pipeline::carry():194}:195}(Object(Illuminate\\Http\\Request))
#41 /Users/mariopazmino/Desktop/springboot/app/contabilidad-backend/vendor/laravel/framework/src/Illuminate/Pipeline/Pipeline.php(219): Illuminate\\Foundation\\Http\\Middleware\\InvokeDeferredCallbacks->handle(Object(Illuminate\\Http\\Request), Object(Closure))
#42 /Users/mariopazmino/Desktop/springboot/app/contabilidad-backend/vendor/laravel/framework/src/Illuminate/Http/Middleware/ValidatePathEncoding.php(28): Illuminate\\Pipeline\\Pipeline->{closure:{closure:Illuminate\\Pipeline\\Pipeline::carry():194}:195}(Object(Illuminate\\Http\\Request))
#43 /Users/mariopazmino/Desktop/springboot/app/contabilidad-backend/vendor/laravel/framework/src/Illuminate/Pipeline/Pipeline.php(219): Illuminate\\Http\\Middleware\\ValidatePathEncoding->handle(Object(Illuminate\\Http\\Request), Object(Closure))
#44 /Users/mariopazmino/Desktop/springboot/app/contabilidad-backend/vendor/laravel/framework/src/Illuminate/Pipeline/Pipeline.php(137): Illuminate\\Pipeline\\Pipeline->{closure:{closure:Illuminate\\Pipeline\\Pipeline::carry():194}:195}(Object(Illuminate\\Http\\Request))
#45 /Users/mariopazmino/Desktop/springboot/app/contabilidad-backend/vendor/laravel/framework/src/Illuminate/Foundation/Http/Kernel.php(175): Illuminate\\Pipeline\\Pipeline->then(Object(Closure))
#46 /Users/mariopazmino/Desktop/springboot/app/contabilidad-backend/vendor/laravel/framework/src/Illuminate/Foundation/Http/Kernel.php(144): Illuminate\\Foundation\\Http\\Kernel->sendRequestThroughRouter(Object(Illuminate\\Http\\Request))
#47 /Users/mariopazmino/Desktop/springboot/app/contabilidad-backend/vendor/laravel/framework/src/Illuminate/Foundation/Application.php(1220): Illuminate\\Foundation\\Http\\Kernel->handle(Object(Illuminate\\Http\\Request))
#48 /Users/mariopazmino/Desktop/springboot/app/contabilidad-backend/public/index.php(20): Illuminate\\Foundation\\Application->handleRequest(Object(Illuminate\\Http\\Request))
#49 /Users/mariopazmino/Desktop/springboot/app/contabilidad-backend/vendor/laravel/framework/src/Illuminate/Foundation/resources/server.php(23): require_once('/Users/mariopaz...')
#50 {main}

[previous exception] [object] (Illuminate\\Database\\SQLiteDatabaseDoesNotExistException(code: 0): Database file at path [/Users/mariopazmino/Desktop/app/contabilidad-backend/database/database.sqlite] does not exist. Ensure this is an absolute path to the database. at /Users/mariopazmino/Desktop/springboot/app/contabilidad-backend/vendor/laravel/framework/src/Illuminate/Database/Connectors/SQLiteConnector.php:61)
[stacktrace]
#0 /Users/mariopazmino/Desktop/springboot/app/contabilidad-backend/vendor/laravel/framework/src/Illuminate/Database/Connectors/SQLiteConnector.php(19): Illuminate\\Database\\Connectors\\SQLiteConnector->parseDatabasePath(false)
#1 /Users/mariopazmino/Desktop/springboot/app/contabilidad-backend/vendor/laravel/framework/src/Illuminate/Database/Connectors/ConnectionFactory.php(259): Illuminate\\Database\\Connectors\\SQLiteConnector->connect(Array)
#2 [internal function]: Illuminate\\Database\\Connectors\\ConnectionFactory->{closure:Illuminate\\Database\\Connectors\\ConnectionFactory::createPdoResolverWithoutHosts():259}()
#3 /Users/mariopazmino/Desktop/springboot/app/contabilidad-backend/vendor/laravel/framework/src/Illuminate/Database/Connection.php(1297): call_user_func(Object(Closure))
#4 /Users/mariopazmino/Desktop/springboot/app/contabilidad-backend/vendor/laravel/framework/src/Illuminate/Database/Connection.php(1335): Illuminate\\Database\\Connection->getPdo()
#5 /Users/mariopazmino/Desktop/springboot/app/contabilidad-backend/vendor/laravel/framework/src/Illuminate/Database/Connection.php(542): Illuminate\\Database\\Connection->getReadPdo()
#6 /Users/mariopazmino/Desktop/springboot/app/contabilidad-backend/vendor/laravel/framework/src/Illuminate/Database/Connection.php(435): Illuminate\\Database\\Connection->getPdoForSelect(true)
#7 /Users/mariopazmino/Desktop/springboot/app/contabilidad-backend/vendor/laravel/framework/src/Illuminate/Database/Connection.php(846): Illuminate\\Database\\Connection->{closure:Illuminate\\Database\\Connection::select():426}('select * from \"...', Array)
#8 /Users/mariopazmino/Desktop/springboot/app/contabilidad-backend/vendor/laravel/framework/src/Illuminate/Database/Connection.php(813): Illuminate\\Database\\Connection->runQueryCallback('select * from \"...', Array, Object(Closure))
#9 /Users/mariopazmino/Desktop/springboot/app/contabilidad-backend/vendor/laravel/framework/src/Illuminate/Database/Connection.php(426): Illuminate\\Database\\Connection->run('select * from \"...', Array, Object(Closure))
#10 /Users/mariopazmino/Desktop/springboot/app/contabilidad-backend/vendor/laravel/framework/src/Illuminate/Database/Query/Builder.php(3573): Illuminate\\Database\\Connection->select('select * from \"...', Array, true, Array)
#11 /Users/mariopazmino/Desktop/springboot/app/contabilidad-backend/vendor/laravel/framework/src/Illuminate/Database/Query/Builder.php(3557): Illuminate\\Database\\Query\\Builder->runSelect()
#12 /Users/mariopazmino/Desktop/springboot/app/contabilidad-backend/vendor/laravel/framework/src/Illuminate/Database/Eloquent/Builder.php(908): Illuminate\\Database\\Query\\Builder->get(Array)
#13 /Users/mariopazmino/Desktop/springboot/app/contabilidad-backend/vendor/laravel/framework/src/Illuminate/Database/Eloquent/Builder.php(890): Illuminate\\Database\\Eloquent\\Builder->getModels(Array)
#14 /Users/mariopazmino/Desktop/springboot/app/contabilidad-backend/vendor/laravel/framework/src/Illuminate/Database/Concerns/BuildsQueries.php(366): Illuminate\\Database\\Eloquent\\Builder->get(Array)
#15 /Users/mariopazmino/Desktop/springboot/app/contabilidad-backend/vendor/laravel/framework/src/Illuminate/Database/Eloquent/Builder.php(572): Illuminate\\Database\\Eloquent\\Builder->first(Array)
#16 /Users/mariopazmino/Desktop/springboot/app/contabilidad-backend/vendor/laravel/framework/src/Illuminate/Support/Traits/ForwardsCalls.php(23): Illuminate\\Database\\Eloquent\\Builder->find('11')
#17 /Users/mariopazmino/Desktop/springboot/app/contabilidad-backend/vendor/laravel/framework/src/Illuminate/Database/Eloquent/Model.php(2809): Illuminate\\Database\\Eloquent\\Model->forwardCallTo(Object(Illuminate\\Database\\Eloquent\\Builder), 'find', Array)
#18 /Users/mariopazmino/Desktop/springboot/app/contabilidad-backend/vendor/laravel/framework/src/Illuminate/Database/Eloquent/Model.php(2825): Illuminate\\Database\\Eloquent\\Model->__call('find', Array)
#19 /Users/mariopazmino/Desktop/springboot/app/contabilidad-backend/vendor/laravel/sanctum/src/PersonalAccessToken.php(66): Illuminate\\Database\\Eloquent\\Model::__callStatic('find', Array)
#20 /Users/mariopazmino/Desktop/springboot/app/contabilidad-backend/vendor/laravel/sanctum/src/Guard.php(43): Laravel\\Sanctum\\PersonalAccessToken::findToken('W6rLBIYeC53X0X7...')
#21 [internal function]: Laravel\\Sanctum\\Guard->__invoke(Object(Illuminate\\Http\\Request), NULL)
#22 /Users/mariopazmino/Desktop/springboot/app/contabilidad-backend/vendor/laravel/framework/src/Illuminate/Auth/RequestGuard.php(56): call_user_func(Object(Laravel\\Sanctum\\Guard), Object(Illuminate\\Http\\Request), NULL)
#23 /Users/mariopazmino/Desktop/springboot/app/contabilidad-backend/vendor/laravel/framework/src/Illuminate/Auth/GuardHelpers.php(56): Illuminate\\Auth\\RequestGuard->user()
#24 /Users/mariopazmino/Desktop/springboot/app/contabilidad-backend/vendor/laravel/framework/src/Illuminate/Auth/Middleware/Authenticate.php(82): Illuminate\\Auth\\RequestGuard->check()
#25 /Users/mariopazmino/Desktop/springboot/app/contabilidad-backend/vendor/laravel/framework/src/Illuminate/Auth/Middleware/Authenticate.php(61): Illuminate\\Auth\\Middleware\\Authenticate->authenticate(Object(Illuminate\\Http\\Request), Array)
#26 /Users/mariopazmino/Desktop/springboot/app/contabilidad-backend/vendor/laravel/framework/src/Illuminate/Pipeline/Pipeline.php(219): Illuminate\\Auth\\Middleware\\Authenticate->handle(Object(Illuminate\\Http\\Request), Object(Closure), 'sanctum')
#27 /Users/mariopazmino/Desktop/springboot/app/contabilidad-backend/vendor/laravel/framework/src/Illuminate/Pipeline/Pipeline.php(137): Illuminate\\Pipeline\\Pipeline->{closure:{closure:Illuminate\\Pipeline\\Pipeline::carry():194}:195}(Object(Illuminate\\Http\\Request))
#28 /Users/mariopazmino/Desktop/springboot/app/contabilidad-backend/vendor/laravel/framework/src/Illuminate/Routing/Router.php(821): Illuminate\\Pipeline\\Pipeline->then(Object(Closure))
#29 /Users/mariopazmino/Desktop/springboot/app/contabilidad-backend/vendor/laravel/framework/src/Illuminate/Routing/Router.php(800): Illuminate\\Routing\\Router->runRouteWithinStack(Object(Illuminate\\Routing\\Route), Object(Illuminate\\Http\\Request))
#30 /Users/mariopazmino/Desktop/springboot/app/contabilidad-backend/vendor/laravel/framework/src/Illuminate/Routing/Router.php(764): Illuminate\\Routing\\Router->runRoute(Object(Illuminate\\Http\\Request), Object(Illuminate\\Routing\\Route))
#31 /Users/mariopazmino/Desktop/springboot/app/contabilidad-backend/vendor/laravel/framework/src/Illuminate/Routing/Router.php(753): Illuminate\\Routing\\Router->dispatchToRoute(Object(Illuminate\\Http\\Request))
#32 /Users/mariopazmino/Desktop/springboot/app/contabilidad-backend/vendor/laravel/framework/src/Illuminate/Foundation/Http/Kernel.php(200): Illuminate\\Routing\\Router->dispatch(Object(Illuminate\\Http\\Request))
#33 /Users/mariopazmino/Desktop/springboot/app/contabilidad-backend/vendor/laravel/framework/src/Illuminate/Pipeline/Pipeline.php(180): Illuminate\\Foundation\\Http\\Kernel->{closure:Illuminate\\Foundation\\Http\\Kernel::dispatchToRouter():197}(Object(Illuminate\\Http\\Request))
#34 /Users/mariopazmino/Desktop/springboot/app/contabilidad-backend/vendor/laravel/framework/src/Illuminate/Foundation/Http/Middleware/TransformsRequest.php(21): Illuminate\\Pipeline\\Pipeline->{closure:Illuminate\\Pipeline\\Pipeline::prepareDestination():178}(Object(Illuminate\\Http\\Request))
#35 /Users/mariopazmino/Desktop/springboot/app/contabilidad-backend/vendor/laravel/framework/src/Illuminate/Foundation/Http/Middleware/ConvertEmptyStringsToNull.php(31): Illuminate\\Foundation\\Http\\Middleware\\TransformsRequest->handle(Object(Illuminate\\Http\\Request), Object(Closure))
#36 /Users/mariopazmino/Desktop/springboot/app/contabilidad-backend/vendor/laravel/framework/src/Illuminate/Pipeline/Pipeline.php(219): Illuminate\\Foundation\\Http\\Middleware\\ConvertEmptyStringsToNull->handle(Object(Illuminate\\Http\\Request), Object(Closure))
#37 /Users/mariopazmino/Desktop/springboot/app/contabilidad-backend/vendor/laravel/framework/src/Illuminate/Foundation/Http/Middleware/TransformsRequest.php(21): Illuminate\\Pipeline\\Pipeline->{closure:{closure:Illuminate\\Pipeline\\Pipeline::carry():194}:195}(Object(Illuminate\\Http\\Request))
#38 /Users/mariopazmino/Desktop/springboot/app/contabilidad-backend/vendor/laravel/framework/src/Illuminate/Foundation/Http/Middleware/TrimStrings.php(51): Illuminate\\Foundation\\Http\\Middleware\\TransformsRequest->handle(Object(Illuminate\\Http\\Request), Object(Closure))
#39 /Users/mariopazmino/Desktop/springboot/app/contabilidad-backend/vendor/laravel/framework/src/Illuminate/Pipeline/Pipeline.php(219): Illuminate\\Foundation\\Http\\Middleware\\TrimStrings->handle(Object(Illuminate\\Http\\Request), Object(Closure))
#40 /Users/mariopazmino/Desktop/springboot/app/contabilidad-backend/vendor/laravel/framework/src/Illuminate/Http/Middleware/ValidatePostSize.php(27): Illuminate\\Pipeline\\Pipeline->{closure:{closure:Illuminate\\Pipeline\\Pipeline::carry():194}:195}(Object(Illuminate\\Http\\Request))
#41 /Users/mariopazmino/Desktop/springboot/app/contabilidad-backend/vendor/laravel/framework/src/Illuminate/Pipeline/Pipeline.php(219): Illuminate\\Http\\Middleware\\ValidatePostSize->handle(Object(Illuminate\\Http\\Request), Object(Closure))
#42 /Users/mariopazmino/Desktop/springboot/app/contabilidad-backend/vendor/laravel/framework/src/Illuminate/Foundation/Http/Middleware/PreventRequestsDuringMaintenance.php(109): Illuminate\\Pipeline\\Pipeline->{closure:{closure:Illuminate\\Pipeline\\Pipeline::carry():194}:195}(Object(Illuminate\\Http\\Request))
#43 /Users/mariopazmino/Desktop/springboot/app/contabilidad-backend/vendor/laravel/framework/src/Illuminate/Pipeline/Pipeline.php(219): Illuminate\\Foundation\\Http\\Middleware\\PreventRequestsDuringMaintenance->handle(Object(Illuminate\\Http\\Request), Object(Closure))
#44 /Users/mariopazmino/Desktop/springboot/app/contabilidad-backend/vendor/laravel/framework/src/Illuminate/Http/Middleware/HandleCors.php(74): Illuminate\\Pipeline\\Pipeline->{closure:{closure:Illuminate\\Pipeline\\Pipeline::carry():194}:195}(Object(Illuminate\\Http\\Request))
#45 /Users/mariopazmino/Desktop/springboot/app/contabilidad-backend/vendor/laravel/framework/src/Illuminate/Pipeline/Pipeline.php(219): Illuminate\\Http\\Middleware\\HandleCors->handle(Object(Illuminate\\Http\\Request), Object(Closure))
#46 /Users/mariopazmino/Desktop/springboot/app/contabilidad-backend/vendor/laravel/framework/src/Illuminate/Http/Middleware/TrustProxies.php(58): Illuminate\\Pipeline\\Pipeline->{closure:{closure:Illuminate\\Pipeline\\Pipeline::carry():194}:195}(Object(Illuminate\\Http\\Request))
#47 /Users/mariopazmino/Desktop/springboot/app/contabilidad-backend/vendor/laravel/framework/src/Illuminate/Pipeline/Pipeline.php(219): Illuminate\\Http\\Middleware\\TrustProxies->handle(Object(Illuminate\\Http\\Request), Object(Closure))
#48 /Users/mariopazmino/Desktop/springboot/app/contabilidad-backend/vendor/laravel/framework/src/Illuminate/Foundation/Http/Middleware/InvokeDeferredCallbacks.php(22): Illuminate\\Pipeline\\Pipeline->{closure:{closure:Illuminate\\Pipeline\\Pipeline::carry():194}:195}(Object(Illuminate\\Http\\Request))
#49 /Users/mariopazmino/Desktop/springboot/app/contabilidad-backend/vendor/laravel/framework/src/Illuminate/Pipeline/Pipeline.php(219): Illuminate\\Foundation\\Http\\Middleware\\InvokeDeferredCallbacks->handle(Object(Illuminate\\Http\\Request), Object(Closure))
#50 /Users/mariopazmino/Desktop/springboot/app/contabilidad-backend/vendor/laravel/framework/src/Illuminate/Http/Middleware/ValidatePathEncoding.php(28): Illuminate\\Pipeline\\Pipeline->{closure:{closure:Illuminate\\Pipeline\\Pipeline::carry():194}:195}(Object(Illuminate\\Http\\Request))
#51 /Users/mariopazmino/Desktop/springboot/app/contabilidad-backend/vendor/laravel/framework/src/Illuminate/Pipeline/Pipeline.php(219): Illuminate\\Http\\Middleware\\ValidatePathEncoding->handle(Object(Illuminate\\Http\\Request), Object(Closure))
#52 /Users/mariopazmino/Desktop/springboot/app/contabilidad-backend/vendor/laravel/framework/src/Illuminate/Pipeline/Pipeline.php(137): Illuminate\\Pipeline\\Pipeline->{closure:{closure:Illuminate\\Pipeline\\Pipeline::carry():194}:195}(Object(Illuminate\\Http\\Request))
#53 /Users/mariopazmino/Desktop/springboot/app/contabilidad-backend/vendor/laravel/framework/src/Illuminate/Foundation/Http/Kernel.php(175): Illuminate\\Pipeline\\Pipeline->then(Object(Closure))
#54 /Users/mariopazmino/Desktop/springboot/app/contabilidad-backend/vendor/laravel/framework/src/Illuminate/Foundation/Http/Kernel.php(144): Illuminate\\Foundation\\Http\\Kernel->sendRequestThroughRouter(Object(Illuminate\\Http\\Request))
#55 /Users/mariopazmino/Desktop/springboot/app/contabilidad-backend/vendor/laravel/framework/src/Illuminate/Foundation/Application.php(1220): Illuminate\\Foundation\\Http\\Kernel->handle(Object(Illuminate\\Http\\Request))
#56 /Users/mariopazmino/Desktop/springboot/app/contabilidad-backend/public/index.php(20): Illuminate\\Foundation\\Application->handleRequest(Object(Illuminate\\Http\\Request))
#57 /Users/mariopazmino/Desktop/springboot/app/contabilidad-backend/vendor/laravel/framework/src/Illuminate/Foundation/resources/server.php(23): require_once('/Users/mariopaz...')
#58 {main}
"} 
[2026-07-14 23:55:47] local.ERROR: Database file at path [/Users/mariopazmino/Desktop/app/contabilidad-backend/database/database.sqlite] does not exist. Ensure this is an absolute path to the database. (Connection: sqlite, Database: /Users/mariopazmino/Desktop/app/contabilidad-backend/database/database.sqlite, SQL: select * from "cache" where "key" in (laravel-cache-5c785c036466adea360111aa28563bfd556b5fba)) {"exception":"[object] (Illuminate\\Database\\QueryException(code: 0): Database file at path [/Users/mariopazmino/Desktop/app/contabilidad-backend/database/database.sqlite] does not exist. Ensure this is an absolute path to the database. (Connection: sqlite, Database: /Users/mariopazmino/Desktop/app/contabilidad-backend/database/database.sqlite, SQL: select * from \"cache\" where \"key\" in (laravel-cache-5c785c036466adea360111aa28563bfd556b5fba)) at /Users/mariopazmino/Desktop/springboot/app/contabilidad-backend/vendor/laravel/framework/src/Illuminate/Database/Connection.php:857)
[stacktrace]
#0 /Users/mariopazmino/Desktop/springboot/app/contabilidad-backend/vendor/laravel/framework/src/Illuminate/Database/Connection.php(813): Illuminate\\Database\\Connection->runQueryCallback('select * from \"...', Array, Object(Closure))
#1 /Users/mariopazmino/Desktop/springboot/app/contabilidad-backend/vendor/laravel/framework/src/Illuminate/Database/Connection.php(426): Illuminate\\Database\\Connection->run('select * from \"...', Array, Object(Closure))
#2 /Users/mariopazmino/Desktop/springboot/app/contabilidad-backend/vendor/laravel/framework/src/Illuminate/Database/Query/Builder.php(3573): Illuminate\\Database\\Connection->select('select * from \"...', Array, true, Array)
#3 /Users/mariopazmino/Desktop/springboot/app/contabilidad-backend/vendor/laravel/framework/src/Illuminate/Database/Query/Builder.php(3557): Illuminate\\Database\\Query\\Builder->runSelect()
#4 /Users/mariopazmino/Desktop/springboot/app/contabilidad-backend/vendor/laravel/framework/src/Illuminate/Cache/DatabaseStore.php(142): Illuminate\\Database\\Query\\Builder->get()
#5 /Users/mariopazmino/Desktop/springboot/app/contabilidad-backend/vendor/laravel/framework/src/Illuminate/Cache/DatabaseStore.php(117): Illuminate\\Cache\\DatabaseStore->many(Array)
#6 /Users/mariopazmino/Desktop/springboot/app/contabilidad-backend/vendor/laravel/framework/src/Illuminate/Cache/Repository.php(138): Illuminate\\Cache\\DatabaseStore->get('5c785c036466ade...')
#7 /Users/mariopazmino/Desktop/springboot/app/contabilidad-backend/vendor/laravel/framework/src/Illuminate/Cache/RateLimiter.php(206): Illuminate\\Cache\\Repository->get('5c785c036466ade...', 0)
#8 /Users/mariopazmino/Desktop/springboot/app/contabilidad-backend/vendor/laravel/framework/src/Illuminate/Cache/RateLimiter.php(302): Illuminate\\Cache\\RateLimiter->{closure:Illuminate\\Cache\\RateLimiter::attempts():206}()
#9 /Users/mariopazmino/Desktop/springboot/app/contabilidad-backend/vendor/laravel/framework/src/Illuminate/Cache/RateLimiter.php(206): Illuminate\\Cache\\RateLimiter->withoutSerializationOrCompression(Object(Closure))
#10 /Users/mariopazmino/Desktop/springboot/app/contabilidad-backend/vendor/laravel/framework/src/Illuminate/Cache/RateLimiter.php(129): Illuminate\\Cache\\RateLimiter->attempts('5c785c036466ade...')
#11 /Users/mariopazmino/Desktop/springboot/app/contabilidad-backend/vendor/laravel/framework/src/Illuminate/Routing/Middleware/ThrottleRequests.php(157): Illuminate\\Cache\\RateLimiter->tooManyAttempts('5c785c036466ade...', 5)
#12 /Users/mariopazmino/Desktop/springboot/app/contabilidad-backend/vendor/laravel/framework/src/Illuminate/Routing/Middleware/ThrottleRequests.php(93): Illuminate\\Routing\\Middleware\\ThrottleRequests->handleRequest(Object(Illuminate\\Http\\Request), Object(Closure), Array)
#13 /Users/mariopazmino/Desktop/springboot/app/contabilidad-backend/vendor/laravel/framework/src/Illuminate/Pipeline/Pipeline.php(219): Illuminate\\Routing\\Middleware\\ThrottleRequests->handle(Object(Illuminate\\Http\\Request), Object(Closure), '5', '1')
#14 /Users/mariopazmino/Desktop/springboot/app/contabilidad-backend/vendor/laravel/framework/src/Illuminate/Pipeline/Pipeline.php(137): Illuminate\\Pipeline\\Pipeline->{closure:{closure:Illuminate\\Pipeline\\Pipeline::carry():194}:195}(Object(Illuminate\\Http\\Request))
#15 /Users/mariopazmino/Desktop/springboot/app/contabilidad-backend/vendor/laravel/framework/src/Illuminate/Routing/Router.php(821): Illuminate\\Pipeline\\Pipeline->then(Object(Closure))
#16 /Users/mariopazmino/Desktop/springboot/app/contabilidad-backend/vendor/laravel/framework/src/Illuminate/Routing/Router.php(800): Illuminate\\Routing\\Router->runRouteWithinStack(Object(Illuminate\\Routing\\Route), Object(Illuminate\\Http\\Request))
#17 /Users/mariopazmino/Desktop/springboot/app/contabilidad-backend/vendor/laravel/framework/src/Illuminate/Routing/Router.php(764): Illuminate\\Routing\\Router->runRoute(Object(Illuminate\\Http\\Request), Object(Illuminate\\Routing\\Route))
#18 /Users/mariopazmino/Desktop/springboot/app/contabilidad-backend/vendor/laravel/framework/src/Illuminate/Routing/Router.php(753): Illuminate\\Routing\\Router->dispatchToRoute(Object(Illuminate\\Http\\Request))
#19 /Users/mariopazmino/Desktop/springboot/app/contabilidad-backend/vendor/laravel/framework/src/Illuminate/Foundation/Http/Kernel.php(200): Illuminate\\Routing\\Router->dispatch(Object(Illuminate\\Http\\Request))
#20 /Users/mariopazmino/Desktop/springboot/app/contabilidad-backend/vendor/laravel/framework/src/Illuminate/Pipeline/Pipeline.php(180): Illuminate\\Foundation\\Http\\Kernel->{closure:Illuminate\\Foundation\\Http\\Kernel::dispatchToRouter():197}(Object(Illuminate\\Http\\Request))
#21 /Users/mariopazmino/Desktop/springboot/app/contabilidad-backend/vendor/laravel/framework/src/Illuminate/Foundation/Http/Middleware/TransformsRequest.php(21): Illuminate\\Pipeline\\Pipeline->{closure:Illuminate\\Pipeline\\Pipeline::prepareDestination():178}(Object(Illuminate\\Http\\Request))
#22 /Users/mariopazmino/Desktop/springboot/app/contabilidad-backend/vendor/laravel/framework/src/Illuminate/Foundation/Http/Middleware/ConvertEmptyStringsToNull.php(31): Illuminate\\Foundation\\Http\\Middleware\\TransformsRequest->handle(Object(Illuminate\\Http\\Request), Object(Closure))
#23 /Users/mariopazmino/Desktop/springboot/app/contabilidad-backend/vendor/laravel/framework/src/Illuminate/Pipeline/Pipeline.php(219): Illuminate\\Foundation\\Http\\Middleware\\ConvertEmptyStringsToNull->handle(Object(Illuminate\\Http\\Request), Object(Closure))
#24 /Users/mariopazmino/Desktop/springboot/app/contabilidad-backend/vendor/laravel/framework/src/Illuminate/Foundation/Http/Middleware/TransformsRequest.php(21): Illuminate\\Pipeline\\Pipeline->{closure:{closure:Illuminate\\Pipeline\\Pipeline::carry():194}:195}(Object(Illuminate\\Http\\Request))
#25 /Users/mariopazmino/Desktop/springboot/app/contabilidad-backend/vendor/laravel/framework/src/Illuminate/Foundation/Http/Middleware/TrimStrings.php(51): Illuminate\\Foundation\\Http\\Middleware\\TransformsRequest->handle(Object(Illuminate\\Http\\Request), Object(Closure))
#26 /Users/mariopazmino/Desktop/springboot/app/contabilidad-backend/vendor/laravel/framework/src/Illuminate/Pipeline/Pipeline.php(219): Illuminate\\Foundation\\Http\\Middleware\\TrimStrings->handle(Object(Illuminate\\Http\\Request), Object(Closure))
#27 /Users/mariopazmino/Desktop/springboot/app/contabilidad-backend/vendor/laravel/framework/src/Illuminate/Http/Middleware/ValidatePostSize.php(27): Illuminate\\Pipeline\\Pipeline->{closure:{closure:Illuminate\\Pipeline\\Pipeline::carry():194}:195}(Object(Illuminate\\Http\\Request))
#28 /Users/mariopazmino/Desktop/springboot/app/contabilidad-backend/vendor/laravel/framework/src/Illuminate/Pipeline/Pipeline.php(219): Illuminate\\Http\\Middleware\\ValidatePostSize->handle(Object(Illuminate\\Http\\Request), Object(Closure))
#29 /Users/mariopazmino/Desktop/springboot/app/contabilidad-backend/vendor/laravel/framework/src/Illuminate/Foundation/Http/Middleware/PreventRequestsDuringMaintenance.php(109): Illuminate\\Pipeline\\Pipeline->{closure:{closure:Illuminate\\Pipeline\\Pipeline::carry():194}:195}(Object(Illuminate\\Http\\Request))
#30 /Users/mariopazmino/Desktop/springboot/app/contabilidad-backend/vendor/laravel/framework/src/Illuminate/Pipeline/Pipeline.php(219): Illuminate\\Foundation\\Http\\Middleware\\PreventRequestsDuringMaintenance->handle(Object(Illuminate\\Http\\Request), Object(Closure))
#31 /Users/mariopazmino/Desktop/springboot/app/contabilidad-backend/vendor/laravel/framework/src/Illuminate/Http/Middleware/HandleCors.php(74): Illuminate\\Pipeline\\Pipeline->{closure:{closure:Illuminate\\Pipeline\\Pipeline::carry():194}:195}(Object(Illuminate\\Http\\Request))
#32 /Users/mariopazmino/Desktop/springboot/app/contabilidad-backend/vendor/laravel/framework/src/Illuminate/Pipeline/Pipeline.php(219): Illuminate\\Http\\Middleware\\HandleCors->handle(Object(Illuminate\\Http\\Request), Object(Closure))
#33 /Users/mariopazmino/Desktop/springboot/app/contabilidad-backend/vendor/laravel/framework/src/Illuminate/Http/Middleware/TrustProxies.php(58): Illuminate\\Pipeline\\Pipeline->{closure:{closure:Illuminate\\Pipeline\\Pipeline::carry():194}:195}(Object(Illuminate\\Http\\Request))
#34 /Users/mariopazmino/Desktop/springboot/app/contabilidad-backend/vendor/laravel/framework/src/Illuminate/Pipeline/Pipeline.php(219): Illuminate\\Http\\Middleware\\TrustProxies->handle(Object(Illuminate\\Http\\Request), Object(Closure))
#35 /Users/mariopazmino/Desktop/springboot/app/contabilidad-backend/vendor/laravel/framework/src/Illuminate/Foundation/Http/Middleware/InvokeDeferredCallbacks.php(22): Illuminate\\Pipeline\\Pipeline->{closure:{closure:Illuminate\\Pipeline\\Pipeline::carry():194}:195}(Object(Illuminate\\Http\\Request))
#36 /Users/mariopazmino/Desktop/springboot/app/contabilidad-backend/vendor/laravel/framework/src/Illuminate/Pipeline/Pipeline.php(219): Illuminate\\Foundation\\Http\\Middleware\\InvokeDeferredCallbacks->handle(Object(Illuminate\\Http\\Request), Object(Closure))
#37 /Users/mariopazmino/Desktop/springboot/app/contabilidad-backend/vendor/laravel/framework/src/Illuminate/Http/Middleware/ValidatePathEncoding.php(28): Illuminate\\Pipeline\\Pipeline->{closure:{closure:Illuminate\\Pipeline\\Pipeline::carry():194}:195}(Object(Illuminate\\Http\\Request))
#38 /Users/mariopazmino/Desktop/springboot/app/contabilidad-backend/vendor/laravel/framework/src/Illuminate/Pipeline/Pipeline.php(219): Illuminate\\Http\\Middleware\\ValidatePathEncoding->handle(Object(Illuminate\\Http\\Request), Object(Closure))
#39 /Users/mariopazmino/Desktop/springboot/app/contabilidad-backend/vendor/laravel/framework/src/Illuminate/Pipeline/Pipeline.php(137): Illuminate\\Pipeline\\Pipeline->{closure:{closure:Illuminate\\Pipeline\\Pipeline::carry():194}:195}(Object(Illuminate\\Http\\Request))
#40 /Users/mariopazmino/Desktop/springboot/app/contabilidad-backend/vendor/laravel/framework/src/Illuminate/Foundation/Http/Kernel.php(175): Illuminate\\Pipeline\\Pipeline->then(Object(Closure))
#41 /Users/mariopazmino/Desktop/springboot/app/contabilidad-backend/vendor/laravel/framework/src/Illuminate/Foundation/Http/Kernel.php(144): Illuminate\\Foundation\\Http\\Kernel->sendRequestThroughRouter(Object(Illuminate\\Http\\Request))
#42 /Users/mariopazmino/Desktop/springboot/app/contabilidad-backend/vendor/laravel/framework/src/Illuminate/Foundation/Application.php(1220): Illuminate\\Foundation\\Http\\Kernel->handle(Object(Illuminate\\Http\\Request))
#43 /Users/mariopazmino/Desktop/springboot/app/contabilidad-backend/public/index.php(20): Illuminate\\Foundation\\Application->handleRequest(Object(Illuminate\\Http\\Request))
#44 /Users/mariopazmino/Desktop/springboot/app/contabilidad-backend/vendor/laravel/framework/src/Illuminate/Foundation/resources/server.php(23): require_once('/Users/mariopaz...')
#45 {main}

[previous exception] [object] (Illuminate\\Database\\SQLiteDatabaseDoesNotExistException(code: 0): Database file at path [/Users/mariopazmino/Desktop/app/contabilidad-backend/database/database.sqlite] does not exist. Ensure this is an absolute path to the database. at /Users/mariopazmino/Desktop/springboot/app/contabilidad-backend/vendor/laravel/framework/src/Illuminate/Database/Connectors/SQLiteConnector.php:61)
[stacktrace]
#0 /Users/mariopazmino/Desktop/springboot/app/contabilidad-backend/vendor/laravel/framework/src/Illuminate/Database/Connectors/SQLiteConnector.php(19): Illuminate\\Database\\Connectors\\SQLiteConnector->parseDatabasePath(false)
#1 /Users/mariopazmino/Desktop/springboot/app/contabilidad-backend/vendor/laravel/framework/src/Illuminate/Database/Connectors/ConnectionFactory.php(259): Illuminate\\Database\\Connectors\\SQLiteConnector->connect(Array)
#2 [internal function]: Illuminate\\Database\\Connectors\\ConnectionFactory->{closure:Illuminate\\Database\\Connectors\\ConnectionFactory::createPdoResolverWithoutHosts():259}()
#3 /Users/mariopazmino/Desktop/springboot/app/contabilidad-backend/vendor/laravel/framework/src/Illuminate/Database/Connection.php(1297): call_user_func(Object(Closure))
#4 /Users/mariopazmino/Desktop/springboot/app/contabilidad-backend/vendor/laravel/framework/src/Illuminate/Database/Connection.php(1335): Illuminate\\Database\\Connection->getPdo()
#5 /Users/mariopazmino/Desktop/springboot/app/contabilidad-backend/vendor/laravel/framework/src/Illuminate/Database/Connection.php(542): Illuminate\\Database\\Connection->getReadPdo()
#6 /Users/mariopazmino/Desktop/springboot/app/contabilidad-backend/vendor/laravel/framework/src/Illuminate/Database/Connection.php(435): Illuminate\\Database\\Connection->getPdoForSelect(true)
#7 /Users/mariopazmino/Desktop/springboot/app/contabilidad-backend/vendor/laravel/framework/src/Illuminate/Database/Connection.php(846): Illuminate\\Database\\Connection->{closure:Illuminate\\Database\\Connection::select():426}('select * from \"...', Array)
#8 /Users/mariopazmino/Desktop/springboot/app/contabilidad-backend/vendor/laravel/framework/src/Illuminate/Database/Connection.php(813): Illuminate\\Database\\Connection->runQueryCallback('select * from \"...', Array, Object(Closure))
#9 /Users/mariopazmino/Desktop/springboot/app/contabilidad-backend/vendor/laravel/framework/src/Illuminate/Database/Connection.php(426): Illuminate\\Database\\Connection->run('select * from \"...', Array, Object(Closure))
#10 /Users/mariopazmino/Desktop/springboot/app/contabilidad-backend/vendor/laravel/framework/src/Illuminate/Database/Query/Builder.php(3573): Illuminate\\Database\\Connection->select('select * from \"...', Array, true, Array)
#11 /Users/mariopazmino/Desktop/springboot/app/contabilidad-backend/vendor/laravel/framework/src/Illuminate/Database/Query/Builder.php(3557): Illuminate\\Database\\Query\\Builder->runSelect()
#12 /Users/mariopazmino/Desktop/springboot/app/contabilidad-backend/vendor/laravel/framework/src/Illuminate/Cache/DatabaseStore.php(142): Illuminate\\Database\\Query\\Builder->get()
#13 /Users/mariopazmino/Desktop/springboot/app/contabilidad-backend/vendor/laravel/framework/src/Illuminate/Cache/DatabaseStore.php(117): Illuminate\\Cache\\DatabaseStore->many(Array)
#14 /Users/mariopazmino/Desktop/springboot/app/contabilidad-backend/vendor/laravel/framework/src/Illuminate/Cache/Repository.php(138): Illuminate\\Cache\\DatabaseStore->get('5c785c036466ade...')
#15 /Users/mariopazmino/Desktop/springboot/app/contabilidad-backend/vendor/laravel/framework/src/Illuminate/Cache/RateLimiter.php(206): Illuminate\\Cache\\Repository->get('5c785c036466ade...', 0)
#16 /Users/mariopazmino/Desktop/springboot/app/contabilidad-backend/vendor/laravel/framework/src/Illuminate/Cache/RateLimiter.php(302): Illuminate\\Cache\\RateLimiter->{closure:Illuminate\\Cache\\RateLimiter::attempts():206}()
#17 /Users/mariopazmino/Desktop/springboot/app/contabilidad-backend/vendor/laravel/framework/src/Illuminate/Cache/RateLimiter.php(206): Illuminate\\Cache\\RateLimiter->withoutSerializationOrCompression(Object(Closure))
#18 /Users/mariopazmino/Desktop/springboot/app/contabilidad-backend/vendor/laravel/framework/src/Illuminate/Cache/RateLimiter.php(129): Illuminate\\Cache\\RateLimiter->attempts('5c785c036466ade...')
#19 /Users/mariopazmino/Desktop/springboot/app/contabilidad-backend/vendor/laravel/framework/src/Illuminate/Routing/Middleware/ThrottleRequests.php(157): Illuminate\\Cache\\RateLimiter->tooManyAttempts('5c785c036466ade...', 5)
#20 /Users/mariopazmino/Desktop/springboot/app/contabilidad-backend/vendor/laravel/framework/src/Illuminate/Routing/Middleware/ThrottleRequests.php(93): Illuminate\\Routing\\Middleware\\ThrottleRequests->handleRequest(Object(Illuminate\\Http\\Request), Object(Closure), Array)
#21 /Users/mariopazmino/Desktop/springboot/app/contabilidad-backend/vendor/laravel/framework/src/Illuminate/Pipeline/Pipeline.php(219): Illuminate\\Routing\\Middleware\\ThrottleRequests->handle(Object(Illuminate\\Http\\Request), Object(Closure), '5', '1')
#22 /Users/mariopazmino/Desktop/springboot/app/contabilidad-backend/vendor/laravel/framework/src/Illuminate/Pipeline/Pipeline.php(137): Illuminate\\Pipeline\\Pipeline->{closure:{closure:Illuminate\\Pipeline\\Pipeline::carry():194}:195}(Object(Illuminate\\Http\\Request))
#23 /Users/mariopazmino/Desktop/springboot/app/contabilidad-backend/vendor/laravel/framework/src/Illuminate/Routing/Router.php(821): Illuminate\\Pipeline\\Pipeline->then(Object(Closure))
#24 /Users/mariopazmino/Desktop/springboot/app/contabilidad-backend/vendor/laravel/framework/src/Illuminate/Routing/Router.php(800): Illuminate\\Routing\\Router->runRouteWithinStack(Object(Illuminate\\Routing\\Route), Object(Illuminate\\Http\\Request))
#25 /Users/mariopazmino/Desktop/springboot/app/contabilidad-backend/vendor/laravel/framework/src/Illuminate/Routing/Router.php(764): Illuminate\\Routing\\Router->runRoute(Object(Illuminate\\Http\\Request), Object(Illuminate\\Routing\\Route))
#26 /Users/mariopazmino/Desktop/springboot/app/contabilidad-backend/vendor/laravel/framework/src/Illuminate/Routing/Router.php(753): Illuminate\\Routing\\Router->dispatchToRoute(Object(Illuminate\\Http\\Request))
#27 /Users/mariopazmino/Desktop/springboot/app/contabilidad-backend/vendor/laravel/framework/src/Illuminate/Foundation/Http/Kernel.php(200): Illuminate\\Routing\\Router->dispatch(Object(Illuminate\\Http\\Request))
#28 /Users/mariopazmino/Desktop/springboot/app/contabilidad-backend/vendor/laravel/framework/src/Illuminate/Pipeline/Pipeline.php(180): Illuminate\\Foundation\\Http\\Kernel->{closure:Illuminate\\Foundation\\Http\\Kernel::dispatchToRouter():197}(Object(Illuminate\\Http\\Request))
#29 /Users/mariopazmino/Desktop/springboot/app/contabilidad-backend/vendor/laravel/framework/src/Illuminate/Foundation/Http/Middleware/TransformsRequest.php(21): Illuminate\\Pipeline\\Pipeline->{closure:Illuminate\\Pipeline\\Pipeline::prepareDestination():178}(Object(Illuminate\\Http\\Request))
#30 /Users/mariopazmino/Desktop/springboot/app/contabilidad-backend/vendor/laravel/framework/src/Illuminate/Foundation/Http/Middleware/ConvertEmptyStringsToNull.php(31): Illuminate\\Foundation\\Http\\Middleware\\TransformsRequest->handle(Object(Illuminate\\Http\\Request), Object(Closure))
#31 /Users/mariopazmino/Desktop/springboot/app/contabilidad-backend/vendor/laravel/framework/src/Illuminate/Pipeline/Pipeline.php(219): Illuminate\\Foundation\\Http\\Middleware\\ConvertEmptyStringsToNull->handle(Object(Illuminate\\Http\\Request), Object(Closure))
#32 /Users/mariopazmino/Desktop/springboot/app/contabilidad-backend/vendor/laravel/framework/src/Illuminate/Foundation/Http/Middleware/TransformsRequest.php(21): Illuminate\\Pipeline\\Pipeline->{closure:{closure:Illuminate\\Pipeline\\Pipeline::carry():194}:195}(Object(Illuminate\\Http\\Request))
#33 /Users/mariopazmino/Desktop/springboot/app/contabilidad-backend/vendor/laravel/framework/src/Illuminate/Foundation/Http/Middleware/TrimStrings.php(51): Illuminate\\Foundation\\Http\\Middleware\\TransformsRequest->handle(Object(Illuminate\\Http\\Request), Object(Closure))
#34 /Users/mariopazmino/Desktop/springboot/app/contabilidad-backend/vendor/laravel/framework/src/Illuminate/Pipeline/Pipeline.php(219): Illuminate\\Foundation\\Http\\Middleware\\TrimStrings->handle(Object(Illuminate\\Http\\Request), Object(Closure))
#35 /Users/mariopazmino/Desktop/springboot/app/contabilidad-backend/vendor/laravel/framework/src/Illuminate/Http/Middleware/ValidatePostSize.php(27): Illuminate\\Pipeline\\Pipeline->{closure:{closure:Illuminate\\Pipeline\\Pipeline::carry():194}:195}(Object(Illuminate\\Http\\Request))
#36 /Users/mariopazmino/Desktop/springboot/app/contabilidad-backend/vendor/laravel/framework/src/Illuminate/Pipeline/Pipeline.php(219): Illuminate\\Http\\Middleware\\ValidatePostSize->handle(Object(Illuminate\\Http\\Request), Object(Closure))
#37 /Users/mariopazmino/Desktop/springboot/app/contabilidad-backend/vendor/laravel/framework/src/Illuminate/Foundation/Http/Middleware/PreventRequestsDuringMaintenance.php(109): Illuminate\\Pipeline\\Pipeline->{closure:{closure:Illuminate\\Pipeline\\Pipeline::carry():194}:195}(Object(Illuminate\\Http\\Request))
#38 /Users/mariopazmino/Desktop/springboot/app/contabilidad-backend/vendor/laravel/framework/src/Illuminate/Pipeline/Pipeline.php(219): Illuminate\\Foundation\\Http\\Middleware\\PreventRequestsDuringMaintenance->handle(Object(Illuminate\\Http\\Request), Object(Closure))
#39 /Users/mariopazmino/Desktop/springboot/app/contabilidad-backend/vendor/laravel/framework/src/Illuminate/Http/Middleware/HandleCors.php(74): Illuminate\\Pipeline\\Pipeline->{closure:{closure:Illuminate\\Pipeline\\Pipeline::carry():194}:195}(Object(Illuminate\\Http\\Request))
#40 /Users/mariopazmino/Desktop/springboot/app/contabilidad-backend/vendor/laravel/framework/src/Illuminate/Pipeline/Pipeline.php(219): Illuminate\\Http\\Middleware\\HandleCors->handle(Object(Illuminate\\Http\\Request), Object(Closure))
#41 /Users/mariopazmino/Desktop/springboot/app/contabilidad-backend/vendor/laravel/framework/src/Illuminate/Http/Middleware/TrustProxies.php(58): Illuminate\\Pipeline\\Pipeline->{closure:{closure:Illuminate\\Pipeline\\Pipeline::carry():194}:195}(Object(Illuminate\\Http\\Request))
#42 /Users/mariopazmino/Desktop/springboot/app/contabilidad-backend/vendor/laravel/framework/src/Illuminate/Pipeline/Pipeline.php(219): Illuminate\\Http\\Middleware\\TrustProxies->handle(Object(Illuminate\\Http\\Request), Object(Closure))
#43 /Users/mariopazmino/Desktop/springboot/app/contabilidad-backend/vendor/laravel/framework/src/Illuminate/Foundation/Http/Middleware/InvokeDeferredCallbacks.php(22): Illuminate\\Pipeline\\Pipeline->{closure:{closure:Illuminate\\Pipeline\\Pipeline::carry():194}:195}(Object(Illuminate\\Http\\Request))
#44 /Users/mariopazmino/Desktop/springboot/app/contabilidad-backend/vendor/laravel/framework/src/Illuminate/Pipeline/Pipeline.php(219): Illuminate\\Foundation\\Http\\Middleware\\InvokeDeferredCallbacks->handle(Object(Illuminate\\Http\\Request), Object(Closure))
#45 /Users/mariopazmino/Desktop/springboot/app/contabilidad-backend/vendor/laravel/framework/src/Illuminate/Http/Middleware/ValidatePathEncoding.php(28): Illuminate\\Pipeline\\Pipeline->{closure:{closure:Illuminate\\Pipeline\\Pipeline::carry():194}:195}(Object(Illuminate\\Http\\Request))
#46 /Users/mariopazmino/Desktop/springboot/app/contabilidad-backend/vendor/laravel/framework/src/Illuminate/Pipeline/Pipeline.php(219): Illuminate\\Http\\Middleware\\ValidatePathEncoding->handle(Object(Illuminate\\Http\\Request), Object(Closure))
#47 /Users/mariopazmino/Desktop/springboot/app/contabilidad-backend/vendor/laravel/framework/src/Illuminate/Pipeline/Pipeline.php(137): Illuminate\\Pipeline\\Pipeline->{closure:{closure:Illuminate\\Pipeline\\Pipeline::carry():194}:195}(Object(Illuminate\\Http\\Request))
#48 /Users/mariopazmino/Desktop/springboot/app/contabilidad-backend/vendor/laravel/framework/src/Illuminate/Foundation/Http/Kernel.php(175): Illuminate\\Pipeline\\Pipeline->then(Object(Closure))
#49 /Users/mariopazmino/Desktop/springboot/app/contabilidad-backend/vendor/laravel/framework/src/Illuminate/Foundation/Http/Kernel.php(144): Illuminate\\Foundation\\Http\\Kernel->sendRequestThroughRouter(Object(Illuminate\\Http\\Request))
#50 /Users/mariopazmino/Desktop/springboot/app/contabilidad-backend/vendor/laravel/framework/src/Illuminate/Foundation/Application.php(1220): Illuminate\\Foundation\\Http\\Kernel->handle(Object(Illuminate\\Http\\Request))
#51 /Users/mariopazmino/Desktop/springboot/app/contabilidad-backend/public/index.php(20): Illuminate\\Foundation\\Application->handleRequest(Object(Illuminate\\Http\\Request))
#52 /Users/mariopazmino/Desktop/springboot/app/contabilidad-backend/vendor/laravel/framework/src/Illuminate/Foundation/resources/server.php(23): require_once('/Users/mariopaz...')
#53 {main}
"} 
[2026-07-14 23:55:49] local.ERROR: Database file at path [/Users/mariopazmino/Desktop/app/contabilidad-backend/database/database.sqlite] does not exist. Ensure this is an absolute path to the database. (Connection: sqlite, Database: /Users/mariopazmino/Desktop/app/contabilidad-backend/database/database.sqlite, SQL: select * from "cache" where "key" in (laravel-cache-5c785c036466adea360111aa28563bfd556b5fba)) {"exception":"[object] (Illuminate\\Database\\QueryException(code: 0): Database file at path [/Users/mariopazmino/Desktop/app/contabilidad-backend/database/database.sqlite] does not exist. Ensure this is an absolute path to the database. (Connection: sqlite, Database: /Users/mariopazmino/Desktop/app/contabilidad-backend/database/database.sqlite, SQL: select * from \"cache\" where \"key\" in (laravel-cache-5c785c036466adea360111aa28563bfd556b5fba)) at /Users/mariopazmino/Desktop/springboot/app/contabilidad-backend/vendor/laravel/framework/src/Illuminate/Database/Connection.php:857)
[stacktrace]
#0 /Users/mariopazmino/Desktop/springboot/app/contabilidad-backend/vendor/laravel/framework/src/Illuminate/Database/Connection.php(813): Illuminate\\Database\\Connection->runQueryCallback('select * from \"...', Array, Object(Closure))
#1 /Users/mariopazmino/Desktop/springboot/app/contabilidad-backend/vendor/laravel/framework/src/Illuminate/Database/Connection.php(426): Illuminate\\Database\\Connection->run('select * from \"...', Array, Object(Closure))
#2 /Users/mariopazmino/Desktop/springboot/app/contabilidad-backend/vendor/laravel/framework/src/Illuminate/Database/Query/Builder.php(3573): Illuminate\\Database\\Connection->select('select * from \"...', Array, true, Array)
#3 /Users/mariopazmino/Desktop/springboot/app/contabilidad-backend/vendor/laravel/framework/src/Illuminate/Database/Query/Builder.php(3557): Illuminate\\Database\\Query\\Builder->runSelect()
#4 /Users/mariopazmino/Desktop/springboot/app/contabilidad-backend/vendor/laravel/framework/src/Illuminate/Cache/DatabaseStore.php(142): Illuminate\\Database\\Query\\Builder->get()
#5 /Users/mariopazmino/Desktop/springboot/app/contabilidad-backend/vendor/laravel/framework/src/Illuminate/Cache/DatabaseStore.php(117): Illuminate\\Cache\\DatabaseStore->many(Array)
#6 /Users/mariopazmino/Desktop/springboot/app/contabilidad-backend/vendor/laravel/framework/src/Illuminate/Cache/Repository.php(138): Illuminate\\Cache\\DatabaseStore->get('5c785c036466ade...')
#7 /Users/mariopazmino/Desktop/springboot/app/contabilidad-backend/vendor/laravel/framework/src/Illuminate/Cache/RateLimiter.php(206): Illuminate\\Cache\\Repository->get('5c785c036466ade...', 0)
#8 /Users/mariopazmino/Desktop/springboot/app/contabilidad-backend/vendor/laravel/framework/src/Illuminate/Cache/RateLimiter.php(302): Illuminate\\Cache\\RateLimiter->{closure:Illuminate\\Cache\\RateLimiter::attempts():206}()
#9 /Users/mariopazmino/Desktop/springboot/app/contabilidad-backend/vendor/laravel/framework/src/Illuminate/Cache/RateLimiter.php(206): Illuminate\\Cache\\RateLimiter->withoutSerializationOrCompression(Object(Closure))
#10 /Users/mariopazmino/Desktop/springboot/app/contabilidad-backend/vendor/laravel/framework/src/Illuminate/Cache/RateLimiter.php(129): Illuminate\\Cache\\RateLimiter->attempts('5c785c036466ade...')
#11 /Users/mariopazmino/Desktop/springboot/app/contabilidad-backend/vendor/laravel/framework/src/Illuminate/Routing/Middleware/ThrottleRequests.php(157): Illuminate\\Cache\\RateLimiter->tooManyAttempts('5c785c036466ade...', 5)
#12 /Users/mariopazmino/Desktop/springboot/app/contabilidad-backend/vendor/laravel/framework/src/Illuminate/Routing/Middleware/ThrottleRequests.php(93): Illuminate\\Routing\\Middleware\\ThrottleRequests->handleRequest(Object(Illuminate\\Http\\Request), Object(Closure), Array)
#13 /Users/mariopazmino/Desktop/springboot/app/contabilidad-backend/vendor/laravel/framework/src/Illuminate/Pipeline/Pipeline.php(219): Illuminate\\Routing\\Middleware\\ThrottleRequests->handle(Object(Illuminate\\Http\\Request), Object(Closure), '5', '1')
#14 /Users/mariopazmino/Desktop/springboot/app/contabilidad-backend/vendor/laravel/framework/src/Illuminate/Pipeline/Pipeline.php(137): Illuminate\\Pipeline\\Pipeline->{closure:{closure:Illuminate\\Pipeline\\Pipeline::carry():194}:195}(Object(Illuminate\\Http\\Request))
#15 /Users/mariopazmino/Desktop/springboot/app/contabilidad-backend/vendor/laravel/framework/src/Illuminate/Routing/Router.php(821): Illuminate\\Pipeline\\Pipeline->then(Object(Closure))
#16 /Users/mariopazmino/Desktop/springboot/app/contabilidad-backend/vendor/laravel/framework/src/Illuminate/Routing/Router.php(800): Illuminate\\Routing\\Router->runRouteWithinStack(Object(Illuminate\\Routing\\Route), Object(Illuminate\\Http\\Request))
#17 /Users/mariopazmino/Desktop/springboot/app/contabilidad-backend/vendor/laravel/framework/src/Illuminate/Routing/Router.php(764): Illuminate\\Routing\\Router->runRoute(Object(Illuminate\\Http\\Request), Object(Illuminate\\Routing\\Route))
#18 /Users/mariopazmino/Desktop/springboot/app/contabilidad-backend/vendor/laravel/framework/src/Illuminate/Routing/Router.php(753): Illuminate\\Routing\\Router->dispatchToRoute(Object(Illuminate\\Http\\Request))
#19 /Users/mariopazmino/Desktop/springboot/app/contabilidad-backend/vendor/laravel/framework/src/Illuminate/Foundation/Http/Kernel.php(200): Illuminate\\Routing\\Router->dispatch(Object(Illuminate\\Http\\Request))
#20 /Users/mariopazmino/Desktop/springboot/app/contabilidad-backend/vendor/laravel/framework/src/Illuminate/Pipeline/Pipeline.php(180): Illuminate\\Foundation\\Http\\Kernel->{closure:Illuminate\\Foundation\\Http\\Kernel::dispatchToRouter():197}(Object(Illuminate\\Http\\Request))
#21 /Users/mariopazmino/Desktop/springboot/app/contabilidad-backend/vendor/laravel/framework/src/Illuminate/Foundation/Http/Middleware/TransformsRequest.php(21): Illuminate\\Pipeline\\Pipeline->{closure:Illuminate\\Pipeline\\Pipeline::prepareDestination():178}(Object(Illuminate\\Http\\Request))
#22 /Users/mariopazmino/Desktop/springboot/app/contabilidad-backend/vendor/laravel/framework/src/Illuminate/Foundation/Http/Middleware/ConvertEmptyStringsToNull.php(31): Illuminate\\Foundation\\Http\\Middleware\\TransformsRequest->handle(Object(Illuminate\\Http\\Request), Object(Closure))
#23 /Users/mariopazmino/Desktop/springboot/app/contabilidad-backend/vendor/laravel/framework/src/Illuminate/Pipeline/Pipeline.php(219): Illuminate\\Foundation\\Http\\Middleware\\ConvertEmptyStringsToNull->handle(Object(Illuminate\\Http\\Request), Object(Closure))
#24 /Users/mariopazmino/Desktop/springboot/app/contabilidad-backend/vendor/laravel/framework/src/Illuminate/Foundation/Http/Middleware/TransformsRequest.php(21): Illuminate\\Pipeline\\Pipeline->{closure:{closure:Illuminate\\Pipeline\\Pipeline::carry():194}:195}(Object(Illuminate\\Http\\Request))
#25 /Users/mariopazmino/Desktop/springboot/app/contabilidad-backend/vendor/laravel/framework/src/Illuminate/Foundation/Http/Middleware/TrimStrings.php(51): Illuminate\\Foundation\\Http\\Middleware\\TransformsRequest->handle(Object(Illuminate\\Http\\Request), Object(Closure))
#26 /Users/mariopazmino/Desktop/springboot/app/contabilidad-backend/vendor/laravel/framework/src/Illuminate/Pipeline/Pipeline.php(219): Illuminate\\Foundation\\Http\\Middleware\\TrimStrings->handle(Object(Illuminate\\Http\\Request), Object(Closure))
#27 /Users/mariopazmino/Desktop/springboot/app/contabilidad-backend/vendor/laravel/framework/src/Illuminate/Http/Middleware/ValidatePostSize.php(27): Illuminate\\Pipeline\\Pipeline->{closure:{closure:Illuminate\\Pipeline\\Pipeline::carry():194}:195}(Object(Illuminate\\Http\\Request))
#28 /Users/mariopazmino/Desktop/springboot/app/contabilidad-backend/vendor/laravel/framework/src/Illuminate/Pipeline/Pipeline.php(219): Illuminate\\Http\\Middleware\\ValidatePostSize->handle(Object(Illuminate\\Http\\Request), Object(Closure))
#29 /Users/mariopazmino/Desktop/springboot/app/contabilidad-backend/vendor/laravel/framework/src/Illuminate/Foundation/Http/Middleware/PreventRequestsDuringMaintenance.php(109): Illuminate\\Pipeline\\Pipeline->{closure:{closure:Illuminate\\Pipeline\\Pipeline::carry():194}:195}(Object(Illuminate\\Http\\Request))
#30 /Users/mariopazmino/Desktop/springboot/app/contabilidad-backend/vendor/laravel/framework/src/Illuminate/Pipeline/Pipeline.php(219): Illuminate\\Foundation\\Http\\Middleware\\PreventRequestsDuringMaintenance->handle(Object(Illuminate\\Http\\Request), Object(Closure))
#31 /Users/mariopazmino/Desktop/springboot/app/contabilidad-backend/vendor/laravel/framework/src/Illuminate/Http/Middleware/HandleCors.php(74): Illuminate\\Pipeline\\Pipeline->{closure:{closure:Illuminate\\Pipeline\\Pipeline::carry():194}:195}(Object(Illuminate\\Http\\Request))
#32 /Users/mariopazmino/Desktop/springboot/app/contabilidad-backend/vendor/laravel/framework/src/Illuminate/Pipeline/Pipeline.php(219): Illuminate\\Http\\Middleware\\HandleCors->handle(Object(Illuminate\\Http\\Request), Object(Closure))
#33 /Users/mariopazmino/Desktop/springboot/app/contabilidad-backend/vendor/laravel/framework/src/Illuminate/Http/Middleware/TrustProxies.php(58): Illuminate\\Pipeline\\Pipeline->{closure:{closure:Illuminate\\Pipeline\\Pipeline::carry():194}:195}(Object(Illuminate\\Http\\Request))
#34 /Users/mariopazmino/Desktop/springboot/app/contabilidad-backend/vendor/laravel/framework/src/Illuminate/Pipeline/Pipeline.php(219): Illuminate\\Http\\Middleware\\TrustProxies->handle(Object(Illuminate\\Http\\Request), Object(Closure))
#35 /Users/mariopazmino/Desktop/springboot/app/contabilidad-backend/vendor/laravel/framework/src/Illuminate/Foundation/Http/Middleware/InvokeDeferredCallbacks.php(22): Illuminate\\Pipeline\\Pipeline->{closure:{closure:Illuminate\\Pipeline\\Pipeline::carry():194}:195}(Object(Illuminate\\Http\\Request))
#36 /Users/mariopazmino/Desktop/springboot/app/contabilidad-backend/vendor/laravel/framework/src/Illuminate/Pipeline/Pipeline.php(219): Illuminate\\Foundation\\Http\\Middleware\\InvokeDeferredCallbacks->handle(Object(Illuminate\\Http\\Request), Object(Closure))
#37 /Users/mariopazmino/Desktop/springboot/app/contabilidad-backend/vendor/laravel/framework/src/Illuminate/Http/Middleware/ValidatePathEncoding.php(28): Illuminate\\Pipeline\\Pipeline->{closure:{closure:Illuminate\\Pipeline\\Pipeline::carry():194}:195}(Object(Illuminate\\Http\\Request))
#38 /Users/mariopazmino/Desktop/springboot/app/contabilidad-backend/vendor/laravel/framework/src/Illuminate/Pipeline/Pipeline.php(219): Illuminate\\Http\\Middleware\\ValidatePathEncoding->handle(Object(Illuminate\\Http\\Request), Object(Closure))
#39 /Users/mariopazmino/Desktop/springboot/app/contabilidad-backend/vendor/laravel/framework/src/Illuminate/Pipeline/Pipeline.php(137): Illuminate\\Pipeline\\Pipeline->{closure:{closure:Illuminate\\Pipeline\\Pipeline::carry():194}:195}(Object(Illuminate\\Http\\Request))
#40 /Users/mariopazmino/Desktop/springboot/app/contabilidad-backend/vendor/laravel/framework/src/Illuminate/Foundation/Http/Kernel.php(175): Illuminate\\Pipeline\\Pipeline->then(Object(Closure))
#41 /Users/mariopazmino/Desktop/springboot/app/contabilidad-backend/vendor/laravel/framework/src/Illuminate/Foundation/Http/Kernel.php(144): Illuminate\\Foundation\\Http\\Kernel->sendRequestThroughRouter(Object(Illuminate\\Http\\Request))
#42 /Users/mariopazmino/Desktop/springboot/app/contabilidad-backend/vendor/laravel/framework/src/Illuminate/Foundation/Application.php(1220): Illuminate\\Foundation\\Http\\Kernel->handle(Object(Illuminate\\Http\\Request))
#43 /Users/mariopazmino/Desktop/springboot/app/contabilidad-backend/public/index.php(20): Illuminate\\Foundation\\Application->handleRequest(Object(Illuminate\\Http\\Request))
#44 /Users/mariopazmino/Desktop/springboot/app/contabilidad-backend/vendor/laravel/framework/src/Illuminate/Foundation/resources/server.php(23): require_once('/Users/mariopaz...')
#45 {main}

[previous exception] [object] (Illuminate\\Database\\SQLiteDatabaseDoesNotExistException(code: 0): Database file at path [/Users/mariopazmino/Desktop/app/contabilidad-backend/database/database.sqlite] does not exist. Ensure this is an absolute path to the database. at /Users/mariopazmino/Desktop/springboot/app/contabilidad-backend/vendor/laravel/framework/src/Illuminate/Database/Connectors/SQLiteConnector.php:61)
[stacktrace]
#0 /Users/mariopazmino/Desktop/springboot/app/contabilidad-backend/vendor/laravel/framework/src/Illuminate/Database/Connectors/SQLiteConnector.php(19): Illuminate\\Database\\Connectors\\SQLiteConnector->parseDatabasePath(false)
#1 /Users/mariopazmino/Desktop/springboot/app/contabilidad-backend/vendor/laravel/framework/src/Illuminate/Database/Connectors/ConnectionFactory.php(259): Illuminate\\Database\\Connectors\\SQLiteConnector->connect(Array)
#2 [internal function]: Illuminate\\Database\\Connectors\\ConnectionFactory->{closure:Illuminate\\Database\\Connectors\\ConnectionFactory::createPdoResolverWithoutHosts():259}()
#3 /Users/mariopazmino/Desktop/springboot/app/contabilidad-backend/vendor/laravel/framework/src/Illuminate/Database/Connection.php(1297): call_user_func(Object(Closure))
#4 /Users/mariopazmino/Desktop/springboot/app/contabilidad-backend/vendor/laravel/framework/src/Illuminate/Database/Connection.php(1335): Illuminate\\Database\\Connection->getPdo()
#5 /Users/mariopazmino/Desktop/springboot/app/contabilidad-backend/vendor/laravel/framework/src/Illuminate/Database/Connection.php(542): Illuminate\\Database\\Connection->getReadPdo()
#6 /Users/mariopazmino/Desktop/springboot/app/contabilidad-backend/vendor/laravel/framework/src/Illuminate/Database/Connection.php(435): Illuminate\\Database\\Connection->getPdoForSelect(true)
#7 /Users/mariopazmino/Desktop/springboot/app/contabilidad-backend/vendor/laravel/framework/src/Illuminate/Database/Connection.php(846): Illuminate\\Database\\Connection->{closure:Illuminate\\Database\\Connection::select():426}('select * from \"...', Array)
#8 /Users/mariopazmino/Desktop/springboot/app/contabilidad-backend/vendor/laravel/framework/src/Illuminate/Database/Connection.php(813): Illuminate\\Database\\Connection->runQueryCallback('select * from \"...', Array, Object(Closure))
#9 /Users/mariopazmino/Desktop/springboot/app/contabilidad-backend/vendor/laravel/framework/src/Illuminate/Database/Connection.php(426): Illuminate\\Database\\Connection->run('select * from \"...', Array, Object(Closure))
#10 /Users/mariopazmino/Desktop/springboot/app/contabilidad-backend/vendor/laravel/framework/src/Illuminate/Database/Query/Builder.php(3573): Illuminate\\Database\\Connection->select('select * from \"...', Array, true, Array)
#11 /Users/mariopazmino/Desktop/springboot/app/contabilidad-backend/vendor/laravel/framework/src/Illuminate/Database/Query/Builder.php(3557): Illuminate\\Database\\Query\\Builder->runSelect()
#12 /Users/mariopazmino/Desktop/springboot/app/contabilidad-backend/vendor/laravel/framework/src/Illuminate/Cache/DatabaseStore.php(142): Illuminate\\Database\\Query\\Builder->get()
#13 /Users/mariopazmino/Desktop/springboot/app/contabilidad-backend/vendor/laravel/framework/src/Illuminate/Cache/DatabaseStore.php(117): Illuminate\\Cache\\DatabaseStore->many(Array)
#14 /Users/mariopazmino/Desktop/springboot/app/contabilidad-backend/vendor/laravel/framework/src/Illuminate/Cache/Repository.php(138): Illuminate\\Cache\\DatabaseStore->get('5c785c036466ade...')
#15 /Users/mariopazmino/Desktop/springboot/app/contabilidad-backend/vendor/laravel/framework/src/Illuminate/Cache/RateLimiter.php(206): Illuminate\\Cache\\Repository->get('5c785c036466ade...', 0)
#16 /Users/mariopazmino/Desktop/springboot/app/contabilidad-backend/vendor/laravel/framework/src/Illuminate/Cache/RateLimiter.php(302): Illuminate\\Cache\\RateLimiter->{closure:Illuminate\\Cache\\RateLimiter::attempts():206}()
#17 /Users/mariopazmino/Desktop/springboot/app/contabilidad-backend/vendor/laravel/framework/src/Illuminate/Cache/RateLimiter.php(206): Illuminate\\Cache\\RateLimiter->withoutSerializationOrCompression(Object(Closure))
#18 /Users/mariopazmino/Desktop/springboot/app/contabilidad-backend/vendor/laravel/framework/src/Illuminate/Cache/RateLimiter.php(129): Illuminate\\Cache\\RateLimiter->attempts('5c785c036466ade...')
#19 /Users/mariopazmino/Desktop/springboot/app/contabilidad-backend/vendor/laravel/framework/src/Illuminate/Routing/Middleware/ThrottleRequests.php(157): Illuminate\\Cache\\RateLimiter->tooManyAttempts('5c785c036466ade...', 5)
#20 /Users/mariopazmino/Desktop/springboot/app/contabilidad-backend/vendor/laravel/framework/src/Illuminate/Routing/Middleware/ThrottleRequests.php(93): Illuminate\\Routing\\Middleware\\ThrottleRequests->handleRequest(Object(Illuminate\\Http\\Request), Object(Closure), Array)
#21 /Users/mariopazmino/Desktop/springboot/app/contabilidad-backend/vendor/laravel/framework/src/Illuminate/Pipeline/Pipeline.php(219): Illuminate\\Routing\\Middleware\\ThrottleRequests->handle(Object(Illuminate\\Http\\Request), Object(Closure), '5', '1')
#22 /Users/mariopazmino/Desktop/springboot/app/contabilidad-backend/vendor/laravel/framework/src/Illuminate/Pipeline/Pipeline.php(137): Illuminate\\Pipeline\\Pipeline->{closure:{closure:Illuminate\\Pipeline\\Pipeline::carry():194}:195}(Object(Illuminate\\Http\\Request))
#23 /Users/mariopazmino/Desktop/springboot/app/contabilidad-backend/vendor/laravel/framework/src/Illuminate/Routing/Router.php(821): Illuminate\\Pipeline\\Pipeline->then(Object(Closure))
#24 /Users/mariopazmino/Desktop/springboot/app/contabilidad-backend/vendor/laravel/framework/src/Illuminate/Routing/Router.php(800): Illuminate\\Routing\\Router->runRouteWithinStack(Object(Illuminate\\Routing\\Route), Object(Illuminate\\Http\\Request))
#25 /Users/mariopazmino/Desktop/springboot/app/contabilidad-backend/vendor/laravel/framework/src/Illuminate/Routing/Router.php(764): Illuminate\\Routing\\Router->runRoute(Object(Illuminate\\Http\\Request), Object(Illuminate\\Routing\\Route))
#26 /Users/mariopazmino/Desktop/springboot/app/contabilidad-backend/vendor/laravel/framework/src/Illuminate/Routing/Router.php(753): Illuminate\\Routing\\Router->dispatchToRoute(Object(Illuminate\\Http\\Request))
#27 /Users/mariopazmino/Desktop/springboot/app/contabilidad-backend/vendor/laravel/framework/src/Illuminate/Foundation/Http/Kernel.php(200): Illuminate\\Routing\\Router->dispatch(Object(Illuminate\\Http\\Request))
#28 /Users/mariopazmino/Desktop/springboot/app/contabilidad-backend/vendor/laravel/framework/src/Illuminate/Pipeline/Pipeline.php(180): Illuminate\\Foundation\\Http\\Kernel->{closure:Illuminate\\Foundation\\Http\\Kernel::dispatchToRouter():197}(Object(Illuminate\\Http\\Request))
#29 /Users/mariopazmino/Desktop/springboot/app/contabilidad-backend/vendor/laravel/framework/src/Illuminate/Foundation/Http/Middleware/TransformsRequest.php(21): Illuminate\\Pipeline\\Pipeline->{closure:Illuminate\\Pipeline\\Pipeline::prepareDestination():178}(Object(Illuminate\\Http\\Request))
#30 /Users/mariopazmino/Desktop/springboot/app/contabilidad-backend/vendor/laravel/framework/src/Illuminate/Foundation/Http/Middleware/ConvertEmptyStringsToNull.php(31): Illuminate\\Foundation\\Http\\Middleware\\TransformsRequest->handle(Object(Illuminate\\Http\\Request), Object(Closure))
#31 /Users/mariopazmino/Desktop/springboot/app/contabilidad-backend/vendor/laravel/framework/src/Illuminate/Pipeline/Pipeline.php(219): Illuminate\\Foundation\\Http\\Middleware\\ConvertEmptyStringsToNull->handle(Object(Illuminate\\Http\\Request), Object(Closure))
#32 /Users/mariopazmino/Desktop/springboot/app/contabilidad-backend/vendor/laravel/framework/src/Illuminate/Foundation/Http/Middleware/TransformsRequest.php(21): Illuminate\\Pipeline\\Pipeline->{closure:{closure:Illuminate\\Pipeline\\Pipeline::carry():194}:195}(Object(Illuminate\\Http\\Request))
#33 /Users/mariopazmino/Desktop/springboot/app/contabilidad-backend/vendor/laravel/framework/src/Illuminate/Foundation/Http/Middleware/TrimStrings.php(51): Illuminate\\Foundation\\Http\\Middleware\\TransformsRequest->handle(Object(Illuminate\\Http\\Request), Object(Closure))
#34 /Users/mariopazmino/Desktop/springboot/app/contabilidad-backend/vendor/laravel/framework/src/Illuminate/Pipeline/Pipeline.php(219): Illuminate\\Foundation\\Http\\Middleware\\TrimStrings->handle(Object(Illuminate\\Http\\Request), Object(Closure))
#35 /Users/mariopazmino/Desktop/springboot/app/contabilidad-backend/vendor/laravel/framework/src/Illuminate/Http/Middleware/ValidatePostSize.php(27): Illuminate\\Pipeline\\Pipeline->{closure:{closure:Illuminate\\Pipeline\\Pipeline::carry():194}:195}(Object(Illuminate\\Http\\Request))
#36 /Users/mariopazmino/Desktop/springboot/app/contabilidad-backend/vendor/laravel/framework/src/Illuminate/Pipeline/Pipeline.php(219): Illuminate\\Http\\Middleware\\ValidatePostSize->handle(Object(Illuminate\\Http\\Request), Object(Closure))
#37 /Users/mariopazmino/Desktop/springboot/app/contabilidad-backend/vendor/laravel/framework/src/Illuminate/Foundation/Http/Middleware/PreventRequestsDuringMaintenance.php(109): Illuminate\\Pipeline\\Pipeline->{closure:{closure:Illuminate\\Pipeline\\Pipeline::carry():194}:195}(Object(Illuminate\\Http\\Request))
#38 /Users/mariopazmino/Desktop/springboot/app/contabilidad-backend/vendor/laravel/framework/src/Illuminate/Pipeline/Pipeline.php(219): Illuminate\\Foundation\\Http\\Middleware\\PreventRequestsDuringMaintenance->handle(Object(Illuminate\\Http\\Request), Object(Closure))
#39 /Users/mariopazmino/Desktop/springboot/app/contabilidad-backend/vendor/laravel/framework/src/Illuminate/Http/Middleware/HandleCors.php(74): Illuminate\\Pipeline\\Pipeline->{closure:{closure:Illuminate\\Pipeline\\Pipeline::carry():194}:195}(Object(Illuminate\\Http\\Request))
#40 /Users/mariopazmino/Desktop/springboot/app/contabilidad-backend/vendor/laravel/framework/src/Illuminate/Pipeline/Pipeline.php(219): Illuminate\\Http\\Middleware\\HandleCors->handle(Object(Illuminate\\Http\\Request), Object(Closure))
#41 /Users/mariopazmino/Desktop/springboot/app/contabilidad-backend/vendor/laravel/framework/src/Illuminate/Http/Middleware/TrustProxies.php(58): Illuminate\\Pipeline\\Pipeline->{closure:{closure:Illuminate\\Pipeline\\Pipeline::carry():194}:195}(Object(Illuminate\\Http\\Request))
#42 /Users/mariopazmino/Desktop/springboot/app/contabilidad-backend/vendor/laravel/framework/src/Illuminate/Pipeline/Pipeline.php(219): Illuminate\\Http\\Middleware\\TrustProxies->handle(Object(Illuminate\\Http\\Request), Object(Closure))
#43 /Users/mariopazmino/Desktop/springboot/app/contabilidad-backend/vendor/laravel/framework/src/Illuminate/Foundation/Http/Middleware/InvokeDeferredCallbacks.php(22): Illuminate\\Pipeline\\Pipeline->{closure:{closure:Illuminate\\Pipeline\\Pipeline::carry():194}:195}(Object(Illuminate\\Http\\Request))
#44 /Users/mariopazmino/Desktop/springboot/app/contabilidad-backend/vendor/laravel/framework/src/Illuminate/Pipeline/Pipeline.php(219): Illuminate\\Foundation\\Http\\Middleware\\InvokeDeferredCallbacks->handle(Object(Illuminate\\Http\\Request), Object(Closure))
#45 /Users/mariopazmino/Desktop/springboot/app/contabilidad-backend/vendor/laravel/framework/src/Illuminate/Http/Middleware/ValidatePathEncoding.php(28): Illuminate\\Pipeline\\Pipeline->{closure:{closure:Illuminate\\Pipeline\\Pipeline::carry():194}:195}(Object(Illuminate\\Http\\Request))
#46 /Users/mariopazmino/Desktop/springboot/app/contabilidad-backend/vendor/laravel/framework/src/Illuminate/Pipeline/Pipeline.php(219): Illuminate\\Http\\Middleware\\ValidatePathEncoding->handle(Object(Illuminate\\Http\\Request), Object(Closure))
#47 /Users/mariopazmino/Desktop/springboot/app/contabilidad-backend/vendor/laravel/framework/src/Illuminate/Pipeline/Pipeline.php(137): Illuminate\\Pipeline\\Pipeline->{closure:{closure:Illuminate\\Pipeline\\Pipeline::carry():194}:195}(Object(Illuminate\\Http\\Request))
#48 /Users/mariopazmino/Desktop/springboot/app/contabilidad-backend/vendor/laravel/framework/src/Illuminate/Foundation/Http/Kernel.php(175): Illuminate\\Pipeline\\Pipeline->then(Object(Closure))
#49 /Users/mariopazmino/Desktop/springboot/app/contabilidad-backend/vendor/laravel/framework/src/Illuminate/Foundation/Http/Kernel.php(144): Illuminate\\Foundation\\Http\\Kernel->sendRequestThroughRouter(Object(Illuminate\\Http\\Request))
#50 /Users/mariopazmino/Desktop/springboot/app/contabilidad-backend/vendor/laravel/framework/src/Illuminate/Foundation/Application.php(1220): Illuminate\\Foundation\\Http\\Kernel->handle(Object(Illuminate\\Http\\Request))
#51 /Users/mariopazmino/Desktop/springboot/app/contabilidad-backend/public/index.php(20): Illuminate\\Foundation\\Application->handleRequest(Object(Illuminate\\Http\\Request))
#52 /Users/mariopazmino/Desktop/springboot/app/contabilidad-backend/vendor/laravel/framework/src/Illuminate/Foundation/resources/server.php(23): require_once('/Users/mariopaz...')
#53 {main}
"} 
[2026-07-14 23:55:50] local.ERROR: Database file at path [/Users/mariopazmino/Desktop/app/contabilidad-backend/database/database.sqlite] does not exist. Ensure this is an absolute path to the database. (Connection: sqlite, Database: /Users/mariopazmino/Desktop/app/contabilidad-backend/database/database.sqlite, SQL: select * from "cache" where "key" in (laravel-cache-5c785c036466adea360111aa28563bfd556b5fba)) {"exception":"[object] (Illuminate\\Database\\QueryException(code: 0): Database file at path [/Users/mariopazmino/Desktop/app/contabilidad-backend/database/database.sqlite] does not exist. Ensure this is an absolute path to the database. (Connection: sqlite, Database: /Users/mariopazmino/Desktop/app/contabilidad-backend/database/database.sqlite, SQL: select * from \"cache\" where \"key\" in (laravel-cache-5c785c036466adea360111aa28563bfd556b5fba)) at /Users/mariopazmino/Desktop/springboot/app/contabilidad-backend/vendor/laravel/framework/src/Illuminate/Database/Connection.php:857)
[stacktrace]
#0 /Users/mariopazmino/Desktop/springboot/app/contabilidad-backend/vendor/laravel/framework/src/Illuminate/Database/Connection.php(813): Illuminate\\Database\\Connection->runQueryCallback('select * from \"...', Array, Object(Closure))
#1 /Users/mariopazmino/Desktop/springboot/app/contabilidad-backend/vendor/laravel/framework/src/Illuminate/Database/Connection.php(426): Illuminate\\Database\\Connection->run('select * from \"...', Array, Object(Closure))
#2 /Users/mariopazmino/Desktop/springboot/app/contabilidad-backend/vendor/laravel/framework/src/Illuminate/Database/Query/Builder.php(3573): Illuminate\\Database\\Connection->select('select * from \"...', Array, true, Array)
#3 /Users/mariopazmino/Desktop/springboot/app/contabilidad-backend/vendor/laravel/framework/src/Illuminate/Database/Query/Builder.php(3557): Illuminate\\Database\\Query\\Builder->runSelect()
#4 /Users/mariopazmino/Desktop/springboot/app/contabilidad-backend/vendor/laravel/framework/src/Illuminate/Cache/DatabaseStore.php(142): Illuminate\\Database\\Query\\Builder->get()
#5 /Users/mariopazmino/Desktop/springboot/app/contabilidad-backend/vendor/laravel/framework/src/Illuminate/Cache/DatabaseStore.php(117): Illuminate\\Cache\\DatabaseStore->many(Array)
#6 /Users/mariopazmino/Desktop/springboot/app/contabilidad-backend/vendor/laravel/framework/src/Illuminate/Cache/Repository.php(138): Illuminate\\Cache\\DatabaseStore->get('5c785c036466ade...')
#7 /Users/mariopazmino/Desktop/springboot/app/contabilidad-backend/vendor/laravel/framework/src/Illuminate/Cache/RateLimiter.php(206): Illuminate\\Cache\\Repository->get('5c785c036466ade...', 0)
#8 /Users/mariopazmino/Desktop/springboot/app/contabilidad-backend/vendor/laravel/framework/src/Illuminate/Cache/RateLimiter.php(302): Illuminate\\Cache\\RateLimiter->{closure:Illuminate\\Cache\\RateLimiter::attempts():206}()
#9 /Users/mariopazmino/Desktop/springboot/app/contabilidad-backend/vendor/laravel/framework/src/Illuminate/Cache/RateLimiter.php(206): Illuminate\\Cache\\RateLimiter->withoutSerializationOrCompression(Object(Closure))
#10 /Users/mariopazmino/Desktop/springboot/app/contabilidad-backend/vendor/laravel/framework/src/Illuminate/Cache/RateLimiter.php(129): Illuminate\\Cache\\RateLimiter->attempts('5c785c036466ade...')
#11 /Users/mariopazmino/Desktop/springboot/app/contabilidad-backend/vendor/laravel/framework/src/Illuminate/Routing/Middleware/ThrottleRequests.php(157): Illuminate\\Cache\\RateLimiter->tooManyAttempts('5c785c036466ade...', 5)
#12 /Users/mariopazmino/Desktop/springboot/app/contabilidad-backend/vendor/laravel/framework/src/Illuminate/Routing/Middleware/ThrottleRequests.php(93): Illuminate\\Routing\\Middleware\\ThrottleRequests->handleRequest(Object(Illuminate\\Http\\Request), Object(Closure), Array)
#13 /Users/mariopazmino/Desktop/springboot/app/contabilidad-backend/vendor/laravel/framework/src/Illuminate/Pipeline/Pipeline.php(219): Illuminate\\Routing\\Middleware\\ThrottleRequests->handle(Object(Illuminate\\Http\\Request), Object(Closure), '5', '1')
#14 /Users/mariopazmino/Desktop/springboot/app/contabilidad-backend/vendor/laravel/framework/src/Illuminate/Pipeline/Pipeline.php(137): Illuminate\\Pipeline\\Pipeline->{closure:{closure:Illuminate\\Pipeline\\Pipeline::carry():194}:195}(Object(Illuminate\\Http\\Request))
#15 /Users/mariopazmino/Desktop/springboot/app/contabilidad-backend/vendor/laravel/framework/src/Illuminate/Routing/Router.php(821): Illuminate\\Pipeline\\Pipeline->then(Object(Closure))
#16 /Users/mariopazmino/Desktop/springboot/app/contabilidad-backend/vendor/laravel/framework/src/Illuminate/Routing/Router.php(800): Illuminate\\Routing\\Router->runRouteWithinStack(Object(Illuminate\\Routing\\Route), Object(Illuminate\\Http\\Request))
#17 /Users/mariopazmino/Desktop/springboot/app/contabilidad-backend/vendor/laravel/framework/src/Illuminate/Routing/Router.php(764): Illuminate\\Routing\\Router->runRoute(Object(Illuminate\\Http\\Request), Object(Illuminate\\Routing\\Route))
#18 /Users/mariopazmino/Desktop/springboot/app/contabilidad-backend/vendor/laravel/framework/src/Illuminate/Routing/Router.php(753): Illuminate\\Routing\\Router->dispatchToRoute(Object(Illuminate\\Http\\Request))
#19 /Users/mariopazmino/Desktop/springboot/app/contabilidad-backend/vendor/laravel/framework/src/Illuminate/Foundation/Http/Kernel.php(200): Illuminate\\Routing\\Router->dispatch(Object(Illuminate\\Http\\Request))
#20 /Users/mariopazmino/Desktop/springboot/app/contabilidad-backend/vendor/laravel/framework/src/Illuminate/Pipeline/Pipeline.php(180): Illuminate\\Foundation\\Http\\Kernel->{closure:Illuminate\\Foundation\\Http\\Kernel::dispatchToRouter():197}(Object(Illuminate\\Http\\Request))
#21 /Users/mariopazmino/Desktop/springboot/app/contabilidad-backend/vendor/laravel/framework/src/Illuminate/Foundation/Http/Middleware/TransformsRequest.php(21): Illuminate\\Pipeline\\Pipeline->{closure:Illuminate\\Pipeline\\Pipeline::prepareDestination():178}(Object(Illuminate\\Http\\Request))
#22 /Users/mariopazmino/Desktop/springboot/app/contabilidad-backend/vendor/laravel/framework/src/Illuminate/Foundation/Http/Middleware/ConvertEmptyStringsToNull.php(31): Illuminate\\Foundation\\Http\\Middleware\\TransformsRequest->handle(Object(Illuminate\\Http\\Request), Object(Closure))
#23 /Users/mariopazmino/Desktop/springboot/app/contabilidad-backend/vendor/laravel/framework/src/Illuminate/Pipeline/Pipeline.php(219): Illuminate\\Foundation\\Http\\Middleware\\ConvertEmptyStringsToNull->handle(Object(Illuminate\\Http\\Request), Object(Closure))
#24 /Users/mariopazmino/Desktop/springboot/app/contabilidad-backend/vendor/laravel/framework/src/Illuminate/Foundation/Http/Middleware/TransformsRequest.php(21): Illuminate\\Pipeline\\Pipeline->{closure:{closure:Illuminate\\Pipeline\\Pipeline::carry():194}:195}(Object(Illuminate\\Http\\Request))
#25 /Users/mariopazmino/Desktop/springboot/app/contabilidad-backend/vendor/laravel/framework/src/Illuminate/Foundation/Http/Middleware/TrimStrings.php(51): Illuminate\\Foundation\\Http\\Middleware\\TransformsRequest->handle(Object(Illuminate\\Http\\Request), Object(Closure))
#26 /Users/mariopazmino/Desktop/springboot/app/contabilidad-backend/vendor/laravel/framework/src/Illuminate/Pipeline/Pipeline.php(219): Illuminate\\Foundation\\Http\\Middleware\\TrimStrings->handle(Object(Illuminate\\Http\\Request), Object(Closure))
#27 /Users/mariopazmino/Desktop/springboot/app/contabilidad-backend/vendor/laravel/framework/src/Illuminate/Http/Middleware/ValidatePostSize.php(27): Illuminate\\Pipeline\\Pipeline->{closure:{closure:Illuminate\\Pipeline\\Pipeline::carry():194}:195}(Object(Illuminate\\Http\\Request))
#28 /Users/mariopazmino/Desktop/springboot/app/contabilidad-backend/vendor/laravel/framework/src/Illuminate/Pipeline/Pipeline.php(219): Illuminate\\Http\\Middleware\\ValidatePostSize->handle(Object(Illuminate\\Http\\Request), Object(Closure))
#29 /Users/mariopazmino/Desktop/springboot/app/contabilidad-backend/vendor/laravel/framework/src/Illuminate/Foundation/Http/Middleware/PreventRequestsDuringMaintenance.php(109): Illuminate\\Pipeline\\Pipeline->{closure:{closure:Illuminate\\Pipeline\\Pipeline::carry():194}:195}(Object(Illuminate\\Http\\Request))
#30 /Users/mariopazmino/Desktop/springboot/app/contabilidad-backend/vendor/laravel/framework/src/Illuminate/Pipeline/Pipeline.php(219): Illuminate\\Foundation\\Http\\Middleware\\PreventRequestsDuringMaintenance->handle(Object(Illuminate\\Http\\Request), Object(Closure))
#31 /Users/mariopazmino/Desktop/springboot/app/contabilidad-backend/vendor/laravel/framework/src/Illuminate/Http/Middleware/HandleCors.php(74): Illuminate\\Pipeline\\Pipeline->{closure:{closure:Illuminate\\Pipeline\\Pipeline::carry():194}:195}(Object(Illuminate\\Http\\Request))
#32 /Users/mariopazmino/Desktop/springboot/app/contabilidad-backend/vendor/laravel/framework/src/Illuminate/Pipeline/Pipeline.php(219): Illuminate\\Http\\Middleware\\HandleCors->handle(Object(Illuminate\\Http\\Request), Object(Closure))
#33 /Users/mariopazmino/Desktop/springboot/app/contabilidad-backend/vendor/laravel/framework/src/Illuminate/Http/Middleware/TrustProxies.php(58): Illuminate\\Pipeline\\Pipeline->{closure:{closure:Illuminate\\Pipeline\\Pipeline::carry():194}:195}(Object(Illuminate\\Http\\Request))
#34 /Users/mariopazmino/Desktop/springboot/app/contabilidad-backend/vendor/laravel/framework/src/Illuminate/Pipeline/Pipeline.php(219): Illuminate\\Http\\Middleware\\TrustProxies->handle(Object(Illuminate\\Http\\Request), Object(Closure))
#35 /Users/mariopazmino/Desktop/springboot/app/contabilidad-backend/vendor/laravel/framework/src/Illuminate/Foundation/Http/Middleware/InvokeDeferredCallbacks.php(22): Illuminate\\Pipeline\\Pipeline->{closure:{closure:Illuminate\\Pipeline\\Pipeline::carry():194}:195}(Object(Illuminate\\Http\\Request))
#36 /Users/mariopazmino/Desktop/springboot/app/contabilidad-backend/vendor/laravel/framework/src/Illuminate/Pipeline/Pipeline.php(219): Illuminate\\Foundation\\Http\\Middleware\\InvokeDeferredCallbacks->handle(Object(Illuminate\\Http\\Request), Object(Closure))
#37 /Users/mariopazmino/Desktop/springboot/app/contabilidad-backend/vendor/laravel/framework/src/Illuminate/Http/Middleware/ValidatePathEncoding.php(28): Illuminate\\Pipeline\\Pipeline->{closure:{closure:Illuminate\\Pipeline\\Pipeline::carry():194}:195}(Object(Illuminate\\Http\\Request))
#38 /Users/mariopazmino/Desktop/springboot/app/contabilidad-backend/vendor/laravel/framework/src/Illuminate/Pipeline/Pipeline.php(219): Illuminate\\Http\\Middleware\\ValidatePathEncoding->handle(Object(Illuminate\\Http\\Request), Object(Closure))
#39 /Users/mariopazmino/Desktop/springboot/app/contabilidad-backend/vendor/laravel/framework/src/Illuminate/Pipeline/Pipeline.php(137): Illuminate\\Pipeline\\Pipeline->{closure:{closure:Illuminate\\Pipeline\\Pipeline::carry():194}:195}(Object(Illuminate\\Http\\Request))
#40 /Users/mariopazmino/Desktop/springboot/app/contabilidad-backend/vendor/laravel/framework/src/Illuminate/Foundation/Http/Kernel.php(175): Illuminate\\Pipeline\\Pipeline->then(Object(Closure))
#41 /Users/mariopazmino/Desktop/springboot/app/contabilidad-backend/vendor/laravel/framework/src/Illuminate/Foundation/Http/Kernel.php(144): Illuminate\\Foundation\\Http\\Kernel->sendRequestThroughRouter(Object(Illuminate\\Http\\Request))
#42 /Users/mariopazmino/Desktop/springboot/app/contabilidad-backend/vendor/laravel/framework/src/Illuminate/Foundation/Application.php(1220): Illuminate\\Foundation\\Http\\Kernel->handle(Object(Illuminate\\Http\\Request))
#43 /Users/mariopazmino/Desktop/springboot/app/contabilidad-backend/public/index.php(20): Illuminate\\Foundation\\Application->handleRequest(Object(Illuminate\\Http\\Request))
#44 /Users/mariopazmino/Desktop/springboot/app/contabilidad-backend/vendor/laravel/framework/src/Illuminate/Foundation/resources/server.php(23): require_once('/Users/mariopaz...')
#45 {main}

[previous exception] [object] (Illuminate\\Database\\SQLiteDatabaseDoesNotExistException(code: 0): Database file at path [/Users/mariopazmino/Desktop/app/contabilidad-backend/database/database.sqlite] does not exist. Ensure this is an absolute path to the database. at /Users/mariopazmino/Desktop/springboot/app/contabilidad-backend/vendor/laravel/framework/src/Illuminate/Database/Connectors/SQLiteConnector.php:61)
[stacktrace]
#0 /Users/mariopazmino/Desktop/springboot/app/contabilidad-backend/vendor/laravel/framework/src/Illuminate/Database/Connectors/SQLiteConnector.php(19): Illuminate\\Database\\Connectors\\SQLiteConnector->parseDatabasePath(false)
#1 /Users/mariopazmino/Desktop/springboot/app/contabilidad-backend/vendor/laravel/framework/src/Illuminate/Database/Connectors/ConnectionFactory.php(259): Illuminate\\Database\\Connectors\\SQLiteConnector->connect(Array)
#2 [internal function]: Illuminate\\Database\\Connectors\\ConnectionFactory->{closure:Illuminate\\Database\\Connectors\\ConnectionFactory::createPdoResolverWithoutHosts():259}()
#3 /Users/mariopazmino/Desktop/springboot/app/contabilidad-backend/vendor/laravel/framework/src/Illuminate/Database/Connection.php(1297): call_user_func(Object(Closure))
#4 /Users/mariopazmino/Desktop/springboot/app/contabilidad-backend/vendor/laravel/framework/src/Illuminate/Database/Connection.php(1335): Illuminate\\Database\\Connection->getPdo()
#5 /Users/mariopazmino/Desktop/springboot/app/contabilidad-backend/vendor/laravel/framework/src/Illuminate/Database/Connection.php(542): Illuminate\\Database\\Connection->getReadPdo()
#6 /Users/mariopazmino/Desktop/springboot/app/contabilidad-backend/vendor/laravel/framework/src/Illuminate/Database/Connection.php(435): Illuminate\\Database\\Connection->getPdoForSelect(true)
#7 /Users/mariopazmino/Desktop/springboot/app/contabilidad-backend/vendor/laravel/framework/src/Illuminate/Database/Connection.php(846): Illuminate\\Database\\Connection->{closure:Illuminate\\Database\\Connection::select():426}('select * from \"...', Array)
#8 /Users/mariopazmino/Desktop/springboot/app/contabilidad-backend/vendor/laravel/framework/src/Illuminate/Database/Connection.php(813): Illuminate\\Database\\Connection->runQueryCallback('select * from \"...', Array, Object(Closure))
#9 /Users/mariopazmino/Desktop/springboot/app/contabilidad-backend/vendor/laravel/framework/src/Illuminate/Database/Connection.php(426): Illuminate\\Database\\Connection->run('select * from \"...', Array, Object(Closure))
#10 /Users/mariopazmino/Desktop/springboot/app/contabilidad-backend/vendor/laravel/framework/src/Illuminate/Database/Query/Builder.php(3573): Illuminate\\Database\\Connection->select('select * from \"...', Array, true, Array)
#11 /Users/mariopazmino/Desktop/springboot/app/contabilidad-backend/vendor/laravel/framework/src/Illuminate/Database/Query/Builder.php(3557): Illuminate\\Database\\Query\\Builder->runSelect()
#12 /Users/mariopazmino/Desktop/springboot/app/contabilidad-backend/vendor/laravel/framework/src/Illuminate/Cache/DatabaseStore.php(142): Illuminate\\Database\\Query\\Builder->get()
#13 /Users/mariopazmino/Desktop/springboot/app/contabilidad-backend/vendor/laravel/framework/src/Illuminate/Cache/DatabaseStore.php(117): Illuminate\\Cache\\DatabaseStore->many(Array)
#14 /Users/mariopazmino/Desktop/springboot/app/contabilidad-backend/vendor/laravel/framework/src/Illuminate/Cache/Repository.php(138): Illuminate\\Cache\\DatabaseStore->get('5c785c036466ade...')
#15 /Users/mariopazmino/Desktop/springboot/app/contabilidad-backend/vendor/laravel/framework/src/Illuminate/Cache/RateLimiter.php(206): Illuminate\\Cache\\Repository->get('5c785c036466ade...', 0)
#16 /Users/mariopazmino/Desktop/springboot/app/contabilidad-backend/vendor/laravel/framework/src/Illuminate/Cache/RateLimiter.php(302): Illuminate\\Cache\\RateLimiter->{closure:Illuminate\\Cache\\RateLimiter::attempts():206}()
#17 /Users/mariopazmino/Desktop/springboot/app/contabilidad-backend/vendor/laravel/framework/src/Illuminate/Cache/RateLimiter.php(206): Illuminate\\Cache\\RateLimiter->withoutSerializationOrCompression(Object(Closure))
#18 /Users/mariopazmino/Desktop/springboot/app/contabilidad-backend/vendor/laravel/framework/src/Illuminate/Cache/RateLimiter.php(129): Illuminate\\Cache\\RateLimiter->attempts('5c785c036466ade...')
#19 /Users/mariopazmino/Desktop/springboot/app/contabilidad-backend/vendor/laravel/framework/src/Illuminate/Routing/Middleware/ThrottleRequests.php(157): Illuminate\\Cache\\RateLimiter->tooManyAttempts('5c785c036466ade...', 5)
#20 /Users/mariopazmino/Desktop/springboot/app/contabilidad-backend/vendor/laravel/framework/src/Illuminate/Routing/Middleware/ThrottleRequests.php(93): Illuminate\\Routing\\Middleware\\ThrottleRequests->handleRequest(Object(Illuminate\\Http\\Request), Object(Closure), Array)
#21 /Users/mariopazmino/Desktop/springboot/app/contabilidad-backend/vendor/laravel/framework/src/Illuminate/Pipeline/Pipeline.php(219): Illuminate\\Routing\\Middleware\\ThrottleRequests->handle(Object(Illuminate\\Http\\Request), Object(Closure), '5', '1')
#22 /Users/mariopazmino/Desktop/springboot/app/contabilidad-backend/vendor/laravel/framework/src/Illuminate/Pipeline/Pipeline.php(137): Illuminate\\Pipeline\\Pipeline->{closure:{closure:Illuminate\\Pipeline\\Pipeline::carry():194}:195}(Object(Illuminate\\Http\\Request))
#23 /Users/mariopazmino/Desktop/springboot/app/contabilidad-backend/vendor/laravel/framework/src/Illuminate/Routing/Router.php(821): Illuminate\\Pipeline\\Pipeline->then(Object(Closure))
#24 /Users/mariopazmino/Desktop/springboot/app/contabilidad-backend/vendor/laravel/framework/src/Illuminate/Routing/Router.php(800): Illuminate\\Routing\\Router->runRouteWithinStack(Object(Illuminate\\Routing\\Route), Object(Illuminate\\Http\\Request))
#25 /Users/mariopazmino/Desktop/springboot/app/contabilidad-backend/vendor/laravel/framework/src/Illuminate/Routing/Router.php(764): Illuminate\\Routing\\Router->runRoute(Object(Illuminate\\Http\\Request), Object(Illuminate\\Routing\\Route))
#26 /Users/mariopazmino/Desktop/springboot/app/contabilidad-backend/vendor/laravel/framework/src/Illuminate/Routing/Router.php(753): Illuminate\\Routing\\Router->dispatchToRoute(Object(Illuminate\\Http\\Request))
#27 /Users/mariopazmino/Desktop/springboot/app/contabilidad-backend/vendor/laravel/framework/src/Illuminate/Foundation/Http/Kernel.php(200): Illuminate\\Routing\\Router->dispatch(Object(Illuminate\\Http\\Request))
#28 /Users/mariopazmino/Desktop/springboot/app/contabilidad-backend/vendor/laravel/framework/src/Illuminate/Pipeline/Pipeline.php(180): Illuminate\\Foundation\\Http\\Kernel->{closure:Illuminate\\Foundation\\Http\\Kernel::dispatchToRouter():197}(Object(Illuminate\\Http\\Request))
#29 /Users/mariopazmino/Desktop/springboot/app/contabilidad-backend/vendor/laravel/framework/src/Illuminate/Foundation/Http/Middleware/TransformsRequest.php(21): Illuminate\\Pipeline\\Pipeline->{closure:Illuminate\\Pipeline\\Pipeline::prepareDestination():178}(Object(Illuminate\\Http\\Request))
#30 /Users/mariopazmino/Desktop/springboot/app/contabilidad-backend/vendor/laravel/framework/src/Illuminate/Foundation/Http/Middleware/ConvertEmptyStringsToNull.php(31): Illuminate\\Foundation\\Http\\Middleware\\TransformsRequest->handle(Object(Illuminate\\Http\\Request), Object(Closure))
#31 /Users/mariopazmino/Desktop/springboot/app/contabilidad-backend/vendor/laravel/framework/src/Illuminate/Pipeline/Pipeline.php(219): Illuminate\\Foundation\\Http\\Middleware\\ConvertEmptyStringsToNull->handle(Object(Illuminate\\Http\\Request), Object(Closure))
#32 /Users/mariopazmino/Desktop/springboot/app/contabilidad-backend/vendor/laravel/framework/src/Illuminate/Foundation/Http/Middleware/TransformsRequest.php(21): Illuminate\\Pipeline\\Pipeline->{closure:{closure:Illuminate\\Pipeline\\Pipeline::carry():194}:195}(Object(Illuminate\\Http\\Request))
#33 /Users/mariopazmino/Desktop/springboot/app/contabilidad-backend/vendor/laravel/framework/src/Illuminate/Foundation/Http/Middleware/TrimStrings.php(51): Illuminate\\Foundation\\Http\\Middleware\\TransformsRequest->handle(Object(Illuminate\\Http\\Request), Object(Closure))
#34 /Users/mariopazmino/Desktop/springboot/app/contabilidad-backend/vendor/laravel/framework/src/Illuminate/Pipeline/Pipeline.php(219): Illuminate\\Foundation\\Http\\Middleware\\TrimStrings->handle(Object(Illuminate\\Http\\Request), Object(Closure))
#35 /Users/mariopazmino/Desktop/springboot/app/contabilidad-backend/vendor/laravel/framework/src/Illuminate/Http/Middleware/ValidatePostSize.php(27): Illuminate\\Pipeline\\Pipeline->{closure:{closure:Illuminate\\Pipeline\\Pipeline::carry():194}:195}(Object(Illuminate\\Http\\Request))
#36 /Users/mariopazmino/Desktop/springboot/app/contabilidad-backend/vendor/laravel/framework/src/Illuminate/Pipeline/Pipeline.php(219): Illuminate\\Http\\Middleware\\ValidatePostSize->handle(Object(Illuminate\\Http\\Request), Object(Closure))
#37 /Users/mariopazmino/Desktop/springboot/app/contabilidad-backend/vendor/laravel/framework/src/Illuminate/Foundation/Http/Middleware/PreventRequestsDuringMaintenance.php(109): Illuminate\\Pipeline\\Pipeline->{closure:{closure:Illuminate\\Pipeline\\Pipeline::carry():194}:195}(Object(Illuminate\\Http\\Request))
#38 /Users/mariopazmino/Desktop/springboot/app/contabilidad-backend/vendor/laravel/framework/src/Illuminate/Pipeline/Pipeline.php(219): Illuminate\\Foundation\\Http\\Middleware\\PreventRequestsDuringMaintenance->handle(Object(Illuminate\\Http\\Request), Object(Closure))
#39 /Users/mariopazmino/Desktop/springboot/app/contabilidad-backend/vendor/laravel/framework/src/Illuminate/Http/Middleware/HandleCors.php(74): Illuminate\\Pipeline\\Pipeline->{closure:{closure:Illuminate\\Pipeline\\Pipeline::carry():194}:195}(Object(Illuminate\\Http\\Request))
#40 /Users/mariopazmino/Desktop/springboot/app/contabilidad-backend/vendor/laravel/framework/src/Illuminate/Pipeline/Pipeline.php(219): Illuminate\\Http\\Middleware\\HandleCors->handle(Object(Illuminate\\Http\\Request), Object(Closure))
#41 /Users/mariopazmino/Desktop/springboot/app/contabilidad-backend/vendor/laravel/framework/src/Illuminate/Http/Middleware/TrustProxies.php(58): Illuminate\\Pipeline\\Pipeline->{closure:{closure:Illuminate\\Pipeline\\Pipeline::carry():194}:195}(Object(Illuminate\\Http\\Request))
#42 /Users/mariopazmino/Desktop/springboot/app/contabilidad-backend/vendor/laravel/framework/src/Illuminate/Pipeline/Pipeline.php(219): Illuminate\\Http\\Middleware\\TrustProxies->handle(Object(Illuminate\\Http\\Request), Object(Closure))
#43 /Users/mariopazmino/Desktop/springboot/app/contabilidad-backend/vendor/laravel/framework/src/Illuminate/Foundation/Http/Middleware/InvokeDeferredCallbacks.php(22): Illuminate\\Pipeline\\Pipeline->{closure:{closure:Illuminate\\Pipeline\\Pipeline::carry():194}:195}(Object(Illuminate\\Http\\Request))
#44 /Users/mariopazmino/Desktop/springboot/app/contabilidad-backend/vendor/laravel/framework/src/Illuminate/Pipeline/Pipeline.php(219): Illuminate\\Foundation\\Http\\Middleware\\InvokeDeferredCallbacks->handle(Object(Illuminate\\Http\\Request), Object(Closure))
#45 /Users/mariopazmino/Desktop/springboot/app/contabilidad-backend/vendor/laravel/framework/src/Illuminate/Http/Middleware/ValidatePathEncoding.php(28): Illuminate\\Pipeline\\Pipeline->{closure:{closure:Illuminate\\Pipeline\\Pipeline::carry():194}:195}(Object(Illuminate\\Http\\Request))
#46 /Users/mariopazmino/Desktop/springboot/app/contabilidad-backend/vendor/laravel/framework/src/Illuminate/Pipeline/Pipeline.php(219): Illuminate\\Http\\Middleware\\ValidatePathEncoding->handle(Object(Illuminate\\Http\\Request), Object(Closure))
#47 /Users/mariopazmino/Desktop/springboot/app/contabilidad-backend/vendor/laravel/framework/src/Illuminate/Pipeline/Pipeline.php(137): Illuminate\\Pipeline\\Pipeline->{closure:{closure:Illuminate\\Pipeline\\Pipeline::carry():194}:195}(Object(Illuminate\\Http\\Request))
#48 /Users/mariopazmino/Desktop/springboot/app/contabilidad-backend/vendor/laravel/framework/src/Illuminate/Foundation/Http/Kernel.php(175): Illuminate\\Pipeline\\Pipeline->then(Object(Closure))
#49 /Users/mariopazmino/Desktop/springboot/app/contabilidad-backend/vendor/laravel/framework/src/Illuminate/Foundation/Http/Kernel.php(144): Illuminate\\Foundation\\Http\\Kernel->sendRequestThroughRouter(Object(Illuminate\\Http\\Request))
#50 /Users/mariopazmino/Desktop/springboot/app/contabilidad-backend/vendor/laravel/framework/src/Illuminate/Foundation/Application.php(1220): Illuminate\\Foundation\\Http\\Kernel->handle(Object(Illuminate\\Http\\Request))
#51 /Users/mariopazmino/Desktop/springboot/app/contabilidad-backend/public/index.php(20): Illuminate\\Foundation\\Application->handleRequest(Object(Illuminate\\Http\\Request))
#52 /Users/mariopazmino/Desktop/springboot/app/contabilidad-backend/vendor/laravel/framework/src/Illuminate/Foundation/resources/server.php(23): require_once('/Users/mariopaz...')
#53 {main}
"} 
[2026-07-14 23:55:50] local.ERROR: Database file at path [/Users/mariopazmino/Desktop/app/contabilidad-backend/database/database.sqlite] does not exist. Ensure this is an absolute path to the database. (Connection: sqlite, Database: /Users/mariopazmino/Desktop/app/contabilidad-backend/database/database.sqlite, SQL: select * from "cache" where "key" in (laravel-cache-5c785c036466adea360111aa28563bfd556b5fba)) {"exception":"[object] (Illuminate\\Database\\QueryException(code: 0): Database file at path [/Users/mariopazmino/Desktop/app/contabilidad-backend/database/database.sqlite] does not exist. Ensure this is an absolute path to the database. (Connection: sqlite, Database: /Users/mariopazmino/Desktop/app/contabilidad-backend/database/database.sqlite, SQL: select * from \"cache\" where \"key\" in (laravel-cache-5c785c036466adea360111aa28563bfd556b5fba)) at /Users/mariopazmino/Desktop/springboot/app/contabilidad-backend/vendor/laravel/framework/src/Illuminate/Database/Connection.php:857)
[stacktrace]
#0 /Users/mariopazmino/Desktop/springboot/app/contabilidad-backend/vendor/laravel/framework/src/Illuminate/Database/Connection.php(813): Illuminate\\Database\\Connection->runQueryCallback('select * from \"...', Array, Object(Closure))
#1 /Users/mariopazmino/Desktop/springboot/app/contabilidad-backend/vendor/laravel/framework/src/Illuminate/Database/Connection.php(426): Illuminate\\Database\\Connection->run('select * from \"...', Array, Object(Closure))
#2 /Users/mariopazmino/Desktop/springboot/app/contabilidad-backend/vendor/laravel/framework/src/Illuminate/Database/Query/Builder.php(3573): Illuminate\\Database\\Connection->select('select * from \"...', Array, true, Array)
#3 /Users/mariopazmino/Desktop/springboot/app/contabilidad-backend/vendor/laravel/framework/src/Illuminate/Database/Query/Builder.php(3557): Illuminate\\Database\\Query\\Builder->runSelect()
#4 /Users/mariopazmino/Desktop/springboot/app/contabilidad-backend/vendor/laravel/framework/src/Illuminate/Cache/DatabaseStore.php(142): Illuminate\\Database\\Query\\Builder->get()
#5 /Users/mariopazmino/Desktop/springboot/app/contabilidad-backend/vendor/laravel/framework/src/Illuminate/Cache/DatabaseStore.php(117): Illuminate\\Cache\\DatabaseStore->many(Array)
#6 /Users/mariopazmino/Desktop/springboot/app/contabilidad-backend/vendor/laravel/framework/src/Illuminate/Cache/Repository.php(138): Illuminate\\Cache\\DatabaseStore->get('5c785c036466ade...')
#7 /Users/mariopazmino/Desktop/springboot/app/contabilidad-backend/vendor/laravel/framework/src/Illuminate/Cache/RateLimiter.php(206): Illuminate\\Cache\\Repository->get('5c785c036466ade...', 0)
#8 /Users/mariopazmino/Desktop/springboot/app/contabilidad-backend/vendor/laravel/framework/src/Illuminate/Cache/RateLimiter.php(302): Illuminate\\Cache\\RateLimiter->{closure:Illuminate\\Cache\\RateLimiter::attempts():206}()
#9 /Users/mariopazmino/Desktop/springboot/app/contabilidad-backend/vendor/laravel/framework/src/Illuminate/Cache/RateLimiter.php(206): Illuminate\\Cache\\RateLimiter->withoutSerializationOrCompression(Object(Closure))
#10 /Users/mariopazmino/Desktop/springboot/app/contabilidad-backend/vendor/laravel/framework/src/Illuminate/Cache/RateLimiter.php(129): Illuminate\\Cache\\RateLimiter->attempts('5c785c036466ade...')
#11 /Users/mariopazmino/Desktop/springboot/app/contabilidad-backend/vendor/laravel/framework/src/Illuminate/Routing/Middleware/ThrottleRequests.php(157): Illuminate\\Cache\\RateLimiter->tooManyAttempts('5c785c036466ade...', 5)
#12 /Users/mariopazmino/Desktop/springboot/app/contabilidad-backend/vendor/laravel/framework/src/Illuminate/Routing/Middleware/ThrottleRequests.php(93): Illuminate\\Routing\\Middleware\\ThrottleRequests->handleRequest(Object(Illuminate\\Http\\Request), Object(Closure), Array)
#13 /Users/mariopazmino/Desktop/springboot/app/contabilidad-backend/vendor/laravel/framework/src/Illuminate/Pipeline/Pipeline.php(219): Illuminate\\Routing\\Middleware\\ThrottleRequests->handle(Object(Illuminate\\Http\\Request), Object(Closure), '5', '1')
#14 /Users/mariopazmino/Desktop/springboot/app/contabilidad-backend/vendor/laravel/framework/src/Illuminate/Pipeline/Pipeline.php(137): Illuminate\\Pipeline\\Pipeline->{closure:{closure:Illuminate\\Pipeline\\Pipeline::carry():194}:195}(Object(Illuminate\\Http\\Request))
#15 /Users/mariopazmino/Desktop/springboot/app/contabilidad-backend/vendor/laravel/framework/src/Illuminate/Routing/Router.php(821): Illuminate\\Pipeline\\Pipeline->then(Object(Closure))
#16 /Users/mariopazmino/Desktop/springboot/app/contabilidad-backend/vendor/laravel/framework/src/Illuminate/Routing/Router.php(800): Illuminate\\Routing\\Router->runRouteWithinStack(Object(Illuminate\\Routing\\Route), Object(Illuminate\\Http\\Request))
#17 /Users/mariopazmino/Desktop/springboot/app/contabilidad-backend/vendor/laravel/framework/src/Illuminate/Routing/Router.php(764): Illuminate\\Routing\\Router->runRoute(Object(Illuminate\\Http\\Request), Object(Illuminate\\Routing\\Route))
#18 /Users/mariopazmino/Desktop/springboot/app/contabilidad-backend/vendor/laravel/framework/src/Illuminate/Routing/Router.php(753): Illuminate\\Routing\\Router->dispatchToRoute(Object(Illuminate\\Http\\Request))
#19 /Users/mariopazmino/Desktop/springboot/app/contabilidad-backend/vendor/laravel/framework/src/Illuminate/Foundation/Http/Kernel.php(200): Illuminate\\Routing\\Router->dispatch(Object(Illuminate\\Http\\Request))
#20 /Users/mariopazmino/Desktop/springboot/app/contabilidad-backend/vendor/laravel/framework/src/Illuminate/Pipeline/Pipeline.php(180): Illuminate\\Foundation\\Http\\Kernel->{closure:Illuminate\\Foundation\\Http\\Kernel::dispatchToRouter():197}(Object(Illuminate\\Http\\Request))
#21 /Users/mariopazmino/Desktop/springboot/app/contabilidad-backend/vendor/laravel/framework/src/Illuminate/Foundation/Http/Middleware/TransformsRequest.php(21): Illuminate\\Pipeline\\Pipeline->{closure:Illuminate\\Pipeline\\Pipeline::prepareDestination():178}(Object(Illuminate\\Http\\Request))
#22 /Users/mariopazmino/Desktop/springboot/app/contabilidad-backend/vendor/laravel/framework/src/Illuminate/Foundation/Http/Middleware/ConvertEmptyStringsToNull.php(31): Illuminate\\Foundation\\Http\\Middleware\\TransformsRequest->handle(Object(Illuminate\\Http\\Request), Object(Closure))
#23 /Users/mariopazmino/Desktop/springboot/app/contabilidad-backend/vendor/laravel/framework/src/Illuminate/Pipeline/Pipeline.php(219): Illuminate\\Foundation\\Http\\Middleware\\ConvertEmptyStringsToNull->handle(Object(Illuminate\\Http\\Request), Object(Closure))
#24 /Users/mariopazmino/Desktop/springboot/app/contabilidad-backend/vendor/laravel/framework/src/Illuminate/Foundation/Http/Middleware/TransformsRequest.php(21): Illuminate\\Pipeline\\Pipeline->{closure:{closure:Illuminate\\Pipeline\\Pipeline::carry():194}:195}(Object(Illuminate\\Http\\Request))
#25 /Users/mariopazmino/Desktop/springboot/app/contabilidad-backend/vendor/laravel/framework/src/Illuminate/Foundation/Http/Middleware/TrimStrings.php(51): Illuminate\\Foundation\\Http\\Middleware\\TransformsRequest->handle(Object(Illuminate\\Http\\Request), Object(Closure))
#26 /Users/mariopazmino/Desktop/springboot/app/contabilidad-backend/vendor/laravel/framework/src/Illuminate/Pipeline/Pipeline.php(219): Illuminate\\Foundation\\Http\\Middleware\\TrimStrings->handle(Object(Illuminate\\Http\\Request), Object(Closure))
#27 /Users/mariopazmino/Desktop/springboot/app/contabilidad-backend/vendor/laravel/framework/src/Illuminate/Http/Middleware/ValidatePostSize.php(27): Illuminate\\Pipeline\\Pipeline->{closure:{closure:Illuminate\\Pipeline\\Pipeline::carry():194}:195}(Object(Illuminate\\Http\\Request))
#28 /Users/mariopazmino/Desktop/springboot/app/contabilidad-backend/vendor/laravel/framework/src/Illuminate/Pipeline/Pipeline.php(219): Illuminate\\Http\\Middleware\\ValidatePostSize->handle(Object(Illuminate\\Http\\Request), Object(Closure))
#29 /Users/mariopazmino/Desktop/springboot/app/contabilidad-backend/vendor/laravel/framework/src/Illuminate/Foundation/Http/Middleware/PreventRequestsDuringMaintenance.php(109): Illuminate\\Pipeline\\Pipeline->{closure:{closure:Illuminate\\Pipeline\\Pipeline::carry():194}:195}(Object(Illuminate\\Http\\Request))
#30 /Users/mariopazmino/Desktop/springboot/app/contabilidad-backend/vendor/laravel/framework/src/Illuminate/Pipeline/Pipeline.php(219): Illuminate\\Foundation\\Http\\Middleware\\PreventRequestsDuringMaintenance->handle(Object(Illuminate\\Http\\Request), Object(Closure))
#31 /Users/mariopazmino/Desktop/springboot/app/contabilidad-backend/vendor/laravel/framework/src/Illuminate/Http/Middleware/HandleCors.php(74): Illuminate\\Pipeline\\Pipeline->{closure:{closure:Illuminate\\Pipeline\\Pipeline::carry():194}:195}(Object(Illuminate\\Http\\Request))
#32 /Users/mariopazmino/Desktop/springboot/app/contabilidad-backend/vendor/laravel/framework/src/Illuminate/Pipeline/Pipeline.php(219): Illuminate\\Http\\Middleware\\HandleCors->handle(Object(Illuminate\\Http\\Request), Object(Closure))
#33 /Users/mariopazmino/Desktop/springboot/app/contabilidad-backend/vendor/laravel/framework/src/Illuminate/Http/Middleware/TrustProxies.php(58): Illuminate\\Pipeline\\Pipeline->{closure:{closure:Illuminate\\Pipeline\\Pipeline::carry():194}:195}(Object(Illuminate\\Http\\Request))
#34 /Users/mariopazmino/Desktop/springboot/app/contabilidad-backend/vendor/laravel/framework/src/Illuminate/Pipeline/Pipeline.php(219): Illuminate\\Http\\Middleware\\TrustProxies->handle(Object(Illuminate\\Http\\Request), Object(Closure))
#35 /Users/mariopazmino/Desktop/springboot/app/contabilidad-backend/vendor/laravel/framework/src/Illuminate/Foundation/Http/Middleware/InvokeDeferredCallbacks.php(22): Illuminate\\Pipeline\\Pipeline->{closure:{closure:Illuminate\\Pipeline\\Pipeline::carry():194}:195}(Object(Illuminate\\Http\\Request))
#36 /Users/mariopazmino/Desktop/springboot/app/contabilidad-backend/vendor/laravel/framework/src/Illuminate/Pipeline/Pipeline.php(219): Illuminate\\Foundation\\Http\\Middleware\\InvokeDeferredCallbacks->handle(Object(Illuminate\\Http\\Request), Object(Closure))
#37 /Users/mariopazmino/Desktop/springboot/app/contabilidad-backend/vendor/laravel/framework/src/Illuminate/Http/Middleware/ValidatePathEncoding.php(28): Illuminate\\Pipeline\\Pipeline->{closure:{closure:Illuminate\\Pipeline\\Pipeline::carry():194}:195}(Object(Illuminate\\Http\\Request))
#38 /Users/mariopazmino/Desktop/springboot/app/contabilidad-backend/vendor/laravel/framework/src/Illuminate/Pipeline/Pipeline.php(219): Illuminate\\Http\\Middleware\\ValidatePathEncoding->handle(Object(Illuminate\\Http\\Request), Object(Closure))
#39 /Users/mariopazmino/Desktop/springboot/app/contabilidad-backend/vendor/laravel/framework/src/Illuminate/Pipeline/Pipeline.php(137): Illuminate\\Pipeline\\Pipeline->{closure:{closure:Illuminate\\Pipeline\\Pipeline::carry():194}:195}(Object(Illuminate\\Http\\Request))
#40 /Users/mariopazmino/Desktop/springboot/app/contabilidad-backend/vendor/laravel/framework/src/Illuminate/Foundation/Http/Kernel.php(175): Illuminate\\Pipeline\\Pipeline->then(Object(Closure))
#41 /Users/mariopazmino/Desktop/springboot/app/contabilidad-backend/vendor/laravel/framework/src/Illuminate/Foundation/Http/Kernel.php(144): Illuminate\\Foundation\\Http\\Kernel->sendRequestThroughRouter(Object(Illuminate\\Http\\Request))
#42 /Users/mariopazmino/Desktop/springboot/app/contabilidad-backend/vendor/laravel/framework/src/Illuminate/Foundation/Application.php(1220): Illuminate\\Foundation\\Http\\Kernel->handle(Object(Illuminate\\Http\\Request))
#43 /Users/mariopazmino/Desktop/springboot/app/contabilidad-backend/public/index.php(20): Illuminate\\Foundation\\Application->handleRequest(Object(Illuminate\\Http\\Request))
#44 /Users/mariopazmino/Desktop/springboot/app/contabilidad-backend/vendor/laravel/framework/src/Illuminate/Foundation/resources/server.php(23): require_once('/Users/mariopaz...')
#45 {main}

[previous exception] [object] (Illuminate\\Database\\SQLiteDatabaseDoesNotExistException(code: 0): Database file at path [/Users/mariopazmino/Desktop/app/contabilidad-backend/database/database.sqlite] does not exist. Ensure this is an absolute path to the database. at /Users/mariopazmino/Desktop/springboot/app/contabilidad-backend/vendor/laravel/framework/src/Illuminate/Database/Connectors/SQLiteConnector.php:61)
[stacktrace]
#0 /Users/mariopazmino/Desktop/springboot/app/contabilidad-backend/vendor/laravel/framework/src/Illuminate/Database/Connectors/SQLiteConnector.php(19): Illuminate\\Database\\Connectors\\SQLiteConnector->parseDatabasePath(false)
#1 /Users/mariopazmino/Desktop/springboot/app/contabilidad-backend/vendor/laravel/framework/src/Illuminate/Database/Connectors/ConnectionFactory.php(259): Illuminate\\Database\\Connectors\\SQLiteConnector->connect(Array)
#2 [internal function]: Illuminate\\Database\\Connectors\\ConnectionFactory->{closure:Illuminate\\Database\\Connectors\\ConnectionFactory::createPdoResolverWithoutHosts():259}()
#3 /Users/mariopazmino/Desktop/springboot/app/contabilidad-backend/vendor/laravel/framework/src/Illuminate/Database/Connection.php(1297): call_user_func(Object(Closure))
#4 /Users/mariopazmino/Desktop/springboot/app/contabilidad-backend/vendor/laravel/framework/src/Illuminate/Database/Connection.php(1335): Illuminate\\Database\\Connection->getPdo()
#5 /Users/mariopazmino/Desktop/springboot/app/contabilidad-backend/vendor/laravel/framework/src/Illuminate/Database/Connection.php(542): Illuminate\\Database\\Connection->getReadPdo()
#6 /Users/mariopazmino/Desktop/springboot/app/contabilidad-backend/vendor/laravel/framework/src/Illuminate/Database/Connection.php(435): Illuminate\\Database\\Connection->getPdoForSelect(true)
#7 /Users/mariopazmino/Desktop/springboot/app/contabilidad-backend/vendor/laravel/framework/src/Illuminate/Database/Connection.php(846): Illuminate\\Database\\Connection->{closure:Illuminate\\Database\\Connection::select():426}('select * from \"...', Array)
#8 /Users/mariopazmino/Desktop/springboot/app/contabilidad-backend/vendor/laravel/framework/src/Illuminate/Database/Connection.php(813): Illuminate\\Database\\Connection->runQueryCallback('select * from \"...', Array, Object(Closure))
#9 /Users/mariopazmino/Desktop/springboot/app/contabilidad-backend/vendor/laravel/framework/src/Illuminate/Database/Connection.php(426): Illuminate\\Database\\Connection->run('select * from \"...', Array, Object(Closure))
#10 /Users/mariopazmino/Desktop/springboot/app/contabilidad-backend/vendor/laravel/framework/src/Illuminate/Database/Query/Builder.php(3573): Illuminate\\Database\\Connection->select('select * from \"...', Array, true, Array)
#11 /Users/mariopazmino/Desktop/springboot/app/contabilidad-backend/vendor/laravel/framework/src/Illuminate/Database/Query/Builder.php(3557): Illuminate\\Database\\Query\\Builder->runSelect()
#12 /Users/mariopazmino/Desktop/springboot/app/contabilidad-backend/vendor/laravel/framework/src/Illuminate/Cache/DatabaseStore.php(142): Illuminate\\Database\\Query\\Builder->get()
#13 /Users/mariopazmino/Desktop/springboot/app/contabilidad-backend/vendor/laravel/framework/src/Illuminate/Cache/DatabaseStore.php(117): Illuminate\\Cache\\DatabaseStore->many(Array)
#14 /Users/mariopazmino/Desktop/springboot/app/contabilidad-backend/vendor/laravel/framework/src/Illuminate/Cache/Repository.php(138): Illuminate\\Cache\\DatabaseStore->get('5c785c036466ade...')
#15 /Users/mariopazmino/Desktop/springboot/app/contabilidad-backend/vendor/laravel/framework/src/Illuminate/Cache/RateLimiter.php(206): Illuminate\\Cache\\Repository->get('5c785c036466ade...', 0)
#16 /Users/mariopazmino/Desktop/springboot/app/contabilidad-backend/vendor/laravel/framework/src/Illuminate/Cache/RateLimiter.php(302): Illuminate\\Cache\\RateLimiter->{closure:Illuminate\\Cache\\RateLimiter::attempts():206}()
#17 /Users/mariopazmino/Desktop/springboot/app/contabilidad-backend/vendor/laravel/framework/src/Illuminate/Cache/RateLimiter.php(206): Illuminate\\Cache\\RateLimiter->withoutSerializationOrCompression(Object(Closure))
#18 /Users/mariopazmino/Desktop/springboot/app/contabilidad-backend/vendor/laravel/framework/src/Illuminate/Cache/RateLimiter.php(129): Illuminate\\Cache\\RateLimiter->attempts('5c785c036466ade...')
#19 /Users/mariopazmino/Desktop/springboot/app/contabilidad-backend/vendor/laravel/framework/src/Illuminate/Routing/Middleware/ThrottleRequests.php(157): Illuminate\\Cache\\RateLimiter->tooManyAttempts('5c785c036466ade...', 5)
#20 /Users/mariopazmino/Desktop/springboot/app/contabilidad-backend/vendor/laravel/framework/src/Illuminate/Routing/Middleware/ThrottleRequests.php(93): Illuminate\\Routing\\Middleware\\ThrottleRequests->handleRequest(Object(Illuminate\\Http\\Request), Object(Closure), Array)
#21 /Users/mariopazmino/Desktop/springboot/app/contabilidad-backend/vendor/laravel/framework/src/Illuminate/Pipeline/Pipeline.php(219): Illuminate\\Routing\\Middleware\\ThrottleRequests->handle(Object(Illuminate\\Http\\Request), Object(Closure), '5', '1')
#22 /Users/mariopazmino/Desktop/springboot/app/contabilidad-backend/vendor/laravel/framework/src/Illuminate/Pipeline/Pipeline.php(137): Illuminate\\Pipeline\\Pipeline->{closure:{closure:Illuminate\\Pipeline\\Pipeline::carry():194}:195}(Object(Illuminate\\Http\\Request))
#23 /Users/mariopazmino/Desktop/springboot/app/contabilidad-backend/vendor/laravel/framework/src/Illuminate/Routing/Router.php(821): Illuminate\\Pipeline\\Pipeline->then(Object(Closure))
#24 /Users/mariopazmino/Desktop/springboot/app/contabilidad-backend/vendor/laravel/framework/src/Illuminate/Routing/Router.php(800): Illuminate\\Routing\\Router->runRouteWithinStack(Object(Illuminate\\Routing\\Route), Object(Illuminate\\Http\\Request))
#25 /Users/mariopazmino/Desktop/springboot/app/contabilidad-backend/vendor/laravel/framework/src/Illuminate/Routing/Router.php(764): Illuminate\\Routing\\Router->runRoute(Object(Illuminate\\Http\\Request), Object(Illuminate\\Routing\\Route))
#26 /Users/mariopazmino/Desktop/springboot/app/contabilidad-backend/vendor/laravel/framework/src/Illuminate/Routing/Router.php(753): Illuminate\\Routing\\Router->dispatchToRoute(Object(Illuminate\\Http\\Request))
#27 /Users/mariopazmino/Desktop/springboot/app/contabilidad-backend/vendor/laravel/framework/src/Illuminate/Foundation/Http/Kernel.php(200): Illuminate\\Routing\\Router->dispatch(Object(Illuminate\\Http\\Request))
#28 /Users/mariopazmino/Desktop/springboot/app/contabilidad-backend/vendor/laravel/framework/src/Illuminate/Pipeline/Pipeline.php(180): Illuminate\\Foundation\\Http\\Kernel->{closure:Illuminate\\Foundation\\Http\\Kernel::dispatchToRouter():197}(Object(Illuminate\\Http\\Request))
#29 /Users/mariopazmino/Desktop/springboot/app/contabilidad-backend/vendor/laravel/framework/src/Illuminate/Foundation/Http/Middleware/TransformsRequest.php(21): Illuminate\\Pipeline\\Pipeline->{closure:Illuminate\\Pipeline\\Pipeline::prepareDestination():178}(Object(Illuminate\\Http\\Request))
#30 /Users/mariopazmino/Desktop/springboot/app/contabilidad-backend/vendor/laravel/framework/src/Illuminate/Foundation/Http/Middleware/ConvertEmptyStringsToNull.php(31): Illuminate\\Foundation\\Http\\Middleware\\TransformsRequest->handle(Object(Illuminate\\Http\\Request), Object(Closure))
#31 /Users/mariopazmino/Desktop/springboot/app/contabilidad-backend/vendor/laravel/framework/src/Illuminate/Pipeline/Pipeline.php(219): Illuminate\\Foundation\\Http\\Middleware\\ConvertEmptyStringsToNull->handle(Object(Illuminate\\Http\\Request), Object(Closure))
#32 /Users/mariopazmino/Desktop/springboot/app/contabilidad-backend/vendor/laravel/framework/src/Illuminate/Foundation/Http/Middleware/TransformsRequest.php(21): Illuminate\\Pipeline\\Pipeline->{closure:{closure:Illuminate\\Pipeline\\Pipeline::carry():194}:195}(Object(Illuminate\\Http\\Request))
#33 /Users/mariopazmino/Desktop/springboot/app/contabilidad-backend/vendor/laravel/framework/src/Illuminate/Foundation/Http/Middleware/TrimStrings.php(51): Illuminate\\Foundation\\Http\\Middleware\\TransformsRequest->handle(Object(Illuminate\\Http\\Request), Object(Closure))
#34 /Users/mariopazmino/Desktop/springboot/app/contabilidad-backend/vendor/laravel/framework/src/Illuminate/Pipeline/Pipeline.php(219): Illuminate\\Foundation\\Http\\Middleware\\TrimStrings->handle(Object(Illuminate\\Http\\Request), Object(Closure))
#35 /Users/mariopazmino/Desktop/springboot/app/contabilidad-backend/vendor/laravel/framework/src/Illuminate/Http/Middleware/ValidatePostSize.php(27): Illuminate\\Pipeline\\Pipeline->{closure:{closure:Illuminate\\Pipeline\\Pipeline::carry():194}:195}(Object(Illuminate\\Http\\Request))
#36 /Users/mariopazmino/Desktop/springboot/app/contabilidad-backend/vendor/laravel/framework/src/Illuminate/Pipeline/Pipeline.php(219): Illuminate\\Http\\Middleware\\ValidatePostSize->handle(Object(Illuminate\\Http\\Request), Object(Closure))
#37 /Users/mariopazmino/Desktop/springboot/app/contabilidad-backend/vendor/laravel/framework/src/Illuminate/Foundation/Http/Middleware/PreventRequestsDuringMaintenance.php(109): Illuminate\\Pipeline\\Pipeline->{closure:{closure:Illuminate\\Pipeline\\Pipeline::carry():194}:195}(Object(Illuminate\\Http\\Request))
#38 /Users/mariopazmino/Desktop/springboot/app/contabilidad-backend/vendor/laravel/framework/src/Illuminate/Pipeline/Pipeline.php(219): Illuminate\\Foundation\\Http\\Middleware\\PreventRequestsDuringMaintenance->handle(Object(Illuminate\\Http\\Request), Object(Closure))
#39 /Users/mariopazmino/Desktop/springboot/app/contabilidad-backend/vendor/laravel/framework/src/Illuminate/Http/Middleware/HandleCors.php(74): Illuminate\\Pipeline\\Pipeline->{closure:{closure:Illuminate\\Pipeline\\Pipeline::carry():194}:195}(Object(Illuminate\\Http\\Request))
#40 /Users/mariopazmino/Desktop/springboot/app/contabilidad-backend/vendor/laravel/framework/src/Illuminate/Pipeline/Pipeline.php(219): Illuminate\\Http\\Middleware\\HandleCors->handle(Object(Illuminate\\Http\\Request), Object(Closure))
#41 /Users/mariopazmino/Desktop/springboot/app/contabilidad-backend/vendor/laravel/framework/src/Illuminate/Http/Middleware/TrustProxies.php(58): Illuminate\\Pipeline\\Pipeline->{closure:{closure:Illuminate\\Pipeline\\Pipeline::carry():194}:195}(Object(Illuminate\\Http\\Request))
#42 /Users/mariopazmino/Desktop/springboot/app/contabilidad-backend/vendor/laravel/framework/src/Illuminate/Pipeline/Pipeline.php(219): Illuminate\\Http\\Middleware\\TrustProxies->handle(Object(Illuminate\\Http\\Request), Object(Closure))
#43 /Users/mariopazmino/Desktop/springboot/app/contabilidad-backend/vendor/laravel/framework/src/Illuminate/Foundation/Http/Middleware/InvokeDeferredCallbacks.php(22): Illuminate\\Pipeline\\Pipeline->{closure:{closure:Illuminate\\Pipeline\\Pipeline::carry():194}:195}(Object(Illuminate\\Http\\Request))
#44 /Users/mariopazmino/Desktop/springboot/app/contabilidad-backend/vendor/laravel/framework/src/Illuminate/Pipeline/Pipeline.php(219): Illuminate\\Foundation\\Http\\Middleware\\InvokeDeferredCallbacks->handle(Object(Illuminate\\Http\\Request), Object(Closure))
#45 /Users/mariopazmino/Desktop/springboot/app/contabilidad-backend/vendor/laravel/framework/src/Illuminate/Http/Middleware/ValidatePathEncoding.php(28): Illuminate\\Pipeline\\Pipeline->{closure:{closure:Illuminate\\Pipeline\\Pipeline::carry():194}:195}(Object(Illuminate\\Http\\Request))
#46 /Users/mariopazmino/Desktop/springboot/app/contabilidad-backend/vendor/laravel/framework/src/Illuminate/Pipeline/Pipeline.php(219): Illuminate\\Http\\Middleware\\ValidatePathEncoding->handle(Object(Illuminate\\Http\\Request), Object(Closure))
#47 /Users/mariopazmino/Desktop/springboot/app/contabilidad-backend/vendor/laravel/framework/src/Illuminate/Pipeline/Pipeline.php(137): Illuminate\\Pipeline\\Pipeline->{closure:{closure:Illuminate\\Pipeline\\Pipeline::carry():194}:195}(Object(Illuminate\\Http\\Request))
#48 /Users/mariopazmino/Desktop/springboot/app/contabilidad-backend/vendor/laravel/framework/src/Illuminate/Foundation/Http/Kernel.php(175): Illuminate\\Pipeline\\Pipeline->then(Object(Closure))
#49 /Users/mariopazmino/Desktop/springboot/app/contabilidad-backend/vendor/laravel/framework/src/Illuminate/Foundation/Http/Kernel.php(144): Illuminate\\Foundation\\Http\\Kernel->sendRequestThroughRouter(Object(Illuminate\\Http\\Request))
#50 /Users/mariopazmino/Desktop/springboot/app/contabilidad-backend/vendor/laravel/framework/src/Illuminate/Foundation/Application.php(1220): Illuminate\\Foundation\\Http\\Kernel->handle(Object(Illuminate\\Http\\Request))
#51 /Users/mariopazmino/Desktop/springboot/app/contabilidad-backend/public/index.php(20): Illuminate\\Foundation\\Application->handleRequest(Object(Illuminate\\Http\\Request))
#52 /Users/mariopazmino/Desktop/springboot/app/contabilidad-backend/vendor/laravel/framework/src/Illuminate/Foundation/resources/server.php(23): require_once('/Users/mariopaz...')
#53 {main}
"} 
[2026-07-14 23:55:51] local.ERROR: Database file at path [/Users/mariopazmino/Desktop/app/contabilidad-backend/database/database.sqlite] does not exist. Ensure this is an absolute path to the database. (Connection: sqlite, Database: /Users/mariopazmino/Desktop/app/contabilidad-backend/database/database.sqlite, SQL: select * from "cache" where "key" in (laravel-cache-5c785c036466adea360111aa28563bfd556b5fba)) {"exception":"[object] (Illuminate\\Database\\QueryException(code: 0): Database file at path [/Users/mariopazmino/Desktop/app/contabilidad-backend/database/database.sqlite] does not exist. Ensure this is an absolute path to the database. (Connection: sqlite, Database: /Users/mariopazmino/Desktop/app/contabilidad-backend/database/database.sqlite, SQL: select * from \"cache\" where \"key\" in (laravel-cache-5c785c036466adea360111aa28563bfd556b5fba)) at /Users/mariopazmino/Desktop/springboot/app/contabilidad-backend/vendor/laravel/framework/src/Illuminate/Database/Connection.php:857)
[stacktrace]
#0 /Users/mariopazmino/Desktop/springboot/app/contabilidad-backend/vendor/laravel/framework/src/Illuminate/Database/Connection.php(813): Illuminate\\Database\\Connection->runQueryCallback('select * from \"...', Array, Object(Closure))
#1 /Users/mariopazmino/Desktop/springboot/app/contabilidad-backend/vendor/laravel/framework/src/Illuminate/Database/Connection.php(426): Illuminate\\Database\\Connection->run('select * from \"...', Array, Object(Closure))
#2 /Users/mariopazmino/Desktop/springboot/app/contabilidad-backend/vendor/laravel/framework/src/Illuminate/Database/Query/Builder.php(3573): Illuminate\\Database\\Connection->select('select * from \"...', Array, true, Array)
#3 /Users/mariopazmino/Desktop/springboot/app/contabilidad-backend/vendor/laravel/framework/src/Illuminate/Database/Query/Builder.php(3557): Illuminate\\Database\\Query\\Builder->runSelect()
#4 /Users/mariopazmino/Desktop/springboot/app/contabilidad-backend/vendor/laravel/framework/src/Illuminate/Cache/DatabaseStore.php(142): Illuminate\\Database\\Query\\Builder->get()
#5 /Users/mariopazmino/Desktop/springboot/app/contabilidad-backend/vendor/laravel/framework/src/Illuminate/Cache/DatabaseStore.php(117): Illuminate\\Cache\\DatabaseStore->many(Array)
#6 /Users/mariopazmino/Desktop/springboot/app/contabilidad-backend/vendor/laravel/framework/src/Illuminate/Cache/Repository.php(138): Illuminate\\Cache\\DatabaseStore->get('5c785c036466ade...')
#7 /Users/mariopazmino/Desktop/springboot/app/contabilidad-backend/vendor/laravel/framework/src/Illuminate/Cache/RateLimiter.php(206): Illuminate\\Cache\\Repository->get('5c785c036466ade...', 0)
#8 /Users/mariopazmino/Desktop/springboot/app/contabilidad-backend/vendor/laravel/framework/src/Illuminate/Cache/RateLimiter.php(302): Illuminate\\Cache\\RateLimiter->{closure:Illuminate\\Cache\\RateLimiter::attempts():206}()
#9 /Users/mariopazmino/Desktop/springboot/app/contabilidad-backend/vendor/laravel/framework/src/Illuminate/Cache/RateLimiter.php(206): Illuminate\\Cache\\RateLimiter->withoutSerializationOrCompression(Object(Closure))
#10 /Users/mariopazmino/Desktop/springboot/app/contabilidad-backend/vendor/laravel/framework/src/Illuminate/Cache/RateLimiter.php(129): Illuminate\\Cache\\RateLimiter->attempts('5c785c036466ade...')
#11 /Users/mariopazmino/Desktop/springboot/app/contabilidad-backend/vendor/laravel/framework/src/Illuminate/Routing/Middleware/ThrottleRequests.php(157): Illuminate\\Cache\\RateLimiter->tooManyAttempts('5c785c036466ade...', 5)
#12 /Users/mariopazmino/Desktop/springboot/app/contabilidad-backend/vendor/laravel/framework/src/Illuminate/Routing/Middleware/ThrottleRequests.php(93): Illuminate\\Routing\\Middleware\\ThrottleRequests->handleRequest(Object(Illuminate\\Http\\Request), Object(Closure), Array)
#13 /Users/mariopazmino/Desktop/springboot/app/contabilidad-backend/vendor/laravel/framework/src/Illuminate/Pipeline/Pipeline.php(219): Illuminate\\Routing\\Middleware\\ThrottleRequests->handle(Object(Illuminate\\Http\\Request), Object(Closure), '5', '1')
#14 /Users/mariopazmino/Desktop/springboot/app/contabilidad-backend/vendor/laravel/framework/src/Illuminate/Pipeline/Pipeline.php(137): Illuminate\\Pipeline\\Pipeline->{closure:{closure:Illuminate\\Pipeline\\Pipeline::carry():194}:195}(Object(Illuminate\\Http\\Request))
#15 /Users/mariopazmino/Desktop/springboot/app/contabilidad-backend/vendor/laravel/framework/src/Illuminate/Routing/Router.php(821): Illuminate\\Pipeline\\Pipeline->then(Object(Closure))
#16 /Users/mariopazmino/Desktop/springboot/app/contabilidad-backend/vendor/laravel/framework/src/Illuminate/Routing/Router.php(800): Illuminate\\Routing\\Router->runRouteWithinStack(Object(Illuminate\\Routing\\Route), Object(Illuminate\\Http\\Request))
#17 /Users/mariopazmino/Desktop/springboot/app/contabilidad-backend/vendor/laravel/framework/src/Illuminate/Routing/Router.php(764): Illuminate\\Routing\\Router->runRoute(Object(Illuminate\\Http\\Request), Object(Illuminate\\Routing\\Route))
#18 /Users/mariopazmino/Desktop/springboot/app/contabilidad-backend/vendor/laravel/framework/src/Illuminate/Routing/Router.php(753): Illuminate\\Routing\\Router->dispatchToRoute(Object(Illuminate\\Http\\Request))
#19 /Users/mariopazmino/Desktop/springboot/app/contabilidad-backend/vendor/laravel/framework/src/Illuminate/Foundation/Http/Kernel.php(200): Illuminate\\Routing\\Router->dispatch(Object(Illuminate\\Http\\Request))
#20 /Users/mariopazmino/Desktop/springboot/app/contabilidad-backend/vendor/laravel/framework/src/Illuminate/Pipeline/Pipeline.php(180): Illuminate\\Foundation\\Http\\Kernel->{closure:Illuminate\\Foundation\\Http\\Kernel::dispatchToRouter():197}(Object(Illuminate\\Http\\Request))
#21 /Users/mariopazmino/Desktop/springboot/app/contabilidad-backend/vendor/laravel/framework/src/Illuminate/Foundation/Http/Middleware/TransformsRequest.php(21): Illuminate\\Pipeline\\Pipeline->{closure:Illuminate\\Pipeline\\Pipeline::prepareDestination():178}(Object(Illuminate\\Http\\Request))
#22 /Users/mariopazmino/Desktop/springboot/app/contabilidad-backend/vendor/laravel/framework/src/Illuminate/Foundation/Http/Middleware/ConvertEmptyStringsToNull.php(31): Illuminate\\Foundation\\Http\\Middleware\\TransformsRequest->handle(Object(Illuminate\\Http\\Request), Object(Closure))
#23 /Users/mariopazmino/Desktop/springboot/app/contabilidad-backend/vendor/laravel/framework/src/Illuminate/Pipeline/Pipeline.php(219): Illuminate\\Foundation\\Http\\Middleware\\ConvertEmptyStringsToNull->handle(Object(Illuminate\\Http\\Request), Object(Closure))
#24 /Users/mariopazmino/Desktop/springboot/app/contabilidad-backend/vendor/laravel/framework/src/Illuminate/Foundation/Http/Middleware/TransformsRequest.php(21): Illuminate\\Pipeline\\Pipeline->{closure:{closure:Illuminate\\Pipeline\\Pipeline::carry():194}:195}(Object(Illuminate\\Http\\Request))
#25 /Users/mariopazmino/Desktop/springboot/app/contabilidad-backend/vendor/laravel/framework/src/Illuminate/Foundation/Http/Middleware/TrimStrings.php(51): Illuminate\\Foundation\\Http\\Middleware\\TransformsRequest->handle(Object(Illuminate\\Http\\Request), Object(Closure))
#26 /Users/mariopazmino/Desktop/springboot/app/contabilidad-backend/vendor/laravel/framework/src/Illuminate/Pipeline/Pipeline.php(219): Illuminate\\Foundation\\Http\\Middleware\\TrimStrings->handle(Object(Illuminate\\Http\\Request), Object(Closure))
#27 /Users/mariopazmino/Desktop/springboot/app/contabilidad-backend/vendor/laravel/framework/src/Illuminate/Http/Middleware/ValidatePostSize.php(27): Illuminate\\Pipeline\\Pipeline->{closure:{closure:Illuminate\\Pipeline\\Pipeline::carry():194}:195}(Object(Illuminate\\Http\\Request))
#28 /Users/mariopazmino/Desktop/springboot/app/contabilidad-backend/vendor/laravel/framework/src/Illuminate/Pipeline/Pipeline.php(219): Illuminate\\Http\\Middleware\\ValidatePostSize->handle(Object(Illuminate\\Http\\Request), Object(Closure))
#29 /Users/mariopazmino/Desktop/springboot/app/contabilidad-backend/vendor/laravel/framework/src/Illuminate/Foundation/Http/Middleware/PreventRequestsDuringMaintenance.php(109): Illuminate\\Pipeline\\Pipeline->{closure:{closure:Illuminate\\Pipeline\\Pipeline::carry():194}:195}(Object(Illuminate\\Http\\Request))
#30 /Users/mariopazmino/Desktop/springboot/app/contabilidad-backend/vendor/laravel/framework/src/Illuminate/Pipeline/Pipeline.php(219): Illuminate\\Foundation\\Http\\Middleware\\PreventRequestsDuringMaintenance->handle(Object(Illuminate\\Http\\Request), Object(Closure))
#31 /Users/mariopazmino/Desktop/springboot/app/contabilidad-backend/vendor/laravel/framework/src/Illuminate/Http/Middleware/HandleCors.php(74): Illuminate\\Pipeline\\Pipeline->{closure:{closure:Illuminate\\Pipeline\\Pipeline::carry():194}:195}(Object(Illuminate\\Http\\Request))
#32 /Users/mariopazmino/Desktop/springboot/app/contabilidad-backend/vendor/laravel/framework/src/Illuminate/Pipeline/Pipeline.php(219): Illuminate\\Http\\Middleware\\HandleCors->handle(Object(Illuminate\\Http\\Request), Object(Closure))
#33 /Users/mariopazmino/Desktop/springboot/app/contabilidad-backend/vendor/laravel/framework/src/Illuminate/Http/Middleware/TrustProxies.php(58): Illuminate\\Pipeline\\Pipeline->{closure:{closure:Illuminate\\Pipeline\\Pipeline::carry():194}:195}(Object(Illuminate\\Http\\Request))
#34 /Users/mariopazmino/Desktop/springboot/app/contabilidad-backend/vendor/laravel/framework/src/Illuminate/Pipeline/Pipeline.php(219): Illuminate\\Http\\Middleware\\TrustProxies->handle(Object(Illuminate\\Http\\Request), Object(Closure))
#35 /Users/mariopazmino/Desktop/springboot/app/contabilidad-backend/vendor/laravel/framework/src/Illuminate/Foundation/Http/Middleware/InvokeDeferredCallbacks.php(22): Illuminate\\Pipeline\\Pipeline->{closure:{closure:Illuminate\\Pipeline\\Pipeline::carry():194}:195}(Object(Illuminate\\Http\\Request))
#36 /Users/mariopazmino/Desktop/springboot/app/contabilidad-backend/vendor/laravel/framework/src/Illuminate/Pipeline/Pipeline.php(219): Illuminate\\Foundation\\Http\\Middleware\\InvokeDeferredCallbacks->handle(Object(Illuminate\\Http\\Request), Object(Closure))
#37 /Users/mariopazmino/Desktop/springboot/app/contabilidad-backend/vendor/laravel/framework/src/Illuminate/Http/Middleware/ValidatePathEncoding.php(28): Illuminate\\Pipeline\\Pipeline->{closure:{closure:Illuminate\\Pipeline\\Pipeline::carry():194}:195}(Object(Illuminate\\Http\\Request))
#38 /Users/mariopazmino/Desktop/springboot/app/contabilidad-backend/vendor/laravel/framework/src/Illuminate/Pipeline/Pipeline.php(219): Illuminate\\Http\\Middleware\\ValidatePathEncoding->handle(Object(Illuminate\\Http\\Request), Object(Closure))
#39 /Users/mariopazmino/Desktop/springboot/app/contabilidad-backend/vendor/laravel/framework/src/Illuminate/Pipeline/Pipeline.php(137): Illuminate\\Pipeline\\Pipeline->{closure:{closure:Illuminate\\Pipeline\\Pipeline::carry():194}:195}(Object(Illuminate\\Http\\Request))
#40 /Users/mariopazmino/Desktop/springboot/app/contabilidad-backend/vendor/laravel/framework/src/Illuminate/Foundation/Http/Kernel.php(175): Illuminate\\Pipeline\\Pipeline->then(Object(Closure))
#41 /Users/mariopazmino/Desktop/springboot/app/contabilidad-backend/vendor/laravel/framework/src/Illuminate/Foundation/Http/Kernel.php(144): Illuminate\\Foundation\\Http\\Kernel->sendRequestThroughRouter(Object(Illuminate\\Http\\Request))
#42 /Users/mariopazmino/Desktop/springboot/app/contabilidad-backend/vendor/laravel/framework/src/Illuminate/Foundation/Application.php(1220): Illuminate\\Foundation\\Http\\Kernel->handle(Object(Illuminate\\Http\\Request))
#43 /Users/mariopazmino/Desktop/springboot/app/contabilidad-backend/public/index.php(20): Illuminate\\Foundation\\Application->handleRequest(Object(Illuminate\\Http\\Request))
#44 /Users/mariopazmino/Desktop/springboot/app/contabilidad-backend/vendor/laravel/framework/src/Illuminate/Foundation/resources/server.php(23): require_once('/Users/mariopaz...')
#45 {main}

[previous exception] [object] (Illuminate\\Database\\SQLiteDatabaseDoesNotExistException(code: 0): Database file at path [/Users/mariopazmino/Desktop/app/contabilidad-backend/database/database.sqlite] does not exist. Ensure this is an absolute path to the database. at /Users/mariopazmino/Desktop/springboot/app/contabilidad-backend/vendor/laravel/framework/src/Illuminate/Database/Connectors/SQLiteConnector.php:61)
[stacktrace]
#0 /Users/mariopazmino/Desktop/springboot/app/contabilidad-backend/vendor/laravel/framework/src/Illuminate/Database/Connectors/SQLiteConnector.php(19): Illuminate\\Database\\Connectors\\SQLiteConnector->parseDatabasePath(false)
#1 /Users/mariopazmino/Desktop/springboot/app/contabilidad-backend/vendor/laravel/framework/src/Illuminate/Database/Connectors/ConnectionFactory.php(259): Illuminate\\Database\\Connectors\\SQLiteConnector->connect(Array)
#2 [internal function]: Illuminate\\Database\\Connectors\\ConnectionFactory->{closure:Illuminate\\Database\\Connectors\\ConnectionFactory::createPdoResolverWithoutHosts():259}()
#3 /Users/mariopazmino/Desktop/springboot/app/contabilidad-backend/vendor/laravel/framework/src/Illuminate/Database/Connection.php(1297): call_user_func(Object(Closure))
#4 /Users/mariopazmino/Desktop/springboot/app/contabilidad-backend/vendor/laravel/framework/src/Illuminate/Database/Connection.php(1335): Illuminate\\Database\\Connection->getPdo()
#5 /Users/mariopazmino/Desktop/springboot/app/contabilidad-backend/vendor/laravel/framework/src/Illuminate/Database/Connection.php(542): Illuminate\\Database\\Connection->getReadPdo()
#6 /Users/mariopazmino/Desktop/springboot/app/contabilidad-backend/vendor/laravel/framework/src/Illuminate/Database/Connection.php(435): Illuminate\\Database\\Connection->getPdoForSelect(true)
#7 /Users/mariopazmino/Desktop/springboot/app/contabilidad-backend/vendor/laravel/framework/src/Illuminate/Database/Connection.php(846): Illuminate\\Database\\Connection->{closure:Illuminate\\Database\\Connection::select():426}('select * from \"...', Array)
#8 /Users/mariopazmino/Desktop/springboot/app/contabilidad-backend/vendor/laravel/framework/src/Illuminate/Database/Connection.php(813): Illuminate\\Database\\Connection->runQueryCallback('select * from \"...', Array, Object(Closure))
#9 /Users/mariopazmino/Desktop/springboot/app/contabilidad-backend/vendor/laravel/framework/src/Illuminate/Database/Connection.php(426): Illuminate\\Database\\Connection->run('select * from \"...', Array, Object(Closure))
#10 /Users/mariopazmino/Desktop/springboot/app/contabilidad-backend/vendor/laravel/framework/src/Illuminate/Database/Query/Builder.php(3573): Illuminate\\Database\\Connection->select('select * from \"...', Array, true, Array)
#11 /Users/mariopazmino/Desktop/springboot/app/contabilidad-backend/vendor/laravel/framework/src/Illuminate/Database/Query/Builder.php(3557): Illuminate\\Database\\Query\\Builder->runSelect()
#12 /Users/mariopazmino/Desktop/springboot/app/contabilidad-backend/vendor/laravel/framework/src/Illuminate/Cache/DatabaseStore.php(142): Illuminate\\Database\\Query\\Builder->get()
#13 /Users/mariopazmino/Desktop/springboot/app/contabilidad-backend/vendor/laravel/framework/src/Illuminate/Cache/DatabaseStore.php(117): Illuminate\\Cache\\DatabaseStore->many(Array)
#14 /Users/mariopazmino/Desktop/springboot/app/contabilidad-backend/vendor/laravel/framework/src/Illuminate/Cache/Repository.php(138): Illuminate\\Cache\\DatabaseStore->get('5c785c036466ade...')
#15 /Users/mariopazmino/Desktop/springboot/app/contabilidad-backend/vendor/laravel/framework/src/Illuminate/Cache/RateLimiter.php(206): Illuminate\\Cache\\Repository->get('5c785c036466ade...', 0)
#16 /Users/mariopazmino/Desktop/springboot/app/contabilidad-backend/vendor/laravel/framework/src/Illuminate/Cache/RateLimiter.php(302): Illuminate\\Cache\\RateLimiter->{closure:Illuminate\\Cache\\RateLimiter::attempts():206}()
#17 /Users/mariopazmino/Desktop/springboot/app/contabilidad-backend/vendor/laravel/framework/src/Illuminate/Cache/RateLimiter.php(206): Illuminate\\Cache\\RateLimiter->withoutSerializationOrCompression(Object(Closure))
#18 /Users/mariopazmino/Desktop/springboot/app/contabilidad-backend/vendor/laravel/framework/src/Illuminate/Cache/RateLimiter.php(129): Illuminate\\Cache\\RateLimiter->attempts('5c785c036466ade...')
#19 /Users/mariopazmino/Desktop/springboot/app/contabilidad-backend/vendor/laravel/framework/src/Illuminate/Routing/Middleware/ThrottleRequests.php(157): Illuminate\\Cache\\RateLimiter->tooManyAttempts('5c785c036466ade...', 5)
#20 /Users/mariopazmino/Desktop/springboot/app/contabilidad-backend/vendor/laravel/framework/src/Illuminate/Routing/Middleware/ThrottleRequests.php(93): Illuminate\\Routing\\Middleware\\ThrottleRequests->handleRequest(Object(Illuminate\\Http\\Request), Object(Closure), Array)
#21 /Users/mariopazmino/Desktop/springboot/app/contabilidad-backend/vendor/laravel/framework/src/Illuminate/Pipeline/Pipeline.php(219): Illuminate\\Routing\\Middleware\\ThrottleRequests->handle(Object(Illuminate\\Http\\Request), Object(Closure), '5', '1')
#22 /Users/mariopazmino/Desktop/springboot/app/contabilidad-backend/vendor/laravel/framework/src/Illuminate/Pipeline/Pipeline.php(137): Illuminate\\Pipeline\\Pipeline->{closure:{closure:Illuminate\\Pipeline\\Pipeline::carry():194}:195}(Object(Illuminate\\Http\\Request))
#23 /Users/mariopazmino/Desktop/springboot/app/contabilidad-backend/vendor/laravel/framework/src/Illuminate/Routing/Router.php(821): Illuminate\\Pipeline\\Pipeline->then(Object(Closure))
#24 /Users/mariopazmino/Desktop/springboot/app/contabilidad-backend/vendor/laravel/framework/src/Illuminate/Routing/Router.php(800): Illuminate\\Routing\\Router->runRouteWithinStack(Object(Illuminate\\Routing\\Route), Object(Illuminate\\Http\\Request))
#25 /Users/mariopazmino/Desktop/springboot/app/contabilidad-backend/vendor/laravel/framework/src/Illuminate/Routing/Router.php(764): Illuminate\\Routing\\Router->runRoute(Object(Illuminate\\Http\\Request), Object(Illuminate\\Routing\\Route))
#26 /Users/mariopazmino/Desktop/springboot/app/contabilidad-backend/vendor/laravel/framework/src/Illuminate/Routing/Router.php(753): Illuminate\\Routing\\Router->dispatchToRoute(Object(Illuminate\\Http\\Request))
#27 /Users/mariopazmino/Desktop/springboot/app/contabilidad-backend/vendor/laravel/framework/src/Illuminate/Foundation/Http/Kernel.php(200): Illuminate\\Routing\\Router->dispatch(Object(Illuminate\\Http\\Request))
#28 /Users/mariopazmino/Desktop/springboot/app/contabilidad-backend/vendor/laravel/framework/src/Illuminate/Pipeline/Pipeline.php(180): Illuminate\\Foundation\\Http\\Kernel->{closure:Illuminate\\Foundation\\Http\\Kernel::dispatchToRouter():197}(Object(Illuminate\\Http\\Request))
#29 /Users/mariopazmino/Desktop/springboot/app/contabilidad-backend/vendor/laravel/framework/src/Illuminate/Foundation/Http/Middleware/TransformsRequest.php(21): Illuminate\\Pipeline\\Pipeline->{closure:Illuminate\\Pipeline\\Pipeline::prepareDestination():178}(Object(Illuminate\\Http\\Request))
#30 /Users/mariopazmino/Desktop/springboot/app/contabilidad-backend/vendor/laravel/framework/src/Illuminate/Foundation/Http/Middleware/ConvertEmptyStringsToNull.php(31): Illuminate\\Foundation\\Http\\Middleware\\TransformsRequest->handle(Object(Illuminate\\Http\\Request), Object(Closure))
#31 /Users/mariopazmino/Desktop/springboot/app/contabilidad-backend/vendor/laravel/framework/src/Illuminate/Pipeline/Pipeline.php(219): Illuminate\\Foundation\\Http\\Middleware\\ConvertEmptyStringsToNull->handle(Object(Illuminate\\Http\\Request), Object(Closure))
#32 /Users/mariopazmino/Desktop/springboot/app/contabilidad-backend/vendor/laravel/framework/src/Illuminate/Foundation/Http/Middleware/TransformsRequest.php(21): Illuminate\\Pipeline\\Pipeline->{closure:{closure:Illuminate\\Pipeline\\Pipeline::carry():194}:195}(Object(Illuminate\\Http\\Request))
#33 /Users/mariopazmino/Desktop/springboot/app/contabilidad-backend/vendor/laravel/framework/src/Illuminate/Foundation/Http/Middleware/TrimStrings.php(51): Illuminate\\Foundation\\Http\\Middleware\\TransformsRequest->handle(Object(Illuminate\\Http\\Request), Object(Closure))
#34 /Users/mariopazmino/Desktop/springboot/app/contabilidad-backend/vendor/laravel/framework/src/Illuminate/Pipeline/Pipeline.php(219): Illuminate\\Foundation\\Http\\Middleware\\TrimStrings->handle(Object(Illuminate\\Http\\Request), Object(Closure))
#35 /Users/mariopazmino/Desktop/springboot/app/contabilidad-backend/vendor/laravel/framework/src/Illuminate/Http/Middleware/ValidatePostSize.php(27): Illuminate\\Pipeline\\Pipeline->{closure:{closure:Illuminate\\Pipeline\\Pipeline::carry():194}:195}(Object(Illuminate\\Http\\Request))
#36 /Users/mariopazmino/Desktop/springboot/app/contabilidad-backend/vendor/laravel/framework/src/Illuminate/Pipeline/Pipeline.php(219): Illuminate\\Http\\Middleware\\ValidatePostSize->handle(Object(Illuminate\\Http\\Request), Object(Closure))
#37 /Users/mariopazmino/Desktop/springboot/app/contabilidad-backend/vendor/laravel/framework/src/Illuminate/Foundation/Http/Middleware/PreventRequestsDuringMaintenance.php(109): Illuminate\\Pipeline\\Pipeline->{closure:{closure:Illuminate\\Pipeline\\Pipeline::carry():194}:195}(Object(Illuminate\\Http\\Request))
#38 /Users/mariopazmino/Desktop/springboot/app/contabilidad-backend/vendor/laravel/framework/src/Illuminate/Pipeline/Pipeline.php(219): Illuminate\\Foundation\\Http\\Middleware\\PreventRequestsDuringMaintenance->handle(Object(Illuminate\\Http\\Request), Object(Closure))
#39 /Users/mariopazmino/Desktop/springboot/app/contabilidad-backend/vendor/laravel/framework/src/Illuminate/Http/Middleware/HandleCors.php(74): Illuminate\\Pipeline\\Pipeline->{closure:{closure:Illuminate\\Pipeline\\Pipeline::carry():194}:195}(Object(Illuminate\\Http\\Request))
#40 /Users/mariopazmino/Desktop/springboot/app/contabilidad-backend/vendor/laravel/framework/src/Illuminate/Pipeline/Pipeline.php(219): Illuminate\\Http\\Middleware\\HandleCors->handle(Object(Illuminate\\Http\\Request), Object(Closure))
#41 /Users/mariopazmino/Desktop/springboot/app/contabilidad-backend/vendor/laravel/framework/src/Illuminate/Http/Middleware/TrustProxies.php(58): Illuminate\\Pipeline\\Pipeline->{closure:{closure:Illuminate\\Pipeline\\Pipeline::carry():194}:195}(Object(Illuminate\\Http\\Request))
#42 /Users/mariopazmino/Desktop/springboot/app/contabilidad-backend/vendor/laravel/framework/src/Illuminate/Pipeline/Pipeline.php(219): Illuminate\\Http\\Middleware\\TrustProxies->handle(Object(Illuminate\\Http\\Request), Object(Closure))
#43 /Users/mariopazmino/Desktop/springboot/app/contabilidad-backend/vendor/laravel/framework/src/Illuminate/Foundation/Http/Middleware/InvokeDeferredCallbacks.php(22): Illuminate\\Pipeline\\Pipeline->{closure:{closure:Illuminate\\Pipeline\\Pipeline::carry():194}:195}(Object(Illuminate\\Http\\Request))
#44 /Users/mariopazmino/Desktop/springboot/app/contabilidad-backend/vendor/laravel/framework/src/Illuminate/Pipeline/Pipeline.php(219): Illuminate\\Foundation\\Http\\Middleware\\InvokeDeferredCallbacks->handle(Object(Illuminate\\Http\\Request), Object(Closure))
#45 /Users/mariopazmino/Desktop/springboot/app/contabilidad-backend/vendor/laravel/framework/src/Illuminate/Http/Middleware/ValidatePathEncoding.php(28): Illuminate\\Pipeline\\Pipeline->{closure:{closure:Illuminate\\Pipeline\\Pipeline::carry():194}:195}(Object(Illuminate\\Http\\Request))
#46 /Users/mariopazmino/Desktop/springboot/app/contabilidad-backend/vendor/laravel/framework/src/Illuminate/Pipeline/Pipeline.php(219): Illuminate\\Http\\Middleware\\ValidatePathEncoding->handle(Object(Illuminate\\Http\\Request), Object(Closure))
#47 /Users/mariopazmino/Desktop/springboot/app/contabilidad-backend/vendor/laravel/framework/src/Illuminate/Pipeline/Pipeline.php(137): Illuminate\\Pipeline\\Pipeline->{closure:{closure:Illuminate\\Pipeline\\Pipeline::carry():194}:195}(Object(Illuminate\\Http\\Request))
#48 /Users/mariopazmino/Desktop/springboot/app/contabilidad-backend/vendor/laravel/framework/src/Illuminate/Foundation/Http/Kernel.php(175): Illuminate\\Pipeline\\Pipeline->then(Object(Closure))
#49 /Users/mariopazmino/Desktop/springboot/app/contabilidad-backend/vendor/laravel/framework/src/Illuminate/Foundation/Http/Kernel.php(144): Illuminate\\Foundation\\Http\\Kernel->sendRequestThroughRouter(Object(Illuminate\\Http\\Request))
#50 /Users/mariopazmino/Desktop/springboot/app/contabilidad-backend/vendor/laravel/framework/src/Illuminate/Foundation/Application.php(1220): Illuminate\\Foundation\\Http\\Kernel->handle(Object(Illuminate\\Http\\Request))
#51 /Users/mariopazmino/Desktop/springboot/app/contabilidad-backend/public/index.php(20): Illuminate\\Foundation\\Application->handleRequest(Object(Illuminate\\Http\\Request))
#52 /Users/mariopazmino/Desktop/springboot/app/contabilidad-backend/vendor/laravel/framework/src/Illuminate/Foundation/resources/server.php(23): require_once('/Users/mariopaz...')
#53 {main}
"} 
[2026-07-14 23:55:51] local.ERROR: Database file at path [/Users/mariopazmino/Desktop/app/contabilidad-backend/database/database.sqlite] does not exist. Ensure this is an absolute path to the database. (Connection: sqlite, Database: /Users/mariopazmino/Desktop/app/contabilidad-backend/database/database.sqlite, SQL: select * from "cache" where "key" in (laravel-cache-5c785c036466adea360111aa28563bfd556b5fba)) {"exception":"[object] (Illuminate\\Database\\QueryException(code: 0): Database file at path [/Users/mariopazmino/Desktop/app/contabilidad-backend/database/database.sqlite] does not exist. Ensure this is an absolute path to the database. (Connection: sqlite, Database: /Users/mariopazmino/Desktop/app/contabilidad-backend/database/database.sqlite, SQL: select * from \"cache\" where \"key\" in (laravel-cache-5c785c036466adea360111aa28563bfd556b5fba)) at /Users/mariopazmino/Desktop/springboot/app/contabilidad-backend/vendor/laravel/framework/src/Illuminate/Database/Connection.php:857)
[stacktrace]
#0 /Users/mariopazmino/Desktop/springboot/app/contabilidad-backend/vendor/laravel/framework/src/Illuminate/Database/Connection.php(813): Illuminate\\Database\\Connection->runQueryCallback('select * from \"...', Array, Object(Closure))
#1 /Users/mariopazmino/Desktop/springboot/app/contabilidad-backend/vendor/laravel/framework/src/Illuminate/Database/Connection.php(426): Illuminate\\Database\\Connection->run('select * from \"...', Array, Object(Closure))
#2 /Users/mariopazmino/Desktop/springboot/app/contabilidad-backend/vendor/laravel/framework/src/Illuminate/Database/Query/Builder.php(3573): Illuminate\\Database\\Connection->select('select * from \"...', Array, true, Array)
#3 /Users/mariopazmino/Desktop/springboot/app/contabilidad-backend/vendor/laravel/framework/src/Illuminate/Database/Query/Builder.php(3557): Illuminate\\Database\\Query\\Builder->runSelect()
#4 /Users/mariopazmino/Desktop/springboot/app/contabilidad-backend/vendor/laravel/framework/src/Illuminate/Cache/DatabaseStore.php(142): Illuminate\\Database\\Query\\Builder->get()
#5 /Users/mariopazmino/Desktop/springboot/app/contabilidad-backend/vendor/laravel/framework/src/Illuminate/Cache/DatabaseStore.php(117): Illuminate\\Cache\\DatabaseStore->many(Array)
#6 /Users/mariopazmino/Desktop/springboot/app/contabilidad-backend/vendor/laravel/framework/src/Illuminate/Cache/Repository.php(138): Illuminate\\Cache\\DatabaseStore->get('5c785c036466ade...')
#7 /Users/mariopazmino/Desktop/springboot/app/contabilidad-backend/vendor/laravel/framework/src/Illuminate/Cache/RateLimiter.php(206): Illuminate\\Cache\\Repository->get('5c785c036466ade...', 0)
#8 /Users/mariopazmino/Desktop/springboot/app/contabilidad-backend/vendor/laravel/framework/src/Illuminate/Cache/RateLimiter.php(302): Illuminate\\Cache\\RateLimiter->{closure:Illuminate\\Cache\\RateLimiter::attempts():206}()
#9 /Users/mariopazmino/Desktop/springboot/app/contabilidad-backend/vendor/laravel/framework/src/Illuminate/Cache/RateLimiter.php(206): Illuminate\\Cache\\RateLimiter->withoutSerializationOrCompression(Object(Closure))
#10 /Users/mariopazmino/Desktop/springboot/app/contabilidad-backend/vendor/laravel/framework/src/Illuminate/Cache/RateLimiter.php(129): Illuminate\\Cache\\RateLimiter->attempts('5c785c036466ade...')
#11 /Users/mariopazmino/Desktop/springboot/app/contabilidad-backend/vendor/laravel/framework/src/Illuminate/Routing/Middleware/ThrottleRequests.php(157): Illuminate\\Cache\\RateLimiter->tooManyAttempts('5c785c036466ade...', 5)
#12 /Users/mariopazmino/Desktop/springboot/app/contabilidad-backend/vendor/laravel/framework/src/Illuminate/Routing/Middleware/ThrottleRequests.php(93): Illuminate\\Routing\\Middleware\\ThrottleRequests->handleRequest(Object(Illuminate\\Http\\Request), Object(Closure), Array)
#13 /Users/mariopazmino/Desktop/springboot/app/contabilidad-backend/vendor/laravel/framework/src/Illuminate/Pipeline/Pipeline.php(219): Illuminate\\Routing\\Middleware\\ThrottleRequests->handle(Object(Illuminate\\Http\\Request), Object(Closure), '5', '1')
#14 /Users/mariopazmino/Desktop/springboot/app/contabilidad-backend/vendor/laravel/framework/src/Illuminate/Pipeline/Pipeline.php(137): Illuminate\\Pipeline\\Pipeline->{closure:{closure:Illuminate\\Pipeline\\Pipeline::carry():194}:195}(Object(Illuminate\\Http\\Request))
#15 /Users/mariopazmino/Desktop/springboot/app/contabilidad-backend/vendor/laravel/framework/src/Illuminate/Routing/Router.php(821): Illuminate\\Pipeline\\Pipeline->then(Object(Closure))
#16 /Users/mariopazmino/Desktop/springboot/app/contabilidad-backend/vendor/laravel/framework/src/Illuminate/Routing/Router.php(800): Illuminate\\Routing\\Router->runRouteWithinStack(Object(Illuminate\\Routing\\Route), Object(Illuminate\\Http\\Request))
#17 /Users/mariopazmino/Desktop/springboot/app/contabilidad-backend/vendor/laravel/framework/src/Illuminate/Routing/Router.php(764): Illuminate\\Routing\\Router->runRoute(Object(Illuminate\\Http\\Request), Object(Illuminate\\Routing\\Route))
#18 /Users/mariopazmino/Desktop/springboot/app/contabilidad-backend/vendor/laravel/framework/src/Illuminate/Routing/Router.php(753): Illuminate\\Routing\\Router->dispatchToRoute(Object(Illuminate\\Http\\Request))
#19 /Users/mariopazmino/Desktop/springboot/app/contabilidad-backend/vendor/laravel/framework/src/Illuminate/Foundation/Http/Kernel.php(200): Illuminate\\Routing\\Router->dispatch(Object(Illuminate\\Http\\Request))
#20 /Users/mariopazmino/Desktop/springboot/app/contabilidad-backend/vendor/laravel/framework/src/Illuminate/Pipeline/Pipeline.php(180): Illuminate\\Foundation\\Http\\Kernel->{closure:Illuminate\\Foundation\\Http\\Kernel::dispatchToRouter():197}(Object(Illuminate\\Http\\Request))
#21 /Users/mariopazmino/Desktop/springboot/app/contabilidad-backend/vendor/laravel/framework/src/Illuminate/Foundation/Http/Middleware/TransformsRequest.php(21): Illuminate\\Pipeline\\Pipeline->{closure:Illuminate\\Pipeline\\Pipeline::prepareDestination():178}(Object(Illuminate\\Http\\Request))
#22 /Users/mariopazmino/Desktop/springboot/app/contabilidad-backend/vendor/laravel/framework/src/Illuminate/Foundation/Http/Middleware/ConvertEmptyStringsToNull.php(31): Illuminate\\Foundation\\Http\\Middleware\\TransformsRequest->handle(Object(Illuminate\\Http\\Request), Object(Closure))
#23 /Users/mariopazmino/Desktop/springboot/app/contabilidad-backend/vendor/laravel/framework/src/Illuminate/Pipeline/Pipeline.php(219): Illuminate\\Foundation\\Http\\Middleware\\ConvertEmptyStringsToNull->handle(Object(Illuminate\\Http\\Request), Object(Closure))
#24 /Users/mariopazmino/Desktop/springboot/app/contabilidad-backend/vendor/laravel/framework/src/Illuminate/Foundation/Http/Middleware/TransformsRequest.php(21): Illuminate\\Pipeline\\Pipeline->{closure:{closure:Illuminate\\Pipeline\\Pipeline::carry():194}:195}(Object(Illuminate\\Http\\Request))
#25 /Users/mariopazmino/Desktop/springboot/app/contabilidad-backend/vendor/laravel/framework/src/Illuminate/Foundation/Http/Middleware/TrimStrings.php(51): Illuminate\\Foundation\\Http\\Middleware\\TransformsRequest->handle(Object(Illuminate\\Http\\Request), Object(Closure))
#26 /Users/mariopazmino/Desktop/springboot/app/contabilidad-backend/vendor/laravel/framework/src/Illuminate/Pipeline/Pipeline.php(219): Illuminate\\Foundation\\Http\\Middleware\\TrimStrings->handle(Object(Illuminate\\Http\\Request), Object(Closure))
#27 /Users/mariopazmino/Desktop/springboot/app/contabilidad-backend/vendor/laravel/framework/src/Illuminate/Http/Middleware/ValidatePostSize.php(27): Illuminate\\Pipeline\\Pipeline->{closure:{closure:Illuminate\\Pipeline\\Pipeline::carry():194}:195}(Object(Illuminate\\Http\\Request))
#28 /Users/mariopazmino/Desktop/springboot/app/contabilidad-backend/vendor/laravel/framework/src/Illuminate/Pipeline/Pipeline.php(219): Illuminate\\Http\\Middleware\\ValidatePostSize->handle(Object(Illuminate\\Http\\Request), Object(Closure))
#29 /Users/mariopazmino/Desktop/springboot/app/contabilidad-backend/vendor/laravel/framework/src/Illuminate/Foundation/Http/Middleware/PreventRequestsDuringMaintenance.php(109): Illuminate\\Pipeline\\Pipeline->{closure:{closure:Illuminate\\Pipeline\\Pipeline::carry():194}:195}(Object(Illuminate\\Http\\Request))
#30 /Users/mariopazmino/Desktop/springboot/app/contabilidad-backend/vendor/laravel/framework/src/Illuminate/Pipeline/Pipeline.php(219): Illuminate\\Foundation\\Http\\Middleware\\PreventRequestsDuringMaintenance->handle(Object(Illuminate\\Http\\Request), Object(Closure))
#31 /Users/mariopazmino/Desktop/springboot/app/contabilidad-backend/vendor/laravel/framework/src/Illuminate/Http/Middleware/HandleCors.php(74): Illuminate\\Pipeline\\Pipeline->{closure:{closure:Illuminate\\Pipeline\\Pipeline::carry():194}:195}(Object(Illuminate\\Http\\Request))
#32 /Users/mariopazmino/Desktop/springboot/app/contabilidad-backend/vendor/laravel/framework/src/Illuminate/Pipeline/Pipeline.php(219): Illuminate\\Http\\Middleware\\HandleCors->handle(Object(Illuminate\\Http\\Request), Object(Closure))
#33 /Users/mariopazmino/Desktop/springboot/app/contabilidad-backend/vendor/laravel/framework/src/Illuminate/Http/Middleware/TrustProxies.php(58): Illuminate\\Pipeline\\Pipeline->{closure:{closure:Illuminate\\Pipeline\\Pipeline::carry():194}:195}(Object(Illuminate\\Http\\Request))
#34 /Users/mariopazmino/Desktop/springboot/app/contabilidad-backend/vendor/laravel/framework/src/Illuminate/Pipeline/Pipeline.php(219): Illuminate\\Http\\Middleware\\TrustProxies->handle(Object(Illuminate\\Http\\Request), Object(Closure))
#35 /Users/mariopazmino/Desktop/springboot/app/contabilidad-backend/vendor/laravel/framework/src/Illuminate/Foundation/Http/Middleware/InvokeDeferredCallbacks.php(22): Illuminate\\Pipeline\\Pipeline->{closure:{closure:Illuminate\\Pipeline\\Pipeline::carry():194}:195}(Object(Illuminate\\Http\\Request))
#36 /Users/mariopazmino/Desktop/springboot/app/contabilidad-backend/vendor/laravel/framework/src/Illuminate/Pipeline/Pipeline.php(219): Illuminate\\Foundation\\Http\\Middleware\\InvokeDeferredCallbacks->handle(Object(Illuminate\\Http\\Request), Object(Closure))
#37 /Users/mariopazmino/Desktop/springboot/app/contabilidad-backend/vendor/laravel/framework/src/Illuminate/Http/Middleware/ValidatePathEncoding.php(28): Illuminate\\Pipeline\\Pipeline->{closure:{closure:Illuminate\\Pipeline\\Pipeline::carry():194}:195}(Object(Illuminate\\Http\\Request))
#38 /Users/mariopazmino/Desktop/springboot/app/contabilidad-backend/vendor/laravel/framework/src/Illuminate/Pipeline/Pipeline.php(219): Illuminate\\Http\\Middleware\\ValidatePathEncoding->handle(Object(Illuminate\\Http\\Request), Object(Closure))
#39 /Users/mariopazmino/Desktop/springboot/app/contabilidad-backend/vendor/laravel/framework/src/Illuminate/Pipeline/Pipeline.php(137): Illuminate\\Pipeline\\Pipeline->{closure:{closure:Illuminate\\Pipeline\\Pipeline::carry():194}:195}(Object(Illuminate\\Http\\Request))
#40 /Users/mariopazmino/Desktop/springboot/app/contabilidad-backend/vendor/laravel/framework/src/Illuminate/Foundation/Http/Kernel.php(175): Illuminate\\Pipeline\\Pipeline->then(Object(Closure))
#41 /Users/mariopazmino/Desktop/springboot/app/contabilidad-backend/vendor/laravel/framework/src/Illuminate/Foundation/Http/Kernel.php(144): Illuminate\\Foundation\\Http\\Kernel->sendRequestThroughRouter(Object(Illuminate\\Http\\Request))
#42 /Users/mariopazmino/Desktop/springboot/app/contabilidad-backend/vendor/laravel/framework/src/Illuminate/Foundation/Application.php(1220): Illuminate\\Foundation\\Http\\Kernel->handle(Object(Illuminate\\Http\\Request))
#43 /Users/mariopazmino/Desktop/springboot/app/contabilidad-backend/public/index.php(20): Illuminate\\Foundation\\Application->handleRequest(Object(Illuminate\\Http\\Request))
#44 /Users/mariopazmino/Desktop/springboot/app/contabilidad-backend/vendor/laravel/framework/src/Illuminate/Foundation/resources/server.php(23): require_once('/Users/mariopaz...')
#45 {main}

[previous exception] [object] (Illuminate\\Database\\SQLiteDatabaseDoesNotExistException(code: 0): Database file at path [/Users/mariopazmino/Desktop/app/contabilidad-backend/database/database.sqlite] does not exist. Ensure this is an absolute path to the database. at /Users/mariopazmino/Desktop/springboot/app/contabilidad-backend/vendor/laravel/framework/src/Illuminate/Database/Connectors/SQLiteConnector.php:61)
[stacktrace]
#0 /Users/mariopazmino/Desktop/springboot/app/contabilidad-backend/vendor/laravel/framework/src/Illuminate/Database/Connectors/SQLiteConnector.php(19): Illuminate\\Database\\Connectors\\SQLiteConnector->parseDatabasePath(false)
#1 /Users/mariopazmino/Desktop/springboot/app/contabilidad-backend/vendor/laravel/framework/src/Illuminate/Database/Connectors/ConnectionFactory.php(259): Illuminate\\Database\\Connectors\\SQLiteConnector->connect(Array)
#2 [internal function]: Illuminate\\Database\\Connectors\\ConnectionFactory->{closure:Illuminate\\Database\\Connectors\\ConnectionFactory::createPdoResolverWithoutHosts():259}()
#3 /Users/mariopazmino/Desktop/springboot/app/contabilidad-backend/vendor/laravel/framework/src/Illuminate/Database/Connection.php(1297): call_user_func(Object(Closure))
#4 /Users/mariopazmino/Desktop/springboot/app/contabilidad-backend/vendor/laravel/framework/src/Illuminate/Database/Connection.php(1335): Illuminate\\Database\\Connection->getPdo()
#5 /Users/mariopazmino/Desktop/springboot/app/contabilidad-backend/vendor/laravel/framework/src/Illuminate/Database/Connection.php(542): Illuminate\\Database\\Connection->getReadPdo()
#6 /Users/mariopazmino/Desktop/springboot/app/contabilidad-backend/vendor/laravel/framework/src/Illuminate/Database/Connection.php(435): Illuminate\\Database\\Connection->getPdoForSelect(true)
#7 /Users/mariopazmino/Desktop/springboot/app/contabilidad-backend/vendor/laravel/framework/src/Illuminate/Database/Connection.php(846): Illuminate\\Database\\Connection->{closure:Illuminate\\Database\\Connection::select():426}('select * from \"...', Array)
#8 /Users/mariopazmino/Desktop/springboot/app/contabilidad-backend/vendor/laravel/framework/src/Illuminate/Database/Connection.php(813): Illuminate\\Database\\Connection->runQueryCallback('select * from \"...', Array, Object(Closure))
#9 /Users/mariopazmino/Desktop/springboot/app/contabilidad-backend/vendor/laravel/framework/src/Illuminate/Database/Connection.php(426): Illuminate\\Database\\Connection->run('select * from \"...', Array, Object(Closure))
#10 /Users/mariopazmino/Desktop/springboot/app/contabilidad-backend/vendor/laravel/framework/src/Illuminate/Database/Query/Builder.php(3573): Illuminate\\Database\\Connection->select('select * from \"...', Array, true, Array)
#11 /Users/mariopazmino/Desktop/springboot/app/contabilidad-backend/vendor/laravel/framework/src/Illuminate/Database/Query/Builder.php(3557): Illuminate\\Database\\Query\\Builder->runSelect()
#12 /Users/mariopazmino/Desktop/springboot/app/contabilidad-backend/vendor/laravel/framework/src/Illuminate/Cache/DatabaseStore.php(142): Illuminate\\Database\\Query\\Builder->get()
#13 /Users/mariopazmino/Desktop/springboot/app/contabilidad-backend/vendor/laravel/framework/src/Illuminate/Cache/DatabaseStore.php(117): Illuminate\\Cache\\DatabaseStore->many(Array)
#14 /Users/mariopazmino/Desktop/springboot/app/contabilidad-backend/vendor/laravel/framework/src/Illuminate/Cache/Repository.php(138): Illuminate\\Cache\\DatabaseStore->get('5c785c036466ade...')
#15 /Users/mariopazmino/Desktop/springboot/app/contabilidad-backend/vendor/laravel/framework/src/Illuminate/Cache/RateLimiter.php(206): Illuminate\\Cache\\Repository->get('5c785c036466ade...', 0)
#16 /Users/mariopazmino/Desktop/springboot/app/contabilidad-backend/vendor/laravel/framework/src/Illuminate/Cache/RateLimiter.php(302): Illuminate\\Cache\\RateLimiter->{closure:Illuminate\\Cache\\RateLimiter::attempts():206}()
#17 /Users/mariopazmino/Desktop/springboot/app/contabilidad-backend/vendor/laravel/framework/src/Illuminate/Cache/RateLimiter.php(206): Illuminate\\Cache\\RateLimiter->withoutSerializationOrCompression(Object(Closure))
#18 /Users/mariopazmino/Desktop/springboot/app/contabilidad-backend/vendor/laravel/framework/src/Illuminate/Cache/RateLimiter.php(129): Illuminate\\Cache\\RateLimiter->attempts('5c785c036466ade...')
#19 /Users/mariopazmino/Desktop/springboot/app/contabilidad-backend/vendor/laravel/framework/src/Illuminate/Routing/Middleware/ThrottleRequests.php(157): Illuminate\\Cache\\RateLimiter->tooManyAttempts('5c785c036466ade...', 5)
#20 /Users/mariopazmino/Desktop/springboot/app/contabilidad-backend/vendor/laravel/framework/src/Illuminate/Routing/Middleware/ThrottleRequests.php(93): Illuminate\\Routing\\Middleware\\ThrottleRequests->handleRequest(Object(Illuminate\\Http\\Request), Object(Closure), Array)
#21 /Users/mariopazmino/Desktop/springboot/app/contabilidad-backend/vendor/laravel/framework/src/Illuminate/Pipeline/Pipeline.php(219): Illuminate\\Routing\\Middleware\\ThrottleRequests->handle(Object(Illuminate\\Http\\Request), Object(Closure), '5', '1')
#22 /Users/mariopazmino/Desktop/springboot/app/contabilidad-backend/vendor/laravel/framework/src/Illuminate/Pipeline/Pipeline.php(137): Illuminate\\Pipeline\\Pipeline->{closure:{closure:Illuminate\\Pipeline\\Pipeline::carry():194}:195}(Object(Illuminate\\Http\\Request))
#23 /Users/mariopazmino/Desktop/springboot/app/contabilidad-backend/vendor/laravel/framework/src/Illuminate/Routing/Router.php(821): Illuminate\\Pipeline\\Pipeline->then(Object(Closure))
#24 /Users/mariopazmino/Desktop/springboot/app/contabilidad-backend/vendor/laravel/framework/src/Illuminate/Routing/Router.php(800): Illuminate\\Routing\\Router->runRouteWithinStack(Object(Illuminate\\Routing\\Route), Object(Illuminate\\Http\\Request))
#25 /Users/mariopazmino/Desktop/springboot/app/contabilidad-backend/vendor/laravel/framework/src/Illuminate/Routing/Router.php(764): Illuminate\\Routing\\Router->runRoute(Object(Illuminate\\Http\\Request), Object(Illuminate\\Routing\\Route))
#26 /Users/mariopazmino/Desktop/springboot/app/contabilidad-backend/vendor/laravel/framework/src/Illuminate/Routing/Router.php(753): Illuminate\\Routing\\Router->dispatchToRoute(Object(Illuminate\\Http\\Request))
#27 /Users/mariopazmino/Desktop/springboot/app/contabilidad-backend/vendor/laravel/framework/src/Illuminate/Foundation/Http/Kernel.php(200): Illuminate\\Routing\\Router->dispatch(Object(Illuminate\\Http\\Request))
#28 /Users/mariopazmino/Desktop/springboot/app/contabilidad-backend/vendor/laravel/framework/src/Illuminate/Pipeline/Pipeline.php(180): Illuminate\\Foundation\\Http\\Kernel->{closure:Illuminate\\Foundation\\Http\\Kernel::dispatchToRouter():197}(Object(Illuminate\\Http\\Request))
#29 /Users/mariopazmino/Desktop/springboot/app/contabilidad-backend/vendor/laravel/framework/src/Illuminate/Foundation/Http/Middleware/TransformsRequest.php(21): Illuminate\\Pipeline\\Pipeline->{closure:Illuminate\\Pipeline\\Pipeline::prepareDestination():178}(Object(Illuminate\\Http\\Request))
#30 /Users/mariopazmino/Desktop/springboot/app/contabilidad-backend/vendor/laravel/framework/src/Illuminate/Foundation/Http/Middleware/ConvertEmptyStringsToNull.php(31): Illuminate\\Foundation\\Http\\Middleware\\TransformsRequest->handle(Object(Illuminate\\Http\\Request), Object(Closure))
#31 /Users/mariopazmino/Desktop/springboot/app/contabilidad-backend/vendor/laravel/framework/src/Illuminate/Pipeline/Pipeline.php(219): Illuminate\\Foundation\\Http\\Middleware\\ConvertEmptyStringsToNull->handle(Object(Illuminate\\Http\\Request), Object(Closure))
#32 /Users/mariopazmino/Desktop/springboot/app/contabilidad-backend/vendor/laravel/framework/src/Illuminate/Foundation/Http/Middleware/TransformsRequest.php(21): Illuminate\\Pipeline\\Pipeline->{closure:{closure:Illuminate\\Pipeline\\Pipeline::carry():194}:195}(Object(Illuminate\\Http\\Request))
#33 /Users/mariopazmino/Desktop/springboot/app/contabilidad-backend/vendor/laravel/framework/src/Illuminate/Foundation/Http/Middleware/TrimStrings.php(51): Illuminate\\Foundation\\Http\\Middleware\\TransformsRequest->handle(Object(Illuminate\\Http\\Request), Object(Closure))
#34 /Users/mariopazmino/Desktop/springboot/app/contabilidad-backend/vendor/laravel/framework/src/Illuminate/Pipeline/Pipeline.php(219): Illuminate\\Foundation\\Http\\Middleware\\TrimStrings->handle(Object(Illuminate\\Http\\Request), Object(Closure))
#35 /Users/mariopazmino/Desktop/springboot/app/contabilidad-backend/vendor/laravel/framework/src/Illuminate/Http/Middleware/ValidatePostSize.php(27): Illuminate\\Pipeline\\Pipeline->{closure:{closure:Illuminate\\Pipeline\\Pipeline::carry():194}:195}(Object(Illuminate\\Http\\Request))
#36 /Users/mariopazmino/Desktop/springboot/app/contabilidad-backend/vendor/laravel/framework/src/Illuminate/Pipeline/Pipeline.php(219): Illuminate\\Http\\Middleware\\ValidatePostSize->handle(Object(Illuminate\\Http\\Request), Object(Closure))
#37 /Users/mariopazmino/Desktop/springboot/app/contabilidad-backend/vendor/laravel/framework/src/Illuminate/Foundation/Http/Middleware/PreventRequestsDuringMaintenance.php(109): Illuminate\\Pipeline\\Pipeline->{closure:{closure:Illuminate\\Pipeline\\Pipeline::carry():194}:195}(Object(Illuminate\\Http\\Request))
#38 /Users/mariopazmino/Desktop/springboot/app/contabilidad-backend/vendor/laravel/framework/src/Illuminate/Pipeline/Pipeline.php(219): Illuminate\\Foundation\\Http\\Middleware\\PreventRequestsDuringMaintenance->handle(Object(Illuminate\\Http\\Request), Object(Closure))
#39 /Users/mariopazmino/Desktop/springboot/app/contabilidad-backend/vendor/laravel/framework/src/Illuminate/Http/Middleware/HandleCors.php(74): Illuminate\\Pipeline\\Pipeline->{closure:{closure:Illuminate\\Pipeline\\Pipeline::carry():194}:195}(Object(Illuminate\\Http\\Request))
#40 /Users/mariopazmino/Desktop/springboot/app/contabilidad-backend/vendor/laravel/framework/src/Illuminate/Pipeline/Pipeline.php(219): Illuminate\\Http\\Middleware\\HandleCors->handle(Object(Illuminate\\Http\\Request), Object(Closure))
#41 /Users/mariopazmino/Desktop/springboot/app/contabilidad-backend/vendor/laravel/framework/src/Illuminate/Http/Middleware/TrustProxies.php(58): Illuminate\\Pipeline\\Pipeline->{closure:{closure:Illuminate\\Pipeline\\Pipeline::carry():194}:195}(Object(Illuminate\\Http\\Request))
#42 /Users/mariopazmino/Desktop/springboot/app/contabilidad-backend/vendor/laravel/framework/src/Illuminate/Pipeline/Pipeline.php(219): Illuminate\\Http\\Middleware\\TrustProxies->handle(Object(Illuminate\\Http\\Request), Object(Closure))
#43 /Users/mariopazmino/Desktop/springboot/app/contabilidad-backend/vendor/laravel/framework/src/Illuminate/Foundation/Http/Middleware/InvokeDeferredCallbacks.php(22): Illuminate\\Pipeline\\Pipeline->{closure:{closure:Illuminate\\Pipeline\\Pipeline::carry():194}:195}(Object(Illuminate\\Http\\Request))
#44 /Users/mariopazmino/Desktop/springboot/app/contabilidad-backend/vendor/laravel/framework/src/Illuminate/Pipeline/Pipeline.php(219): Illuminate\\Foundation\\Http\\Middleware\\InvokeDeferredCallbacks->handle(Object(Illuminate\\Http\\Request), Object(Closure))
#45 /Users/mariopazmino/Desktop/springboot/app/contabilidad-backend/vendor/laravel/framework/src/Illuminate/Http/Middleware/ValidatePathEncoding.php(28): Illuminate\\Pipeline\\Pipeline->{closure:{closure:Illuminate\\Pipeline\\Pipeline::carry():194}:195}(Object(Illuminate\\Http\\Request))
#46 /Users/mariopazmino/Desktop/springboot/app/contabilidad-backend/vendor/laravel/framework/src/Illuminate/Pipeline/Pipeline.php(219): Illuminate\\Http\\Middleware\\ValidatePathEncoding->handle(Object(Illuminate\\Http\\Request), Object(Closure))
#47 /Users/mariopazmino/Desktop/springboot/app/contabilidad-backend/vendor/laravel/framework/src/Illuminate/Pipeline/Pipeline.php(137): Illuminate\\Pipeline\\Pipeline->{closure:{closure:Illuminate\\Pipeline\\Pipeline::carry():194}:195}(Object(Illuminate\\Http\\Request))
#48 /Users/mariopazmino/Desktop/springboot/app/contabilidad-backend/vendor/laravel/framework/src/Illuminate/Foundation/Http/Kernel.php(175): Illuminate\\Pipeline\\Pipeline->then(Object(Closure))
#49 /Users/mariopazmino/Desktop/springboot/app/contabilidad-backend/vendor/laravel/framework/src/Illuminate/Foundation/Http/Kernel.php(144): Illuminate\\Foundation\\Http\\Kernel->sendRequestThroughRouter(Object(Illuminate\\Http\\Request))
#50 /Users/mariopazmino/Desktop/springboot/app/contabilidad-backend/vendor/laravel/framework/src/Illuminate/Foundation/Application.php(1220): Illuminate\\Foundation\\Http\\Kernel->handle(Object(Illuminate\\Http\\Request))
#51 /Users/mariopazmino/Desktop/springboot/app/contabilidad-backend/public/index.php(20): Illuminate\\Foundation\\Application->handleRequest(Object(Illuminate\\Http\\Request))
#52 /Users/mariopazmino/Desktop/springboot/app/contabilidad-backend/vendor/laravel/framework/src/Illuminate/Foundation/resources/server.php(23): require_once('/Users/mariopaz...')
#53 {main}
"} 
[2026-07-14 23:55:51] local.ERROR: Database file at path [/Users/mariopazmino/Desktop/app/contabilidad-backend/database/database.sqlite] does not exist. Ensure this is an absolute path to the database. (Connection: sqlite, Database: /Users/mariopazmino/Desktop/app/contabilidad-backend/database/database.sqlite, SQL: select * from "cache" where "key" in (laravel-cache-5c785c036466adea360111aa28563bfd556b5fba)) {"exception":"[object] (Illuminate\\Database\\QueryException(code: 0): Database file at path [/Users/mariopazmino/Desktop/app/contabilidad-backend/database/database.sqlite] does not exist. Ensure this is an absolute path to the database. (Connection: sqlite, Database: /Users/mariopazmino/Desktop/app/contabilidad-backend/database/database.sqlite, SQL: select * from \"cache\" where \"key\" in (laravel-cache-5c785c036466adea360111aa28563bfd556b5fba)) at /Users/mariopazmino/Desktop/springboot/app/contabilidad-backend/vendor/laravel/framework/src/Illuminate/Database/Connection.php:857)
[stacktrace]
#0 /Users/mariopazmino/Desktop/springboot/app/contabilidad-backend/vendor/laravel/framework/src/Illuminate/Database/Connection.php(813): Illuminate\\Database\\Connection->runQueryCallback('select * from \"...', Array, Object(Closure))
#1 /Users/mariopazmino/Desktop/springboot/app/contabilidad-backend/vendor/laravel/framework/src/Illuminate/Database/Connection.php(426): Illuminate\\Database\\Connection->run('select * from \"...', Array, Object(Closure))
#2 /Users/mariopazmino/Desktop/springboot/app/contabilidad-backend/vendor/laravel/framework/src/Illuminate/Database/Query/Builder.php(3573): Illuminate\\Database\\Connection->select('select * from \"...', Array, true, Array)
#3 /Users/mariopazmino/Desktop/springboot/app/contabilidad-backend/vendor/laravel/framework/src/Illuminate/Database/Query/Builder.php(3557): Illuminate\\Database\\Query\\Builder->runSelect()
#4 /Users/mariopazmino/Desktop/springboot/app/contabilidad-backend/vendor/laravel/framework/src/Illuminate/Cache/DatabaseStore.php(142): Illuminate\\Database\\Query\\Builder->get()
#5 /Users/mariopazmino/Desktop/springboot/app/contabilidad-backend/vendor/laravel/framework/src/Illuminate/Cache/DatabaseStore.php(117): Illuminate\\Cache\\DatabaseStore->many(Array)
#6 /Users/mariopazmino/Desktop/springboot/app/contabilidad-backend/vendor/laravel/framework/src/Illuminate/Cache/Repository.php(138): Illuminate\\Cache\\DatabaseStore->get('5c785c036466ade...')
#7 /Users/mariopazmino/Desktop/springboot/app/contabilidad-backend/vendor/laravel/framework/src/Illuminate/Cache/RateLimiter.php(206): Illuminate\\Cache\\Repository->get('5c785c036466ade...', 0)
#8 /Users/mariopazmino/Desktop/springboot/app/contabilidad-backend/vendor/laravel/framework/src/Illuminate/Cache/RateLimiter.php(302): Illuminate\\Cache\\RateLimiter->{closure:Illuminate\\Cache\\RateLimiter::attempts():206}()
#9 /Users/mariopazmino/Desktop/springboot/app/contabilidad-backend/vendor/laravel/framework/src/Illuminate/Cache/RateLimiter.php(206): Illuminate\\Cache\\RateLimiter->withoutSerializationOrCompression(Object(Closure))
#10 /Users/mariopazmino/Desktop/springboot/app/contabilidad-backend/vendor/laravel/framework/src/Illuminate/Cache/RateLimiter.php(129): Illuminate\\Cache\\RateLimiter->attempts('5c785c036466ade...')
#11 /Users/mariopazmino/Desktop/springboot/app/contabilidad-backend/vendor/laravel/framework/src/Illuminate/Routing/Middleware/ThrottleRequests.php(157): Illuminate\\Cache\\RateLimiter->tooManyAttempts('5c785c036466ade...', 5)
#12 /Users/mariopazmino/Desktop/springboot/app/contabilidad-backend/vendor/laravel/framework/src/Illuminate/Routing/Middleware/ThrottleRequests.php(93): Illuminate\\Routing\\Middleware\\ThrottleRequests->handleRequest(Object(Illuminate\\Http\\Request), Object(Closure), Array)
#13 /Users/mariopazmino/Desktop/springboot/app/contabilidad-backend/vendor/laravel/framework/src/Illuminate/Pipeline/Pipeline.php(219): Illuminate\\Routing\\Middleware\\ThrottleRequests->handle(Object(Illuminate\\Http\\Request), Object(Closure), '5', '1')
#14 /Users/mariopazmino/Desktop/springboot/app/contabilidad-backend/vendor/laravel/framework/src/Illuminate/Pipeline/Pipeline.php(137): Illuminate\\Pipeline\\Pipeline->{closure:{closure:Illuminate\\Pipeline\\Pipeline::carry():194}:195}(Object(Illuminate\\Http\\Request))
#15 /Users/mariopazmino/Desktop/springboot/app/contabilidad-backend/vendor/laravel/framework/src/Illuminate/Routing/Router.php(821): Illuminate\\Pipeline\\Pipeline->then(Object(Closure))
#16 /Users/mariopazmino/Desktop/springboot/app/contabilidad-backend/vendor/laravel/framework/src/Illuminate/Routing/Router.php(800): Illuminate\\Routing\\Router->runRouteWithinStack(Object(Illuminate\\Routing\\Route), Object(Illuminate\\Http\\Request))
#17 /Users/mariopazmino/Desktop/springboot/app/contabilidad-backend/vendor/laravel/framework/src/Illuminate/Routing/Router.php(764): Illuminate\\Routing\\Router->runRoute(Object(Illuminate\\Http\\Request), Object(Illuminate\\Routing\\Route))
#18 /Users/mariopazmino/Desktop/springboot/app/contabilidad-backend/vendor/laravel/framework/src/Illuminate/Routing/Router.php(753): Illuminate\\Routing\\Router->dispatchToRoute(Object(Illuminate\\Http\\Request))
#19 /Users/mariopazmino/Desktop/springboot/app/contabilidad-backend/vendor/laravel/framework/src/Illuminate/Foundation/Http/Kernel.php(200): Illuminate\\Routing\\Router->dispatch(Object(Illuminate\\Http\\Request))
#20 /Users/mariopazmino/Desktop/springboot/app/contabilidad-backend/vendor/laravel/framework/src/Illuminate/Pipeline/Pipeline.php(180): Illuminate\\Foundation\\Http\\Kernel->{closure:Illuminate\\Foundation\\Http\\Kernel::dispatchToRouter():197}(Object(Illuminate\\Http\\Request))
#21 /Users/mariopazmino/Desktop/springboot/app/contabilidad-backend/vendor/laravel/framework/src/Illuminate/Foundation/Http/Middleware/TransformsRequest.php(21): Illuminate\\Pipeline\\Pipeline->{closure:Illuminate\\Pipeline\\Pipeline::prepareDestination():178}(Object(Illuminate\\Http\\Request))
#22 /Users/mariopazmino/Desktop/springboot/app/contabilidad-backend/vendor/laravel/framework/src/Illuminate/Foundation/Http/Middleware/ConvertEmptyStringsToNull.php(31): Illuminate\\Foundation\\Http\\Middleware\\TransformsRequest->handle(Object(Illuminate\\Http\\Request), Object(Closure))
#23 /Users/mariopazmino/Desktop/springboot/app/contabilidad-backend/vendor/laravel/framework/src/Illuminate/Pipeline/Pipeline.php(219): Illuminate\\Foundation\\Http\\Middleware\\ConvertEmptyStringsToNull->handle(Object(Illuminate\\Http\\Request), Object(Closure))
#24 /Users/mariopazmino/Desktop/springboot/app/contabilidad-backend/vendor/laravel/framework/src/Illuminate/Foundation/Http/Middleware/TransformsRequest.php(21): Illuminate\\Pipeline\\Pipeline->{closure:{closure:Illuminate\\Pipeline\\Pipeline::carry():194}:195}(Object(Illuminate\\Http\\Request))
#25 /Users/mariopazmino/Desktop/springboot/app/contabilidad-backend/vendor/laravel/framework/src/Illuminate/Foundation/Http/Middleware/TrimStrings.php(51): Illuminate\\Foundation\\Http\\Middleware\\TransformsRequest->handle(Object(Illuminate\\Http\\Request), Object(Closure))
#26 /Users/mariopazmino/Desktop/springboot/app/contabilidad-backend/vendor/laravel/framework/src/Illuminate/Pipeline/Pipeline.php(219): Illuminate\\Foundation\\Http\\Middleware\\TrimStrings->handle(Object(Illuminate\\Http\\Request), Object(Closure))
#27 /Users/mariopazmino/Desktop/springboot/app/contabilidad-backend/vendor/laravel/framework/src/Illuminate/Http/Middleware/ValidatePostSize.php(27): Illuminate\\Pipeline\\Pipeline->{closure:{closure:Illuminate\\Pipeline\\Pipeline::carry():194}:195}(Object(Illuminate\\Http\\Request))
#28 /Users/mariopazmino/Desktop/springboot/app/contabilidad-backend/vendor/laravel/framework/src/Illuminate/Pipeline/Pipeline.php(219): Illuminate\\Http\\Middleware\\ValidatePostSize->handle(Object(Illuminate\\Http\\Request), Object(Closure))
#29 /Users/mariopazmino/Desktop/springboot/app/contabilidad-backend/vendor/laravel/framework/src/Illuminate/Foundation/Http/Middleware/PreventRequestsDuringMaintenance.php(109): Illuminate\\Pipeline\\Pipeline->{closure:{closure:Illuminate\\Pipeline\\Pipeline::carry():194}:195}(Object(Illuminate\\Http\\Request))
#30 /Users/mariopazmino/Desktop/springboot/app/contabilidad-backend/vendor/laravel/framework/src/Illuminate/Pipeline/Pipeline.php(219): Illuminate\\Foundation\\Http\\Middleware\\PreventRequestsDuringMaintenance->handle(Object(Illuminate\\Http\\Request), Object(Closure))
#31 /Users/mariopazmino/Desktop/springboot/app/contabilidad-backend/vendor/laravel/framework/src/Illuminate/Http/Middleware/HandleCors.php(74): Illuminate\\Pipeline\\Pipeline->{closure:{closure:Illuminate\\Pipeline\\Pipeline::carry():194}:195}(Object(Illuminate\\Http\\Request))
#32 /Users/mariopazmino/Desktop/springboot/app/contabilidad-backend/vendor/laravel/framework/src/Illuminate/Pipeline/Pipeline.php(219): Illuminate\\Http\\Middleware\\HandleCors->handle(Object(Illuminate\\Http\\Request), Object(Closure))
#33 /Users/mariopazmino/Desktop/springboot/app/contabilidad-backend/vendor/laravel/framework/src/Illuminate/Http/Middleware/TrustProxies.php(58): Illuminate\\Pipeline\\Pipeline->{closure:{closure:Illuminate\\Pipeline\\Pipeline::carry():194}:195}(Object(Illuminate\\Http\\Request))
#34 /Users/mariopazmino/Desktop/springboot/app/contabilidad-backend/vendor/laravel/framework/src/Illuminate/Pipeline/Pipeline.php(219): Illuminate\\Http\\Middleware\\TrustProxies->handle(Object(Illuminate\\Http\\Request), Object(Closure))
#35 /Users/mariopazmino/Desktop/springboot/app/contabilidad-backend/vendor/laravel/framework/src/Illuminate/Foundation/Http/Middleware/InvokeDeferredCallbacks.php(22): Illuminate\\Pipeline\\Pipeline->{closure:{closure:Illuminate\\Pipeline\\Pipeline::carry():194}:195}(Object(Illuminate\\Http\\Request))
#36 /Users/mariopazmino/Desktop/springboot/app/contabilidad-backend/vendor/laravel/framework/src/Illuminate/Pipeline/Pipeline.php(219): Illuminate\\Foundation\\Http\\Middleware\\InvokeDeferredCallbacks->handle(Object(Illuminate\\Http\\Request), Object(Closure))
#37 /Users/mariopazmino/Desktop/springboot/app/contabilidad-backend/vendor/laravel/framework/src/Illuminate/Http/Middleware/ValidatePathEncoding.php(28): Illuminate\\Pipeline\\Pipeline->{closure:{closure:Illuminate\\Pipeline\\Pipeline::carry():194}:195}(Object(Illuminate\\Http\\Request))
#38 /Users/mariopazmino/Desktop/springboot/app/contabilidad-backend/vendor/laravel/framework/src/Illuminate/Pipeline/Pipeline.php(219): Illuminate\\Http\\Middleware\\ValidatePathEncoding->handle(Object(Illuminate\\Http\\Request), Object(Closure))
#39 /Users/mariopazmino/Desktop/springboot/app/contabilidad-backend/vendor/laravel/framework/src/Illuminate/Pipeline/Pipeline.php(137): Illuminate\\Pipeline\\Pipeline->{closure:{closure:Illuminate\\Pipeline\\Pipeline::carry():194}:195}(Object(Illuminate\\Http\\Request))
#40 /Users/mariopazmino/Desktop/springboot/app/contabilidad-backend/vendor/laravel/framework/src/Illuminate/Foundation/Http/Kernel.php(175): Illuminate\\Pipeline\\Pipeline->then(Object(Closure))
#41 /Users/mariopazmino/Desktop/springboot/app/contabilidad-backend/vendor/laravel/framework/src/Illuminate/Foundation/Http/Kernel.php(144): Illuminate\\Foundation\\Http\\Kernel->sendRequestThroughRouter(Object(Illuminate\\Http\\Request))
#42 /Users/mariopazmino/Desktop/springboot/app/contabilidad-backend/vendor/laravel/framework/src/Illuminate/Foundation/Application.php(1220): Illuminate\\Foundation\\Http\\Kernel->handle(Object(Illuminate\\Http\\Request))
#43 /Users/mariopazmino/Desktop/springboot/app/contabilidad-backend/public/index.php(20): Illuminate\\Foundation\\Application->handleRequest(Object(Illuminate\\Http\\Request))
#44 /Users/mariopazmino/Desktop/springboot/app/contabilidad-backend/vendor/laravel/framework/src/Illuminate/Foundation/resources/server.php(23): require_once('/Users/mariopaz...')
#45 {main}

[previous exception] [object] (Illuminate\\Database\\SQLiteDatabaseDoesNotExistException(code: 0): Database file at path [/Users/mariopazmino/Desktop/app/contabilidad-backend/database/database.sqlite] does not exist. Ensure this is an absolute path to the database. at /Users/mariopazmino/Desktop/springboot/app/contabilidad-backend/vendor/laravel/framework/src/Illuminate/Database/Connectors/SQLiteConnector.php:61)
[stacktrace]
#0 /Users/mariopazmino/Desktop/springboot/app/contabilidad-backend/vendor/laravel/framework/src/Illuminate/Database/Connectors/SQLiteConnector.php(19): Illuminate\\Database\\Connectors\\SQLiteConnector->parseDatabasePath(false)
#1 /Users/mariopazmino/Desktop/springboot/app/contabilidad-backend/vendor/laravel/framework/src/Illuminate/Database/Connectors/ConnectionFactory.php(259): Illuminate\\Database\\Connectors\\SQLiteConnector->connect(Array)
#2 [internal function]: Illuminate\\Database\\Connectors\\ConnectionFactory->{closure:Illuminate\\Database\\Connectors\\ConnectionFactory::createPdoResolverWithoutHosts():259}()
#3 /Users/mariopazmino/Desktop/springboot/app/contabilidad-backend/vendor/laravel/framework/src/Illuminate/Database/Connection.php(1297): call_user_func(Object(Closure))
#4 /Users/mariopazmino/Desktop/springboot/app/contabilidad-backend/vendor/laravel/framework/src/Illuminate/Database/Connection.php(1335): Illuminate\\Database\\Connection->getPdo()
#5 /Users/mariopazmino/Desktop/springboot/app/contabilidad-backend/vendor/laravel/framework/src/Illuminate/Database/Connection.php(542): Illuminate\\Database\\Connection->getReadPdo()
#6 /Users/mariopazmino/Desktop/springboot/app/contabilidad-backend/vendor/laravel/framework/src/Illuminate/Database/Connection.php(435): Illuminate\\Database\\Connection->getPdoForSelect(true)
#7 /Users/mariopazmino/Desktop/springboot/app/contabilidad-backend/vendor/laravel/framework/src/Illuminate/Database/Connection.php(846): Illuminate\\Database\\Connection->{closure:Illuminate\\Database\\Connection::select():426}('select * from \"...', Array)
#8 /Users/mariopazmino/Desktop/springboot/app/contabilidad-backend/vendor/laravel/framework/src/Illuminate/Database/Connection.php(813): Illuminate\\Database\\Connection->runQueryCallback('select * from \"...', Array, Object(Closure))
#9 /Users/mariopazmino/Desktop/springboot/app/contabilidad-backend/vendor/laravel/framework/src/Illuminate/Database/Connection.php(426): Illuminate\\Database\\Connection->run('select * from \"...', Array, Object(Closure))
#10 /Users/mariopazmino/Desktop/springboot/app/contabilidad-backend/vendor/laravel/framework/src/Illuminate/Database/Query/Builder.php(3573): Illuminate\\Database\\Connection->select('select * from \"...', Array, true, Array)
#11 /Users/mariopazmino/Desktop/springboot/app/contabilidad-backend/vendor/laravel/framework/src/Illuminate/Database/Query/Builder.php(3557): Illuminate\\Database\\Query\\Builder->runSelect()
#12 /Users/mariopazmino/Desktop/springboot/app/contabilidad-backend/vendor/laravel/framework/src/Illuminate/Cache/DatabaseStore.php(142): Illuminate\\Database\\Query\\Builder->get()
#13 /Users/mariopazmino/Desktop/springboot/app/contabilidad-backend/vendor/laravel/framework/src/Illuminate/Cache/DatabaseStore.php(117): Illuminate\\Cache\\DatabaseStore->many(Array)
#14 /Users/mariopazmino/Desktop/springboot/app/contabilidad-backend/vendor/laravel/framework/src/Illuminate/Cache/Repository.php(138): Illuminate\\Cache\\DatabaseStore->get('5c785c036466ade...')
#15 /Users/mariopazmino/Desktop/springboot/app/contabilidad-backend/vendor/laravel/framework/src/Illuminate/Cache/RateLimiter.php(206): Illuminate\\Cache\\Repository->get('5c785c036466ade...', 0)
#16 /Users/mariopazmino/Desktop/springboot/app/contabilidad-backend/vendor/laravel/framework/src/Illuminate/Cache/RateLimiter.php(302): Illuminate\\Cache\\RateLimiter->{closure:Illuminate\\Cache\\RateLimiter::attempts():206}()
#17 /Users/mariopazmino/Desktop/springboot/app/contabilidad-backend/vendor/laravel/framework/src/Illuminate/Cache/RateLimiter.php(206): Illuminate\\Cache\\RateLimiter->withoutSerializationOrCompression(Object(Closure))
#18 /Users/mariopazmino/Desktop/springboot/app/contabilidad-backend/vendor/laravel/framework/src/Illuminate/Cache/RateLimiter.php(129): Illuminate\\Cache\\RateLimiter->attempts('5c785c036466ade...')
#19 /Users/mariopazmino/Desktop/springboot/app/contabilidad-backend/vendor/laravel/framework/src/Illuminate/Routing/Middleware/ThrottleRequests.php(157): Illuminate\\Cache\\RateLimiter->tooManyAttempts('5c785c036466ade...', 5)
#20 /Users/mariopazmino/Desktop/springboot/app/contabilidad-backend/vendor/laravel/framework/src/Illuminate/Routing/Middleware/ThrottleRequests.php(93): Illuminate\\Routing\\Middleware\\ThrottleRequests->handleRequest(Object(Illuminate\\Http\\Request), Object(Closure), Array)
#21 /Users/mariopazmino/Desktop/springboot/app/contabilidad-backend/vendor/laravel/framework/src/Illuminate/Pipeline/Pipeline.php(219): Illuminate\\Routing\\Middleware\\ThrottleRequests->handle(Object(Illuminate\\Http\\Request), Object(Closure), '5', '1')
#22 /Users/mariopazmino/Desktop/springboot/app/contabilidad-backend/vendor/laravel/framework/src/Illuminate/Pipeline/Pipeline.php(137): Illuminate\\Pipeline\\Pipeline->{closure:{closure:Illuminate\\Pipeline\\Pipeline::carry():194}:195}(Object(Illuminate\\Http\\Request))
#23 /Users/mariopazmino/Desktop/springboot/app/contabilidad-backend/vendor/laravel/framework/src/Illuminate/Routing/Router.php(821): Illuminate\\Pipeline\\Pipeline->then(Object(Closure))
#24 /Users/mariopazmino/Desktop/springboot/app/contabilidad-backend/vendor/laravel/framework/src/Illuminate/Routing/Router.php(800): Illuminate\\Routing\\Router->runRouteWithinStack(Object(Illuminate\\Routing\\Route), Object(Illuminate\\Http\\Request))
#25 /Users/mariopazmino/Desktop/springboot/app/contabilidad-backend/vendor/laravel/framework/src/Illuminate/Routing/Router.php(764): Illuminate\\Routing\\Router->runRoute(Object(Illuminate\\Http\\Request), Object(Illuminate\\Routing\\Route))
#26 /Users/mariopazmino/Desktop/springboot/app/contabilidad-backend/vendor/laravel/framework/src/Illuminate/Routing/Router.php(753): Illuminate\\Routing\\Router->dispatchToRoute(Object(Illuminate\\Http\\Request))
#27 /Users/mariopazmino/Desktop/springboot/app/contabilidad-backend/vendor/laravel/framework/src/Illuminate/Foundation/Http/Kernel.php(200): Illuminate\\Routing\\Router->dispatch(Object(Illuminate\\Http\\Request))
#28 /Users/mariopazmino/Desktop/springboot/app/contabilidad-backend/vendor/laravel/framework/src/Illuminate/Pipeline/Pipeline.php(180): Illuminate\\Foundation\\Http\\Kernel->{closure:Illuminate\\Foundation\\Http\\Kernel::dispatchToRouter():197}(Object(Illuminate\\Http\\Request))
#29 /Users/mariopazmino/Desktop/springboot/app/contabilidad-backend/vendor/laravel/framework/src/Illuminate/Foundation/Http/Middleware/TransformsRequest.php(21): Illuminate\\Pipeline\\Pipeline->{closure:Illuminate\\Pipeline\\Pipeline::prepareDestination():178}(Object(Illuminate\\Http\\Request))
#30 /Users/mariopazmino/Desktop/springboot/app/contabilidad-backend/vendor/laravel/framework/src/Illuminate/Foundation/Http/Middleware/ConvertEmptyStringsToNull.php(31): Illuminate\\Foundation\\Http\\Middleware\\TransformsRequest->handle(Object(Illuminate\\Http\\Request), Object(Closure))
#31 /Users/mariopazmino/Desktop/springboot/app/contabilidad-backend/vendor/laravel/framework/src/Illuminate/Pipeline/Pipeline.php(219): Illuminate\\Foundation\\Http\\Middleware\\ConvertEmptyStringsToNull->handle(Object(Illuminate\\Http\\Request), Object(Closure))
#32 /Users/mariopazmino/Desktop/springboot/app/contabilidad-backend/vendor/laravel/framework/src/Illuminate/Foundation/Http/Middleware/TransformsRequest.php(21): Illuminate\\Pipeline\\Pipeline->{closure:{closure:Illuminate\\Pipeline\\Pipeline::carry():194}:195}(Object(Illuminate\\Http\\Request))
#33 /Users/mariopazmino/Desktop/springboot/app/contabilidad-backend/vendor/laravel/framework/src/Illuminate/Foundation/Http/Middleware/TrimStrings.php(51): Illuminate\\Foundation\\Http\\Middleware\\TransformsRequest->handle(Object(Illuminate\\Http\\Request), Object(Closure))
#34 /Users/mariopazmino/Desktop/springboot/app/contabilidad-backend/vendor/laravel/framework/src/Illuminate/Pipeline/Pipeline.php(219): Illuminate\\Foundation\\Http\\Middleware\\TrimStrings->handle(Object(Illuminate\\Http\\Request), Object(Closure))
#35 /Users/mariopazmino/Desktop/springboot/app/contabilidad-backend/vendor/laravel/framework/src/Illuminate/Http/Middleware/ValidatePostSize.php(27): Illuminate\\Pipeline\\Pipeline->{closure:{closure:Illuminate\\Pipeline\\Pipeline::carry():194}:195}(Object(Illuminate\\Http\\Request))
#36 /Users/mariopazmino/Desktop/springboot/app/contabilidad-backend/vendor/laravel/framework/src/Illuminate/Pipeline/Pipeline.php(219): Illuminate\\Http\\Middleware\\ValidatePostSize->handle(Object(Illuminate\\Http\\Request), Object(Closure))
#37 /Users/mariopazmino/Desktop/springboot/app/contabilidad-backend/vendor/laravel/framework/src/Illuminate/Foundation/Http/Middleware/PreventRequestsDuringMaintenance.php(109): Illuminate\\Pipeline\\Pipeline->{closure:{closure:Illuminate\\Pipeline\\Pipeline::carry():194}:195}(Object(Illuminate\\Http\\Request))
#38 /Users/mariopazmino/Desktop/springboot/app/contabilidad-backend/vendor/laravel/framework/src/Illuminate/Pipeline/Pipeline.php(219): Illuminate\\Foundation\\Http\\Middleware\\PreventRequestsDuringMaintenance->handle(Object(Illuminate\\Http\\Request), Object(Closure))
#39 /Users/mariopazmino/Desktop/springboot/app/contabilidad-backend/vendor/laravel/framework/src/Illuminate/Http/Middleware/HandleCors.php(74): Illuminate\\Pipeline\\Pipeline->{closure:{closure:Illuminate\\Pipeline\\Pipeline::carry():194}:195}(Object(Illuminate\\Http\\Request))
#40 /Users/mariopazmino/Desktop/springboot/app/contabilidad-backend/vendor/laravel/framework/src/Illuminate/Pipeline/Pipeline.php(219): Illuminate\\Http\\Middleware\\HandleCors->handle(Object(Illuminate\\Http\\Request), Object(Closure))
#41 /Users/mariopazmino/Desktop/springboot/app/contabilidad-backend/vendor/laravel/framework/src/Illuminate/Http/Middleware/TrustProxies.php(58): Illuminate\\Pipeline\\Pipeline->{closure:{closure:Illuminate\\Pipeline\\Pipeline::carry():194}:195}(Object(Illuminate\\Http\\Request))
#42 /Users/mariopazmino/Desktop/springboot/app/contabilidad-backend/vendor/laravel/framework/src/Illuminate/Pipeline/Pipeline.php(219): Illuminate\\Http\\Middleware\\TrustProxies->handle(Object(Illuminate\\Http\\Request), Object(Closure))
#43 /Users/mariopazmino/Desktop/springboot/app/contabilidad-backend/vendor/laravel/framework/src/Illuminate/Foundation/Http/Middleware/InvokeDeferredCallbacks.php(22): Illuminate\\Pipeline\\Pipeline->{closure:{closure:Illuminate\\Pipeline\\Pipeline::carry():194}:195}(Object(Illuminate\\Http\\Request))
#44 /Users/mariopazmino/Desktop/springboot/app/contabilidad-backend/vendor/laravel/framework/src/Illuminate/Pipeline/Pipeline.php(219): Illuminate\\Foundation\\Http\\Middleware\\InvokeDeferredCallbacks->handle(Object(Illuminate\\Http\\Request), Object(Closure))
#45 /Users/mariopazmino/Desktop/springboot/app/contabilidad-backend/vendor/laravel/framework/src/Illuminate/Http/Middleware/ValidatePathEncoding.php(28): Illuminate\\Pipeline\\Pipeline->{closure:{closure:Illuminate\\Pipeline\\Pipeline::carry():194}:195}(Object(Illuminate\\Http\\Request))
#46 /Users/mariopazmino/Desktop/springboot/app/contabilidad-backend/vendor/laravel/framework/src/Illuminate/Pipeline/Pipeline.php(219): Illuminate\\Http\\Middleware\\ValidatePathEncoding->handle(Object(Illuminate\\Http\\Request), Object(Closure))
#47 /Users/mariopazmino/Desktop/springboot/app/contabilidad-backend/vendor/laravel/framework/src/Illuminate/Pipeline/Pipeline.php(137): Illuminate\\Pipeline\\Pipeline->{closure:{closure:Illuminate\\Pipeline\\Pipeline::carry():194}:195}(Object(Illuminate\\Http\\Request))
#48 /Users/mariopazmino/Desktop/springboot/app/contabilidad-backend/vendor/laravel/framework/src/Illuminate/Foundation/Http/Kernel.php(175): Illuminate\\Pipeline\\Pipeline->then(Object(Closure))
#49 /Users/mariopazmino/Desktop/springboot/app/contabilidad-backend/vendor/laravel/framework/src/Illuminate/Foundation/Http/Kernel.php(144): Illuminate\\Foundation\\Http\\Kernel->sendRequestThroughRouter(Object(Illuminate\\Http\\Request))
#50 /Users/mariopazmino/Desktop/springboot/app/contabilidad-backend/vendor/laravel/framework/src/Illuminate/Foundation/Application.php(1220): Illuminate\\Foundation\\Http\\Kernel->handle(Object(Illuminate\\Http\\Request))
#51 /Users/mariopazmino/Desktop/springboot/app/contabilidad-backend/public/index.php(20): Illuminate\\Foundation\\Application->handleRequest(Object(Illuminate\\Http\\Request))
#52 /Users/mariopazmino/Desktop/springboot/app/contabilidad-backend/vendor/laravel/framework/src/Illuminate/Foundation/resources/server.php(23): require_once('/Users/mariopaz...')
#53 {main}
"} 
[2026-07-14 23:55:52] local.ERROR: Database file at path [/Users/mariopazmino/Desktop/app/contabilidad-backend/database/database.sqlite] does not exist. Ensure this is an absolute path to the database. (Connection: sqlite, Database: /Users/mariopazmino/Desktop/app/contabilidad-backend/database/database.sqlite, SQL: select * from "cache" where "key" in (laravel-cache-5c785c036466adea360111aa28563bfd556b5fba)) {"exception":"[object] (Illuminate\\Database\\QueryException(code: 0): Database file at path [/Users/mariopazmino/Desktop/app/contabilidad-backend/database/database.sqlite] does not exist. Ensure this is an absolute path to the database. (Connection: sqlite, Database: /Users/mariopazmino/Desktop/app/contabilidad-backend/database/database.sqlite, SQL: select * from \"cache\" where \"key\" in (laravel-cache-5c785c036466adea360111aa28563bfd556b5fba)) at /Users/mariopazmino/Desktop/springboot/app/contabilidad-backend/vendor/laravel/framework/src/Illuminate/Database/Connection.php:857)
[stacktrace]
#0 /Users/mariopazmino/Desktop/springboot/app/contabilidad-backend/vendor/laravel/framework/src/Illuminate/Database/Connection.php(813): Illuminate\\Database\\Connection->runQueryCallback('select * from \"...', Array, Object(Closure))
#1 /Users/mariopazmino/Desktop/springboot/app/contabilidad-backend/vendor/laravel/framework/src/Illuminate/Database/Connection.php(426): Illuminate\\Database\\Connection->run('select * from \"...', Array, Object(Closure))
#2 /Users/mariopazmino/Desktop/springboot/app/contabilidad-backend/vendor/laravel/framework/src/Illuminate/Database/Query/Builder.php(3573): Illuminate\\Database\\Connection->select('select * from \"...', Array, true, Array)
#3 /Users/mariopazmino/Desktop/springboot/app/contabilidad-backend/vendor/laravel/framework/src/Illuminate/Database/Query/Builder.php(3557): Illuminate\\Database\\Query\\Builder->runSelect()
#4 /Users/mariopazmino/Desktop/springboot/app/contabilidad-backend/vendor/laravel/framework/src/Illuminate/Cache/DatabaseStore.php(142): Illuminate\\Database\\Query\\Builder->get()
#5 /Users/mariopazmino/Desktop/springboot/app/contabilidad-backend/vendor/laravel/framework/src/Illuminate/Cache/DatabaseStore.php(117): Illuminate\\Cache\\DatabaseStore->many(Array)
#6 /Users/mariopazmino/Desktop/springboot/app/contabilidad-backend/vendor/laravel/framework/src/Illuminate/Cache/Repository.php(138): Illuminate\\Cache\\DatabaseStore->get('5c785c036466ade...')
#7 /Users/mariopazmino/Desktop/springboot/app/contabilidad-backend/vendor/laravel/framework/src/Illuminate/Cache/RateLimiter.php(206): Illuminate\\Cache\\Repository->get('5c785c036466ade...', 0)
#8 /Users/mariopazmino/Desktop/springboot/app/contabilidad-backend/vendor/laravel/framework/src/Illuminate/Cache/RateLimiter.php(302): Illuminate\\Cache\\RateLimiter->{closure:Illuminate\\Cache\\RateLimiter::attempts():206}()
#9 /Users/mariopazmino/Desktop/springboot/app/contabilidad-backend/vendor/laravel/framework/src/Illuminate/Cache/RateLimiter.php(206): Illuminate\\Cache\\RateLimiter->withoutSerializationOrCompression(Object(Closure))
#10 /Users/mariopazmino/Desktop/springboot/app/contabilidad-backend/vendor/laravel/framework/src/Illuminate/Cache/RateLimiter.php(129): Illuminate\\Cache\\RateLimiter->attempts('5c785c036466ade...')
#11 /Users/mariopazmino/Desktop/springboot/app/contabilidad-backend/vendor/laravel/framework/src/Illuminate/Routing/Middleware/ThrottleRequests.php(157): Illuminate\\Cache\\RateLimiter->tooManyAttempts('5c785c036466ade...', 5)
#12 /Users/mariopazmino/Desktop/springboot/app/contabilidad-backend/vendor/laravel/framework/src/Illuminate/Routing/Middleware/ThrottleRequests.php(93): Illuminate\\Routing\\Middleware\\ThrottleRequests->handleRequest(Object(Illuminate\\Http\\Request), Object(Closure), Array)
#13 /Users/mariopazmino/Desktop/springboot/app/contabilidad-backend/vendor/laravel/framework/src/Illuminate/Pipeline/Pipeline.php(219): Illuminate\\Routing\\Middleware\\ThrottleRequests->handle(Object(Illuminate\\Http\\Request), Object(Closure), '5', '1')
#14 /Users/mariopazmino/Desktop/springboot/app/contabilidad-backend/vendor/laravel/framework/src/Illuminate/Pipeline/Pipeline.php(137): Illuminate\\Pipeline\\Pipeline->{closure:{closure:Illuminate\\Pipeline\\Pipeline::carry():194}:195}(Object(Illuminate\\Http\\Request))
#15 /Users/mariopazmino/Desktop/springboot/app/contabilidad-backend/vendor/laravel/framework/src/Illuminate/Routing/Router.php(821): Illuminate\\Pipeline\\Pipeline->then(Object(Closure))
#16 /Users/mariopazmino/Desktop/springboot/app/contabilidad-backend/vendor/laravel/framework/src/Illuminate/Routing/Router.php(800): Illuminate\\Routing\\Router->runRouteWithinStack(Object(Illuminate\\Routing\\Route), Object(Illuminate\\Http\\Request))
#17 /Users/mariopazmino/Desktop/springboot/app/contabilidad-backend/vendor/laravel/framework/src/Illuminate/Routing/Router.php(764): Illuminate\\Routing\\Router->runRoute(Object(Illuminate\\Http\\Request), Object(Illuminate\\Routing\\Route))
#18 /Users/mariopazmino/Desktop/springboot/app/contabilidad-backend/vendor/laravel/framework/src/Illuminate/Routing/Router.php(753): Illuminate\\Routing\\Router->dispatchToRoute(Object(Illuminate\\Http\\Request))
#19 /Users/mariopazmino/Desktop/springboot/app/contabilidad-backend/vendor/laravel/framework/src/Illuminate/Foundation/Http/Kernel.php(200): Illuminate\\Routing\\Router->dispatch(Object(Illuminate\\Http\\Request))
#20 /Users/mariopazmino/Desktop/springboot/app/contabilidad-backend/vendor/laravel/framework/src/Illuminate/Pipeline/Pipeline.php(180): Illuminate\\Foundation\\Http\\Kernel->{closure:Illuminate\\Foundation\\Http\\Kernel::dispatchToRouter():197}(Object(Illuminate\\Http\\Request))
#21 /Users/mariopazmino/Desktop/springboot/app/contabilidad-backend/vendor/laravel/framework/src/Illuminate/Foundation/Http/Middleware/TransformsRequest.php(21): Illuminate\\Pipeline\\Pipeline->{closure:Illuminate\\Pipeline\\Pipeline::prepareDestination():178}(Object(Illuminate\\Http\\Request))
#22 /Users/mariopazmino/Desktop/springboot/app/contabilidad-backend/vendor/laravel/framework/src/Illuminate/Foundation/Http/Middleware/ConvertEmptyStringsToNull.php(31): Illuminate\\Foundation\\Http\\Middleware\\TransformsRequest->handle(Object(Illuminate\\Http\\Request), Object(Closure))
#23 /Users/mariopazmino/Desktop/springboot/app/contabilidad-backend/vendor/laravel/framework/src/Illuminate/Pipeline/Pipeline.php(219): Illuminate\\Foundation\\Http\\Middleware\\ConvertEmptyStringsToNull->handle(Object(Illuminate\\Http\\Request), Object(Closure))
#24 /Users/mariopazmino/Desktop/springboot/app/contabilidad-backend/vendor/laravel/framework/src/Illuminate/Foundation/Http/Middleware/TransformsRequest.php(21): Illuminate\\Pipeline\\Pipeline->{closure:{closure:Illuminate\\Pipeline\\Pipeline::carry():194}:195}(Object(Illuminate\\Http\\Request))
#25 /Users/mariopazmino/Desktop/springboot/app/contabilidad-backend/vendor/laravel/framework/src/Illuminate/Foundation/Http/Middleware/TrimStrings.php(51): Illuminate\\Foundation\\Http\\Middleware\\TransformsRequest->handle(Object(Illuminate\\Http\\Request), Object(Closure))
#26 /Users/mariopazmino/Desktop/springboot/app/contabilidad-backend/vendor/laravel/framework/src/Illuminate/Pipeline/Pipeline.php(219): Illuminate\\Foundation\\Http\\Middleware\\TrimStrings->handle(Object(Illuminate\\Http\\Request), Object(Closure))
#27 /Users/mariopazmino/Desktop/springboot/app/contabilidad-backend/vendor/laravel/framework/src/Illuminate/Http/Middleware/ValidatePostSize.php(27): Illuminate\\Pipeline\\Pipeline->{closure:{closure:Illuminate\\Pipeline\\Pipeline::carry():194}:195}(Object(Illuminate\\Http\\Request))
#28 /Users/mariopazmino/Desktop/springboot/app/contabilidad-backend/vendor/laravel/framework/src/Illuminate/Pipeline/Pipeline.php(219): Illuminate\\Http\\Middleware\\ValidatePostSize->handle(Object(Illuminate\\Http\\Request), Object(Closure))
#29 /Users/mariopazmino/Desktop/springboot/app/contabilidad-backend/vendor/laravel/framework/src/Illuminate/Foundation/Http/Middleware/PreventRequestsDuringMaintenance.php(109): Illuminate\\Pipeline\\Pipeline->{closure:{closure:Illuminate\\Pipeline\\Pipeline::carry():194}:195}(Object(Illuminate\\Http\\Request))
#30 /Users/mariopazmino/Desktop/springboot/app/contabilidad-backend/vendor/laravel/framework/src/Illuminate/Pipeline/Pipeline.php(219): Illuminate\\Foundation\\Http\\Middleware\\PreventRequestsDuringMaintenance->handle(Object(Illuminate\\Http\\Request), Object(Closure))
#31 /Users/mariopazmino/Desktop/springboot/app/contabilidad-backend/vendor/laravel/framework/src/Illuminate/Http/Middleware/HandleCors.php(74): Illuminate\\Pipeline\\Pipeline->{closure:{closure:Illuminate\\Pipeline\\Pipeline::carry():194}:195}(Object(Illuminate\\Http\\Request))
#32 /Users/mariopazmino/Desktop/springboot/app/contabilidad-backend/vendor/laravel/framework/src/Illuminate/Pipeline/Pipeline.php(219): Illuminate\\Http\\Middleware\\HandleCors->handle(Object(Illuminate\\Http\\Request), Object(Closure))
#33 /Users/mariopazmino/Desktop/springboot/app/contabilidad-backend/vendor/laravel/framework/src/Illuminate/Http/Middleware/TrustProxies.php(58): Illuminate\\Pipeline\\Pipeline->{closure:{closure:Illuminate\\Pipeline\\Pipeline::carry():194}:195}(Object(Illuminate\\Http\\Request))
#34 /Users/mariopazmino/Desktop/springboot/app/contabilidad-backend/vendor/laravel/framework/src/Illuminate/Pipeline/Pipeline.php(219): Illuminate\\Http\\Middleware\\TrustProxies->handle(Object(Illuminate\\Http\\Request), Object(Closure))
#35 /Users/mariopazmino/Desktop/springboot/app/contabilidad-backend/vendor/laravel/framework/src/Illuminate/Foundation/Http/Middleware/InvokeDeferredCallbacks.php(22): Illuminate\\Pipeline\\Pipeline->{closure:{closure:Illuminate\\Pipeline\\Pipeline::carry():194}:195}(Object(Illuminate\\Http\\Request))
#36 /Users/mariopazmino/Desktop/springboot/app/contabilidad-backend/vendor/laravel/framework/src/Illuminate/Pipeline/Pipeline.php(219): Illuminate\\Foundation\\Http\\Middleware\\InvokeDeferredCallbacks->handle(Object(Illuminate\\Http\\Request), Object(Closure))
#37 /Users/mariopazmino/Desktop/springboot/app/contabilidad-backend/vendor/laravel/framework/src/Illuminate/Http/Middleware/ValidatePathEncoding.php(28): Illuminate\\Pipeline\\Pipeline->{closure:{closure:Illuminate\\Pipeline\\Pipeline::carry():194}:195}(Object(Illuminate\\Http\\Request))
#38 /Users/mariopazmino/Desktop/springboot/app/contabilidad-backend/vendor/laravel/framework/src/Illuminate/Pipeline/Pipeline.php(219): Illuminate\\Http\\Middleware\\ValidatePathEncoding->handle(Object(Illuminate\\Http\\Request), Object(Closure))
#39 /Users/mariopazmino/Desktop/springboot/app/contabilidad-backend/vendor/laravel/framework/src/Illuminate/Pipeline/Pipeline.php(137): Illuminate\\Pipeline\\Pipeline->{closure:{closure:Illuminate\\Pipeline\\Pipeline::carry():194}:195}(Object(Illuminate\\Http\\Request))
#40 /Users/mariopazmino/Desktop/springboot/app/contabilidad-backend/vendor/laravel/framework/src/Illuminate/Foundation/Http/Kernel.php(175): Illuminate\\Pipeline\\Pipeline->then(Object(Closure))
#41 /Users/mariopazmino/Desktop/springboot/app/contabilidad-backend/vendor/laravel/framework/src/Illuminate/Foundation/Http/Kernel.php(144): Illuminate\\Foundation\\Http\\Kernel->sendRequestThroughRouter(Object(Illuminate\\Http\\Request))
#42 /Users/mariopazmino/Desktop/springboot/app/contabilidad-backend/vendor/laravel/framework/src/Illuminate/Foundation/Application.php(1220): Illuminate\\Foundation\\Http\\Kernel->handle(Object(Illuminate\\Http\\Request))
#43 /Users/mariopazmino/Desktop/springboot/app/contabilidad-backend/public/index.php(20): Illuminate\\Foundation\\Application->handleRequest(Object(Illuminate\\Http\\Request))
#44 /Users/mariopazmino/Desktop/springboot/app/contabilidad-backend/vendor/laravel/framework/src/Illuminate/Foundation/resources/server.php(23): require_once('/Users/mariopaz...')
#45 {main}

[previous exception] [object] (Illuminate\\Database\\SQLiteDatabaseDoesNotExistException(code: 0): Database file at path [/Users/mariopazmino/Desktop/app/contabilidad-backend/database/database.sqlite] does not exist. Ensure this is an absolute path to the database. at /Users/mariopazmino/Desktop/springboot/app/contabilidad-backend/vendor/laravel/framework/src/Illuminate/Database/Connectors/SQLiteConnector.php:61)
[stacktrace]
#0 /Users/mariopazmino/Desktop/springboot/app/contabilidad-backend/vendor/laravel/framework/src/Illuminate/Database/Connectors/SQLiteConnector.php(19): Illuminate\\Database\\Connectors\\SQLiteConnector->parseDatabasePath(false)
#1 /Users/mariopazmino/Desktop/springboot/app/contabilidad-backend/vendor/laravel/framework/src/Illuminate/Database/Connectors/ConnectionFactory.php(259): Illuminate\\Database\\Connectors\\SQLiteConnector->connect(Array)
#2 [internal function]: Illuminate\\Database\\Connectors\\ConnectionFactory->{closure:Illuminate\\Database\\Connectors\\ConnectionFactory::createPdoResolverWithoutHosts():259}()
#3 /Users/mariopazmino/Desktop/springboot/app/contabilidad-backend/vendor/laravel/framework/src/Illuminate/Database/Connection.php(1297): call_user_func(Object(Closure))
#4 /Users/mariopazmino/Desktop/springboot/app/contabilidad-backend/vendor/laravel/framework/src/Illuminate/Database/Connection.php(1335): Illuminate\\Database\\Connection->getPdo()
#5 /Users/mariopazmino/Desktop/springboot/app/contabilidad-backend/vendor/laravel/framework/src/Illuminate/Database/Connection.php(542): Illuminate\\Database\\Connection->getReadPdo()
#6 /Users/mariopazmino/Desktop/springboot/app/contabilidad-backend/vendor/laravel/framework/src/Illuminate/Database/Connection.php(435): Illuminate\\Database\\Connection->getPdoForSelect(true)
#7 /Users/mariopazmino/Desktop/springboot/app/contabilidad-backend/vendor/laravel/framework/src/Illuminate/Database/Connection.php(846): Illuminate\\Database\\Connection->{closure:Illuminate\\Database\\Connection::select():426}('select * from \"...', Array)
#8 /Users/mariopazmino/Desktop/springboot/app/contabilidad-backend/vendor/laravel/framework/src/Illuminate/Database/Connection.php(813): Illuminate\\Database\\Connection->runQueryCallback('select * from \"...', Array, Object(Closure))
#9 /Users/mariopazmino/Desktop/springboot/app/contabilidad-backend/vendor/laravel/framework/src/Illuminate/Database/Connection.php(426): Illuminate\\Database\\Connection->run('select * from \"...', Array, Object(Closure))
#10 /Users/mariopazmino/Desktop/springboot/app/contabilidad-backend/vendor/laravel/framework/src/Illuminate/Database/Query/Builder.php(3573): Illuminate\\Database\\Connection->select('select * from \"...', Array, true, Array)
#11 /Users/mariopazmino/Desktop/springboot/app/contabilidad-backend/vendor/laravel/framework/src/Illuminate/Database/Query/Builder.php(3557): Illuminate\\Database\\Query\\Builder->runSelect()
#12 /Users/mariopazmino/Desktop/springboot/app/contabilidad-backend/vendor/laravel/framework/src/Illuminate/Cache/DatabaseStore.php(142): Illuminate\\Database\\Query\\Builder->get()
#13 /Users/mariopazmino/Desktop/springboot/app/contabilidad-backend/vendor/laravel/framework/src/Illuminate/Cache/DatabaseStore.php(117): Illuminate\\Cache\\DatabaseStore->many(Array)
#14 /Users/mariopazmino/Desktop/springboot/app/contabilidad-backend/vendor/laravel/framework/src/Illuminate/Cache/Repository.php(138): Illuminate\\Cache\\DatabaseStore->get('5c785c036466ade...')
#15 /Users/mariopazmino/Desktop/springboot/app/contabilidad-backend/vendor/laravel/framework/src/Illuminate/Cache/RateLimiter.php(206): Illuminate\\Cache\\Repository->get('5c785c036466ade...', 0)
#16 /Users/mariopazmino/Desktop/springboot/app/contabilidad-backend/vendor/laravel/framework/src/Illuminate/Cache/RateLimiter.php(302): Illuminate\\Cache\\RateLimiter->{closure:Illuminate\\Cache\\RateLimiter::attempts():206}()
#17 /Users/mariopazmino/Desktop/springboot/app/contabilidad-backend/vendor/laravel/framework/src/Illuminate/Cache/RateLimiter.php(206): Illuminate\\Cache\\RateLimiter->withoutSerializationOrCompression(Object(Closure))
#18 /Users/mariopazmino/Desktop/springboot/app/contabilidad-backend/vendor/laravel/framework/src/Illuminate/Cache/RateLimiter.php(129): Illuminate\\Cache\\RateLimiter->attempts('5c785c036466ade...')
#19 /Users/mariopazmino/Desktop/springboot/app/contabilidad-backend/vendor/laravel/framework/src/Illuminate/Routing/Middleware/ThrottleRequests.php(157): Illuminate\\Cache\\RateLimiter->tooManyAttempts('5c785c036466ade...', 5)
#20 /Users/mariopazmino/Desktop/springboot/app/contabilidad-backend/vendor/laravel/framework/src/Illuminate/Routing/Middleware/ThrottleRequests.php(93): Illuminate\\Routing\\Middleware\\ThrottleRequests->handleRequest(Object(Illuminate\\Http\\Request), Object(Closure), Array)
#21 /Users/mariopazmino/Desktop/springboot/app/contabilidad-backend/vendor/laravel/framework/src/Illuminate/Pipeline/Pipeline.php(219): Illuminate\\Routing\\Middleware\\ThrottleRequests->handle(Object(Illuminate\\Http\\Request), Object(Closure), '5', '1')
#22 /Users/mariopazmino/Desktop/springboot/app/contabilidad-backend/vendor/laravel/framework/src/Illuminate/Pipeline/Pipeline.php(137): Illuminate\\Pipeline\\Pipeline->{closure:{closure:Illuminate\\Pipeline\\Pipeline::carry():194}:195}(Object(Illuminate\\Http\\Request))
#23 /Users/mariopazmino/Desktop/springboot/app/contabilidad-backend/vendor/laravel/framework/src/Illuminate/Routing/Router.php(821): Illuminate\\Pipeline\\Pipeline->then(Object(Closure))
#24 /Users/mariopazmino/Desktop/springboot/app/contabilidad-backend/vendor/laravel/framework/src/Illuminate/Routing/Router.php(800): Illuminate\\Routing\\Router->runRouteWithinStack(Object(Illuminate\\Routing\\Route), Object(Illuminate\\Http\\Request))
#25 /Users/mariopazmino/Desktop/springboot/app/contabilidad-backend/vendor/laravel/framework/src/Illuminate/Routing/Router.php(764): Illuminate\\Routing\\Router->runRoute(Object(Illuminate\\Http\\Request), Object(Illuminate\\Routing\\Route))
#26 /Users/mariopazmino/Desktop/springboot/app/contabilidad-backend/vendor/laravel/framework/src/Illuminate/Routing/Router.php(753): Illuminate\\Routing\\Router->dispatchToRoute(Object(Illuminate\\Http\\Request))
#27 /Users/mariopazmino/Desktop/springboot/app/contabilidad-backend/vendor/laravel/framework/src/Illuminate/Foundation/Http/Kernel.php(200): Illuminate\\Routing\\Router->dispatch(Object(Illuminate\\Http\\Request))
#28 /Users/mariopazmino/Desktop/springboot/app/contabilidad-backend/vendor/laravel/framework/src/Illuminate/Pipeline/Pipeline.php(180): Illuminate\\Foundation\\Http\\Kernel->{closure:Illuminate\\Foundation\\Http\\Kernel::dispatchToRouter():197}(Object(Illuminate\\Http\\Request))
#29 /Users/mariopazmino/Desktop/springboot/app/contabilidad-backend/vendor/laravel/framework/src/Illuminate/Foundation/Http/Middleware/TransformsRequest.php(21): Illuminate\\Pipeline\\Pipeline->{closure:Illuminate\\Pipeline\\Pipeline::prepareDestination():178}(Object(Illuminate\\Http\\Request))
#30 /Users/mariopazmino/Desktop/springboot/app/contabilidad-backend/vendor/laravel/framework/src/Illuminate/Foundation/Http/Middleware/ConvertEmptyStringsToNull.php(31): Illuminate\\Foundation\\Http\\Middleware\\TransformsRequest->handle(Object(Illuminate\\Http\\Request), Object(Closure))
#31 /Users/mariopazmino/Desktop/springboot/app/contabilidad-backend/vendor/laravel/framework/src/Illuminate/Pipeline/Pipeline.php(219): Illuminate\\Foundation\\Http\\Middleware\\ConvertEmptyStringsToNull->handle(Object(Illuminate\\Http\\Request), Object(Closure))
#32 /Users/mariopazmino/Desktop/springboot/app/contabilidad-backend/vendor/laravel/framework/src/Illuminate/Foundation/Http/Middleware/TransformsRequest.php(21): Illuminate\\Pipeline\\Pipeline->{closure:{closure:Illuminate\\Pipeline\\Pipeline::carry():194}:195}(Object(Illuminate\\Http\\Request))
#33 /Users/mariopazmino/Desktop/springboot/app/contabilidad-backend/vendor/laravel/framework/src/Illuminate/Foundation/Http/Middleware/TrimStrings.php(51): Illuminate\\Foundation\\Http\\Middleware\\TransformsRequest->handle(Object(Illuminate\\Http\\Request), Object(Closure))
#34 /Users/mariopazmino/Desktop/springboot/app/contabilidad-backend/vendor/laravel/framework/src/Illuminate/Pipeline/Pipeline.php(219): Illuminate\\Foundation\\Http\\Middleware\\TrimStrings->handle(Object(Illuminate\\Http\\Request), Object(Closure))
#35 /Users/mariopazmino/Desktop/springboot/app/contabilidad-backend/vendor/laravel/framework/src/Illuminate/Http/Middleware/ValidatePostSize.php(27): Illuminate\\Pipeline\\Pipeline->{closure:{closure:Illuminate\\Pipeline\\Pipeline::carry():194}:195}(Object(Illuminate\\Http\\Request))
#36 /Users/mariopazmino/Desktop/springboot/app/contabilidad-backend/vendor/laravel/framework/src/Illuminate/Pipeline/Pipeline.php(219): Illuminate\\Http\\Middleware\\ValidatePostSize->handle(Object(Illuminate\\Http\\Request), Object(Closure))
#37 /Users/mariopazmino/Desktop/springboot/app/contabilidad-backend/vendor/laravel/framework/src/Illuminate/Foundation/Http/Middleware/PreventRequestsDuringMaintenance.php(109): Illuminate\\Pipeline\\Pipeline->{closure:{closure:Illuminate\\Pipeline\\Pipeline::carry():194}:195}(Object(Illuminate\\Http\\Request))
#38 /Users/mariopazmino/Desktop/springboot/app/contabilidad-backend/vendor/laravel/framework/src/Illuminate/Pipeline/Pipeline.php(219): Illuminate\\Foundation\\Http\\Middleware\\PreventRequestsDuringMaintenance->handle(Object(Illuminate\\Http\\Request), Object(Closure))
#39 /Users/mariopazmino/Desktop/springboot/app/contabilidad-backend/vendor/laravel/framework/src/Illuminate/Http/Middleware/HandleCors.php(74): Illuminate\\Pipeline\\Pipeline->{closure:{closure:Illuminate\\Pipeline\\Pipeline::carry():194}:195}(Object(Illuminate\\Http\\Request))
#40 /Users/mariopazmino/Desktop/springboot/app/contabilidad-backend/vendor/laravel/framework/src/Illuminate/Pipeline/Pipeline.php(219): Illuminate\\Http\\Middleware\\HandleCors->handle(Object(Illuminate\\Http\\Request), Object(Closure))
#41 /Users/mariopazmino/Desktop/springboot/app/contabilidad-backend/vendor/laravel/framework/src/Illuminate/Http/Middleware/TrustProxies.php(58): Illuminate\\Pipeline\\Pipeline->{closure:{closure:Illuminate\\Pipeline\\Pipeline::carry():194}:195}(Object(Illuminate\\Http\\Request))
#42 /Users/mariopazmino/Desktop/springboot/app/contabilidad-backend/vendor/laravel/framework/src/Illuminate/Pipeline/Pipeline.php(219): Illuminate\\Http\\Middleware\\TrustProxies->handle(Object(Illuminate\\Http\\Request), Object(Closure))
#43 /Users/mariopazmino/Desktop/springboot/app/contabilidad-backend/vendor/laravel/framework/src/Illuminate/Foundation/Http/Middleware/InvokeDeferredCallbacks.php(22): Illuminate\\Pipeline\\Pipeline->{closure:{closure:Illuminate\\Pipeline\\Pipeline::carry():194}:195}(Object(Illuminate\\Http\\Request))
#44 /Users/mariopazmino/Desktop/springboot/app/contabilidad-backend/vendor/laravel/framework/src/Illuminate/Pipeline/Pipeline.php(219): Illuminate\\Foundation\\Http\\Middleware\\InvokeDeferredCallbacks->handle(Object(Illuminate\\Http\\Request), Object(Closure))
#45 /Users/mariopazmino/Desktop/springboot/app/contabilidad-backend/vendor/laravel/framework/src/Illuminate/Http/Middleware/ValidatePathEncoding.php(28): Illuminate\\Pipeline\\Pipeline->{closure:{closure:Illuminate\\Pipeline\\Pipeline::carry():194}:195}(Object(Illuminate\\Http\\Request))
#46 /Users/mariopazmino/Desktop/springboot/app/contabilidad-backend/vendor/laravel/framework/src/Illuminate/Pipeline/Pipeline.php(219): Illuminate\\Http\\Middleware\\ValidatePathEncoding->handle(Object(Illuminate\\Http\\Request), Object(Closure))
#47 /Users/mariopazmino/Desktop/springboot/app/contabilidad-backend/vendor/laravel/framework/src/Illuminate/Pipeline/Pipeline.php(137): Illuminate\\Pipeline\\Pipeline->{closure:{closure:Illuminate\\Pipeline\\Pipeline::carry():194}:195}(Object(Illuminate\\Http\\Request))
#48 /Users/mariopazmino/Desktop/springboot/app/contabilidad-backend/vendor/laravel/framework/src/Illuminate/Foundation/Http/Kernel.php(175): Illuminate\\Pipeline\\Pipeline->then(Object(Closure))
#49 /Users/mariopazmino/Desktop/springboot/app/contabilidad-backend/vendor/laravel/framework/src/Illuminate/Foundation/Http/Kernel.php(144): Illuminate\\Foundation\\Http\\Kernel->sendRequestThroughRouter(Object(Illuminate\\Http\\Request))
#50 /Users/mariopazmino/Desktop/springboot/app/contabilidad-backend/vendor/laravel/framework/src/Illuminate/Foundation/Application.php(1220): Illuminate\\Foundation\\Http\\Kernel->handle(Object(Illuminate\\Http\\Request))
#51 /Users/mariopazmino/Desktop/springboot/app/contabilidad-backend/public/index.php(20): Illuminate\\Foundation\\Application->handleRequest(Object(Illuminate\\Http\\Request))
#52 /Users/mariopazmino/Desktop/springboot/app/contabilidad-backend/vendor/laravel/framework/src/Illuminate/Foundation/resources/server.php(23): require_once('/Users/mariopaz...')
#53 {main}
"} 
[2026-07-14 23:55:52] local.ERROR: Database file at path [/Users/mariopazmino/Desktop/app/contabilidad-backend/database/database.sqlite] does not exist. Ensure this is an absolute path to the database. (Connection: sqlite, Database: /Users/mariopazmino/Desktop/app/contabilidad-backend/database/database.sqlite, SQL: select * from "cache" where "key" in (laravel-cache-5c785c036466adea360111aa28563bfd556b5fba)) {"exception":"[object] (Illuminate\\Database\\QueryException(code: 0): Database file at path [/Users/mariopazmino/Desktop/app/contabilidad-backend/database/database.sqlite] does not exist. Ensure this is an absolute path to the database. (Connection: sqlite, Database: /Users/mariopazmino/Desktop/app/contabilidad-backend/database/database.sqlite, SQL: select * from \"cache\" where \"key\" in (laravel-cache-5c785c036466adea360111aa28563bfd556b5fba)) at /Users/mariopazmino/Desktop/springboot/app/contabilidad-backend/vendor/laravel/framework/src/Illuminate/Database/Connection.php:857)
[stacktrace]
#0 /Users/mariopazmino/Desktop/springboot/app/contabilidad-backend/vendor/laravel/framework/src/Illuminate/Database/Connection.php(813): Illuminate\\Database\\Connection->runQueryCallback('select * from \"...', Array, Object(Closure))
#1 /Users/mariopazmino/Desktop/springboot/app/contabilidad-backend/vendor/laravel/framework/src/Illuminate/Database/Connection.php(426): Illuminate\\Database\\Connection->run('select * from \"...', Array, Object(Closure))
#2 /Users/mariopazmino/Desktop/springboot/app/contabilidad-backend/vendor/laravel/framework/src/Illuminate/Database/Query/Builder.php(3573): Illuminate\\Database\\Connection->select('select * from \"...', Array, true, Array)
#3 /Users/mariopazmino/Desktop/springboot/app/contabilidad-backend/vendor/laravel/framework/src/Illuminate/Database/Query/Builder.php(3557): Illuminate\\Database\\Query\\Builder->runSelect()
#4 /Users/mariopazmino/Desktop/springboot/app/contabilidad-backend/vendor/laravel/framework/src/Illuminate/Cache/DatabaseStore.php(142): Illuminate\\Database\\Query\\Builder->get()
#5 /Users/mariopazmino/Desktop/springboot/app/contabilidad-backend/vendor/laravel/framework/src/Illuminate/Cache/DatabaseStore.php(117): Illuminate\\Cache\\DatabaseStore->many(Array)
#6 /Users/mariopazmino/Desktop/springboot/app/contabilidad-backend/vendor/laravel/framework/src/Illuminate/Cache/Repository.php(138): Illuminate\\Cache\\DatabaseStore->get('5c785c036466ade...')
#7 /Users/mariopazmino/Desktop/springboot/app/contabilidad-backend/vendor/laravel/framework/src/Illuminate/Cache/RateLimiter.php(206): Illuminate\\Cache\\Repository->get('5c785c036466ade...', 0)
#8 /Users/mariopazmino/Desktop/springboot/app/contabilidad-backend/vendor/laravel/framework/src/Illuminate/Cache/RateLimiter.php(302): Illuminate\\Cache\\RateLimiter->{closure:Illuminate\\Cache\\RateLimiter::attempts():206}()
#9 /Users/mariopazmino/Desktop/springboot/app/contabilidad-backend/vendor/laravel/framework/src/Illuminate/Cache/RateLimiter.php(206): Illuminate\\Cache\\RateLimiter->withoutSerializationOrCompression(Object(Closure))
#10 /Users/mariopazmino/Desktop/springboot/app/contabilidad-backend/vendor/laravel/framework/src/Illuminate/Cache/RateLimiter.php(129): Illuminate\\Cache\\RateLimiter->attempts('5c785c036466ade...')
#11 /Users/mariopazmino/Desktop/springboot/app/contabilidad-backend/vendor/laravel/framework/src/Illuminate/Routing/Middleware/ThrottleRequests.php(157): Illuminate\\Cache\\RateLimiter->tooManyAttempts('5c785c036466ade...', 5)
#12 /Users/mariopazmino/Desktop/springboot/app/contabilidad-backend/vendor/laravel/framework/src/Illuminate/Routing/Middleware/ThrottleRequests.php(93): Illuminate\\Routing\\Middleware\\ThrottleRequests->handleRequest(Object(Illuminate\\Http\\Request), Object(Closure), Array)
#13 /Users/mariopazmino/Desktop/springboot/app/contabilidad-backend/vendor/laravel/framework/src/Illuminate/Pipeline/Pipeline.php(219): Illuminate\\Routing\\Middleware\\ThrottleRequests->handle(Object(Illuminate\\Http\\Request), Object(Closure), '5', '1')
#14 /Users/mariopazmino/Desktop/springboot/app/contabilidad-backend/vendor/laravel/framework/src/Illuminate/Pipeline/Pipeline.php(137): Illuminate\\Pipeline\\Pipeline->{closure:{closure:Illuminate\\Pipeline\\Pipeline::carry():194}:195}(Object(Illuminate\\Http\\Request))
#15 /Users/mariopazmino/Desktop/springboot/app/contabilidad-backend/vendor/laravel/framework/src/Illuminate/Routing/Router.php(821): Illuminate\\Pipeline\\Pipeline->then(Object(Closure))
#16 /Users/mariopazmino/Desktop/springboot/app/contabilidad-backend/vendor/laravel/framework/src/Illuminate/Routing/Router.php(800): Illuminate\\Routing\\Router->runRouteWithinStack(Object(Illuminate\\Routing\\Route), Object(Illuminate\\Http\\Request))
#17 /Users/mariopazmino/Desktop/springboot/app/contabilidad-backend/vendor/laravel/framework/src/Illuminate/Routing/Router.php(764): Illuminate\\Routing\\Router->runRoute(Object(Illuminate\\Http\\Request), Object(Illuminate\\Routing\\Route))
#18 /Users/mariopazmino/Desktop/springboot/app/contabilidad-backend/vendor/laravel/framework/src/Illuminate/Routing/Router.php(753): Illuminate\\Routing\\Router->dispatchToRoute(Object(Illuminate\\Http\\Request))
#19 /Users/mariopazmino/Desktop/springboot/app/contabilidad-backend/vendor/laravel/framework/src/Illuminate/Foundation/Http/Kernel.php(200): Illuminate\\Routing\\Router->dispatch(Object(Illuminate\\Http\\Request))
#20 /Users/mariopazmino/Desktop/springboot/app/contabilidad-backend/vendor/laravel/framework/src/Illuminate/Pipeline/Pipeline.php(180): Illuminate\\Foundation\\Http\\Kernel->{closure:Illuminate\\Foundation\\Http\\Kernel::dispatchToRouter():197}(Object(Illuminate\\Http\\Request))
#21 /Users/mariopazmino/Desktop/springboot/app/contabilidad-backend/vendor/laravel/framework/src/Illuminate/Foundation/Http/Middleware/TransformsRequest.php(21): Illuminate\\Pipeline\\Pipeline->{closure:Illuminate\\Pipeline\\Pipeline::prepareDestination():178}(Object(Illuminate\\Http\\Request))
#22 /Users/mariopazmino/Desktop/springboot/app/contabilidad-backend/vendor/laravel/framework/src/Illuminate/Foundation/Http/Middleware/ConvertEmptyStringsToNull.php(31): Illuminate\\Foundation\\Http\\Middleware\\TransformsRequest->handle(Object(Illuminate\\Http\\Request), Object(Closure))
#23 /Users/mariopazmino/Desktop/springboot/app/contabilidad-backend/vendor/laravel/framework/src/Illuminate/Pipeline/Pipeline.php(219): Illuminate\\Foundation\\Http\\Middleware\\ConvertEmptyStringsToNull->handle(Object(Illuminate\\Http\\Request), Object(Closure))
#24 /Users/mariopazmino/Desktop/springboot/app/contabilidad-backend/vendor/laravel/framework/src/Illuminate/Foundation/Http/Middleware/TransformsRequest.php(21): Illuminate\\Pipeline\\Pipeline->{closure:{closure:Illuminate\\Pipeline\\Pipeline::carry():194}:195}(Object(Illuminate\\Http\\Request))
#25 /Users/mariopazmino/Desktop/springboot/app/contabilidad-backend/vendor/laravel/framework/src/Illuminate/Foundation/Http/Middleware/TrimStrings.php(51): Illuminate\\Foundation\\Http\\Middleware\\TransformsRequest->handle(Object(Illuminate\\Http\\Request), Object(Closure))
#26 /Users/mariopazmino/Desktop/springboot/app/contabilidad-backend/vendor/laravel/framework/src/Illuminate/Pipeline/Pipeline.php(219): Illuminate\\Foundation\\Http\\Middleware\\TrimStrings->handle(Object(Illuminate\\Http\\Request), Object(Closure))
#27 /Users/mariopazmino/Desktop/springboot/app/contabilidad-backend/vendor/laravel/framework/src/Illuminate/Http/Middleware/ValidatePostSize.php(27): Illuminate\\Pipeline\\Pipeline->{closure:{closure:Illuminate\\Pipeline\\Pipeline::carry():194}:195}(Object(Illuminate\\Http\\Request))
#28 /Users/mariopazmino/Desktop/springboot/app/contabilidad-backend/vendor/laravel/framework/src/Illuminate/Pipeline/Pipeline.php(219): Illuminate\\Http\\Middleware\\ValidatePostSize->handle(Object(Illuminate\\Http\\Request), Object(Closure))
#29 /Users/mariopazmino/Desktop/springboot/app/contabilidad-backend/vendor/laravel/framework/src/Illuminate/Foundation/Http/Middleware/PreventRequestsDuringMaintenance.php(109): Illuminate\\Pipeline\\Pipeline->{closure:{closure:Illuminate\\Pipeline\\Pipeline::carry():194}:195}(Object(Illuminate\\Http\\Request))
#30 /Users/mariopazmino/Desktop/springboot/app/contabilidad-backend/vendor/laravel/framework/src/Illuminate/Pipeline/Pipeline.php(219): Illuminate\\Foundation\\Http\\Middleware\\PreventRequestsDuringMaintenance->handle(Object(Illuminate\\Http\\Request), Object(Closure))
#31 /Users/mariopazmino/Desktop/springboot/app/contabilidad-backend/vendor/laravel/framework/src/Illuminate/Http/Middleware/HandleCors.php(74): Illuminate\\Pipeline\\Pipeline->{closure:{closure:Illuminate\\Pipeline\\Pipeline::carry():194}:195}(Object(Illuminate\\Http\\Request))
#32 /Users/mariopazmino/Desktop/springboot/app/contabilidad-backend/vendor/laravel/framework/src/Illuminate/Pipeline/Pipeline.php(219): Illuminate\\Http\\Middleware\\HandleCors->handle(Object(Illuminate\\Http\\Request), Object(Closure))
#33 /Users/mariopazmino/Desktop/springboot/app/contabilidad-backend/vendor/laravel/framework/src/Illuminate/Http/Middleware/TrustProxies.php(58): Illuminate\\Pipeline\\Pipeline->{closure:{closure:Illuminate\\Pipeline\\Pipeline::carry():194}:195}(Object(Illuminate\\Http\\Request))
#34 /Users/mariopazmino/Desktop/springboot/app/contabilidad-backend/vendor/laravel/framework/src/Illuminate/Pipeline/Pipeline.php(219): Illuminate\\Http\\Middleware\\TrustProxies->handle(Object(Illuminate\\Http\\Request), Object(Closure))
#35 /Users/mariopazmino/Desktop/springboot/app/contabilidad-backend/vendor/laravel/framework/src/Illuminate/Foundation/Http/Middleware/InvokeDeferredCallbacks.php(22): Illuminate\\Pipeline\\Pipeline->{closure:{closure:Illuminate\\Pipeline\\Pipeline::carry():194}:195}(Object(Illuminate\\Http\\Request))
#36 /Users/mariopazmino/Desktop/springboot/app/contabilidad-backend/vendor/laravel/framework/src/Illuminate/Pipeline/Pipeline.php(219): Illuminate\\Foundation\\Http\\Middleware\\InvokeDeferredCallbacks->handle(Object(Illuminate\\Http\\Request), Object(Closure))
#37 /Users/mariopazmino/Desktop/springboot/app/contabilidad-backend/vendor/laravel/framework/src/Illuminate/Http/Middleware/ValidatePathEncoding.php(28): Illuminate\\Pipeline\\Pipeline->{closure:{closure:Illuminate\\Pipeline\\Pipeline::carry():194}:195}(Object(Illuminate\\Http\\Request))
#38 /Users/mariopazmino/Desktop/springboot/app/contabilidad-backend/vendor/laravel/framework/src/Illuminate/Pipeline/Pipeline.php(219): Illuminate\\Http\\Middleware\\ValidatePathEncoding->handle(Object(Illuminate\\Http\\Request), Object(Closure))
#39 /Users/mariopazmino/Desktop/springboot/app/contabilidad-backend/vendor/laravel/framework/src/Illuminate/Pipeline/Pipeline.php(137): Illuminate\\Pipeline\\Pipeline->{closure:{closure:Illuminate\\Pipeline\\Pipeline::carry():194}:195}(Object(Illuminate\\Http\\Request))
#40 /Users/mariopazmino/Desktop/springboot/app/contabilidad-backend/vendor/laravel/framework/src/Illuminate/Foundation/Http/Kernel.php(175): Illuminate\\Pipeline\\Pipeline->then(Object(Closure))
#41 /Users/mariopazmino/Desktop/springboot/app/contabilidad-backend/vendor/laravel/framework/src/Illuminate/Foundation/Http/Kernel.php(144): Illuminate\\Foundation\\Http\\Kernel->sendRequestThroughRouter(Object(Illuminate\\Http\\Request))
#42 /Users/mariopazmino/Desktop/springboot/app/contabilidad-backend/vendor/laravel/framework/src/Illuminate/Foundation/Application.php(1220): Illuminate\\Foundation\\Http\\Kernel->handle(Object(Illuminate\\Http\\Request))
#43 /Users/mariopazmino/Desktop/springboot/app/contabilidad-backend/public/index.php(20): Illuminate\\Foundation\\Application->handleRequest(Object(Illuminate\\Http\\Request))
#44 /Users/mariopazmino/Desktop/springboot/app/contabilidad-backend/vendor/laravel/framework/src/Illuminate/Foundation/resources/server.php(23): require_once('/Users/mariopaz...')
#45 {main}

[previous exception] [object] (Illuminate\\Database\\SQLiteDatabaseDoesNotExistException(code: 0): Database file at path [/Users/mariopazmino/Desktop/app/contabilidad-backend/database/database.sqlite] does not exist. Ensure this is an absolute path to the database. at /Users/mariopazmino/Desktop/springboot/app/contabilidad-backend/vendor/laravel/framework/src/Illuminate/Database/Connectors/SQLiteConnector.php:61)
[stacktrace]
#0 /Users/mariopazmino/Desktop/springboot/app/contabilidad-backend/vendor/laravel/framework/src/Illuminate/Database/Connectors/SQLiteConnector.php(19): Illuminate\\Database\\Connectors\\SQLiteConnector->parseDatabasePath(false)
#1 /Users/mariopazmino/Desktop/springboot/app/contabilidad-backend/vendor/laravel/framework/src/Illuminate/Database/Connectors/ConnectionFactory.php(259): Illuminate\\Database\\Connectors\\SQLiteConnector->connect(Array)
#2 [internal function]: Illuminate\\Database\\Connectors\\ConnectionFactory->{closure:Illuminate\\Database\\Connectors\\ConnectionFactory::createPdoResolverWithoutHosts():259}()
#3 /Users/mariopazmino/Desktop/springboot/app/contabilidad-backend/vendor/laravel/framework/src/Illuminate/Database/Connection.php(1297): call_user_func(Object(Closure))
#4 /Users/mariopazmino/Desktop/springboot/app/contabilidad-backend/vendor/laravel/framework/src/Illuminate/Database/Connection.php(1335): Illuminate\\Database\\Connection->getPdo()
#5 /Users/mariopazmino/Desktop/springboot/app/contabilidad-backend/vendor/laravel/framework/src/Illuminate/Database/Connection.php(542): Illuminate\\Database\\Connection->getReadPdo()
#6 /Users/mariopazmino/Desktop/springboot/app/contabilidad-backend/vendor/laravel/framework/src/Illuminate/Database/Connection.php(435): Illuminate\\Database\\Connection->getPdoForSelect(true)
#7 /Users/mariopazmino/Desktop/springboot/app/contabilidad-backend/vendor/laravel/framework/src/Illuminate/Database/Connection.php(846): Illuminate\\Database\\Connection->{closure:Illuminate\\Database\\Connection::select():426}('select * from \"...', Array)
#8 /Users/mariopazmino/Desktop/springboot/app/contabilidad-backend/vendor/laravel/framework/src/Illuminate/Database/Connection.php(813): Illuminate\\Database\\Connection->runQueryCallback('select * from \"...', Array, Object(Closure))
#9 /Users/mariopazmino/Desktop/springboot/app/contabilidad-backend/vendor/laravel/framework/src/Illuminate/Database/Connection.php(426): Illuminate\\Database\\Connection->run('select * from \"...', Array, Object(Closure))
#10 /Users/mariopazmino/Desktop/springboot/app/contabilidad-backend/vendor/laravel/framework/src/Illuminate/Database/Query/Builder.php(3573): Illuminate\\Database\\Connection->select('select * from \"...', Array, true, Array)
#11 /Users/mariopazmino/Desktop/springboot/app/contabilidad-backend/vendor/laravel/framework/src/Illuminate/Database/Query/Builder.php(3557): Illuminate\\Database\\Query\\Builder->runSelect()
#12 /Users/mariopazmino/Desktop/springboot/app/contabilidad-backend/vendor/laravel/framework/src/Illuminate/Cache/DatabaseStore.php(142): Illuminate\\Database\\Query\\Builder->get()
#13 /Users/mariopazmino/Desktop/springboot/app/contabilidad-backend/vendor/laravel/framework/src/Illuminate/Cache/DatabaseStore.php(117): Illuminate\\Cache\\DatabaseStore->many(Array)
#14 /Users/mariopazmino/Desktop/springboot/app/contabilidad-backend/vendor/laravel/framework/src/Illuminate/Cache/Repository.php(138): Illuminate\\Cache\\DatabaseStore->get('5c785c036466ade...')
#15 /Users/mariopazmino/Desktop/springboot/app/contabilidad-backend/vendor/laravel/framework/src/Illuminate/Cache/RateLimiter.php(206): Illuminate\\Cache\\Repository->get('5c785c036466ade...', 0)
#16 /Users/mariopazmino/Desktop/springboot/app/contabilidad-backend/vendor/laravel/framework/src/Illuminate/Cache/RateLimiter.php(302): Illuminate\\Cache\\RateLimiter->{closure:Illuminate\\Cache\\RateLimiter::attempts():206}()
#17 /Users/mariopazmino/Desktop/springboot/app/contabilidad-backend/vendor/laravel/framework/src/Illuminate/Cache/RateLimiter.php(206): Illuminate\\Cache\\RateLimiter->withoutSerializationOrCompression(Object(Closure))
#18 /Users/mariopazmino/Desktop/springboot/app/contabilidad-backend/vendor/laravel/framework/src/Illuminate/Cache/RateLimiter.php(129): Illuminate\\Cache\\RateLimiter->attempts('5c785c036466ade...')
#19 /Users/mariopazmino/Desktop/springboot/app/contabilidad-backend/vendor/laravel/framework/src/Illuminate/Routing/Middleware/ThrottleRequests.php(157): Illuminate\\Cache\\RateLimiter->tooManyAttempts('5c785c036466ade...', 5)
#20 /Users/mariopazmino/Desktop/springboot/app/contabilidad-backend/vendor/laravel/framework/src/Illuminate/Routing/Middleware/ThrottleRequests.php(93): Illuminate\\Routing\\Middleware\\ThrottleRequests->handleRequest(Object(Illuminate\\Http\\Request), Object(Closure), Array)
#21 /Users/mariopazmino/Desktop/springboot/app/contabilidad-backend/vendor/laravel/framework/src/Illuminate/Pipeline/Pipeline.php(219): Illuminate\\Routing\\Middleware\\ThrottleRequests->handle(Object(Illuminate\\Http\\Request), Object(Closure), '5', '1')
#22 /Users/mariopazmino/Desktop/springboot/app/contabilidad-backend/vendor/laravel/framework/src/Illuminate/Pipeline/Pipeline.php(137): Illuminate\\Pipeline\\Pipeline->{closure:{closure:Illuminate\\Pipeline\\Pipeline::carry():194}:195}(Object(Illuminate\\Http\\Request))
#23 /Users/mariopazmino/Desktop/springboot/app/contabilidad-backend/vendor/laravel/framework/src/Illuminate/Routing/Router.php(821): Illuminate\\Pipeline\\Pipeline->then(Object(Closure))
#24 /Users/mariopazmino/Desktop/springboot/app/contabilidad-backend/vendor/laravel/framework/src/Illuminate/Routing/Router.php(800): Illuminate\\Routing\\Router->runRouteWithinStack(Object(Illuminate\\Routing\\Route), Object(Illuminate\\Http\\Request))
#25 /Users/mariopazmino/Desktop/springboot/app/contabilidad-backend/vendor/laravel/framework/src/Illuminate/Routing/Router.php(764): Illuminate\\Routing\\Router->runRoute(Object(Illuminate\\Http\\Request), Object(Illuminate\\Routing\\Route))
#26 /Users/mariopazmino/Desktop/springboot/app/contabilidad-backend/vendor/laravel/framework/src/Illuminate/Routing/Router.php(753): Illuminate\\Routing\\Router->dispatchToRoute(Object(Illuminate\\Http\\Request))
#27 /Users/mariopazmino/Desktop/springboot/app/contabilidad-backend/vendor/laravel/framework/src/Illuminate/Foundation/Http/Kernel.php(200): Illuminate\\Routing\\Router->dispatch(Object(Illuminate\\Http\\Request))
#28 /Users/mariopazmino/Desktop/springboot/app/contabilidad-backend/vendor/laravel/framework/src/Illuminate/Pipeline/Pipeline.php(180): Illuminate\\Foundation\\Http\\Kernel->{closure:Illuminate\\Foundation\\Http\\Kernel::dispatchToRouter():197}(Object(Illuminate\\Http\\Request))
#29 /Users/mariopazmino/Desktop/springboot/app/contabilidad-backend/vendor/laravel/framework/src/Illuminate/Foundation/Http/Middleware/TransformsRequest.php(21): Illuminate\\Pipeline\\Pipeline->{closure:Illuminate\\Pipeline\\Pipeline::prepareDestination():178}(Object(Illuminate\\Http\\Request))
#30 /Users/mariopazmino/Desktop/springboot/app/contabilidad-backend/vendor/laravel/framework/src/Illuminate/Foundation/Http/Middleware/ConvertEmptyStringsToNull.php(31): Illuminate\\Foundation\\Http\\Middleware\\TransformsRequest->handle(Object(Illuminate\\Http\\Request), Object(Closure))
#31 /Users/mariopazmino/Desktop/springboot/app/contabilidad-backend/vendor/laravel/framework/src/Illuminate/Pipeline/Pipeline.php(219): Illuminate\\Foundation\\Http\\Middleware\\ConvertEmptyStringsToNull->handle(Object(Illuminate\\Http\\Request), Object(Closure))
#32 /Users/mariopazmino/Desktop/springboot/app/contabilidad-backend/vendor/laravel/framework/src/Illuminate/Foundation/Http/Middleware/TransformsRequest.php(21): Illuminate\\Pipeline\\Pipeline->{closure:{closure:Illuminate\\Pipeline\\Pipeline::carry():194}:195}(Object(Illuminate\\Http\\Request))
#33 /Users/mariopazmino/Desktop/springboot/app/contabilidad-backend/vendor/laravel/framework/src/Illuminate/Foundation/Http/Middleware/TrimStrings.php(51): Illuminate\\Foundation\\Http\\Middleware\\TransformsRequest->handle(Object(Illuminate\\Http\\Request), Object(Closure))
#34 /Users/mariopazmino/Desktop/springboot/app/contabilidad-backend/vendor/laravel/framework/src/Illuminate/Pipeline/Pipeline.php(219): Illuminate\\Foundation\\Http\\Middleware\\TrimStrings->handle(Object(Illuminate\\Http\\Request), Object(Closure))
#35 /Users/mariopazmino/Desktop/springboot/app/contabilidad-backend/vendor/laravel/framework/src/Illuminate/Http/Middleware/ValidatePostSize.php(27): Illuminate\\Pipeline\\Pipeline->{closure:{closure:Illuminate\\Pipeline\\Pipeline::carry():194}:195}(Object(Illuminate\\Http\\Request))
#36 /Users/mariopazmino/Desktop/springboot/app/contabilidad-backend/vendor/laravel/framework/src/Illuminate/Pipeline/Pipeline.php(219): Illuminate\\Http\\Middleware\\ValidatePostSize->handle(Object(Illuminate\\Http\\Request), Object(Closure))
#37 /Users/mariopazmino/Desktop/springboot/app/contabilidad-backend/vendor/laravel/framework/src/Illuminate/Foundation/Http/Middleware/PreventRequestsDuringMaintenance.php(109): Illuminate\\Pipeline\\Pipeline->{closure:{closure:Illuminate\\Pipeline\\Pipeline::carry():194}:195}(Object(Illuminate\\Http\\Request))
#38 /Users/mariopazmino/Desktop/springboot/app/contabilidad-backend/vendor/laravel/framework/src/Illuminate/Pipeline/Pipeline.php(219): Illuminate\\Foundation\\Http\\Middleware\\PreventRequestsDuringMaintenance->handle(Object(Illuminate\\Http\\Request), Object(Closure))
#39 /Users/mariopazmino/Desktop/springboot/app/contabilidad-backend/vendor/laravel/framework/src/Illuminate/Http/Middleware/HandleCors.php(74): Illuminate\\Pipeline\\Pipeline->{closure:{closure:Illuminate\\Pipeline\\Pipeline::carry():194}:195}(Object(Illuminate\\Http\\Request))
#40 /Users/mariopazmino/Desktop/springboot/app/contabilidad-backend/vendor/laravel/framework/src/Illuminate/Pipeline/Pipeline.php(219): Illuminate\\Http\\Middleware\\HandleCors->handle(Object(Illuminate\\Http\\Request), Object(Closure))
#41 /Users/mariopazmino/Desktop/springboot/app/contabilidad-backend/vendor/laravel/framework/src/Illuminate/Http/Middleware/TrustProxies.php(58): Illuminate\\Pipeline\\Pipeline->{closure:{closure:Illuminate\\Pipeline\\Pipeline::carry():194}:195}(Object(Illuminate\\Http\\Request))
#42 /Users/mariopazmino/Desktop/springboot/app/contabilidad-backend/vendor/laravel/framework/src/Illuminate/Pipeline/Pipeline.php(219): Illuminate\\Http\\Middleware\\TrustProxies->handle(Object(Illuminate\\Http\\Request), Object(Closure))
#43 /Users/mariopazmino/Desktop/springboot/app/contabilidad-backend/vendor/laravel/framework/src/Illuminate/Foundation/Http/Middleware/InvokeDeferredCallbacks.php(22): Illuminate\\Pipeline\\Pipeline->{closure:{closure:Illuminate\\Pipeline\\Pipeline::carry():194}:195}(Object(Illuminate\\Http\\Request))
#44 /Users/mariopazmino/Desktop/springboot/app/contabilidad-backend/vendor/laravel/framework/src/Illuminate/Pipeline/Pipeline.php(219): Illuminate\\Foundation\\Http\\Middleware\\InvokeDeferredCallbacks->handle(Object(Illuminate\\Http\\Request), Object(Closure))
#45 /Users/mariopazmino/Desktop/springboot/app/contabilidad-backend/vendor/laravel/framework/src/Illuminate/Http/Middleware/ValidatePathEncoding.php(28): Illuminate\\Pipeline\\Pipeline->{closure:{closure:Illuminate\\Pipeline\\Pipeline::carry():194}:195}(Object(Illuminate\\Http\\Request))
#46 /Users/mariopazmino/Desktop/springboot/app/contabilidad-backend/vendor/laravel/framework/src/Illuminate/Pipeline/Pipeline.php(219): Illuminate\\Http\\Middleware\\ValidatePathEncoding->handle(Object(Illuminate\\Http\\Request), Object(Closure))
#47 /Users/mariopazmino/Desktop/springboot/app/contabilidad-backend/vendor/laravel/framework/src/Illuminate/Pipeline/Pipeline.php(137): Illuminate\\Pipeline\\Pipeline->{closure:{closure:Illuminate\\Pipeline\\Pipeline::carry():194}:195}(Object(Illuminate\\Http\\Request))
#48 /Users/mariopazmino/Desktop/springboot/app/contabilidad-backend/vendor/laravel/framework/src/Illuminate/Foundation/Http/Kernel.php(175): Illuminate\\Pipeline\\Pipeline->then(Object(Closure))
#49 /Users/mariopazmino/Desktop/springboot/app/contabilidad-backend/vendor/laravel/framework/src/Illuminate/Foundation/Http/Kernel.php(144): Illuminate\\Foundation\\Http\\Kernel->sendRequestThroughRouter(Object(Illuminate\\Http\\Request))
#50 /Users/mariopazmino/Desktop/springboot/app/contabilidad-backend/vendor/laravel/framework/src/Illuminate/Foundation/Application.php(1220): Illuminate\\Foundation\\Http\\Kernel->handle(Object(Illuminate\\Http\\Request))
#51 /Users/mariopazmino/Desktop/springboot/app/contabilidad-backend/public/index.php(20): Illuminate\\Foundation\\Application->handleRequest(Object(Illuminate\\Http\\Request))
#52 /Users/mariopazmino/Desktop/springboot/app/contabilidad-backend/vendor/laravel/framework/src/Illuminate/Foundation/resources/server.php(23): require_once('/Users/mariopaz...')
#53 {main}
"} 
[2026-07-14 23:55:58] local.ERROR: Database file at path [/Users/mariopazmino/Desktop/app/contabilidad-backend/database/database.sqlite] does not exist. Ensure this is an absolute path to the database. (Connection: sqlite, Database: /Users/mariopazmino/Desktop/app/contabilidad-backend/database/database.sqlite, SQL: select * from "cache" where "key" in (laravel-cache-5c785c036466adea360111aa28563bfd556b5fba)) {"exception":"[object] (Illuminate\\Database\\QueryException(code: 0): Database file at path [/Users/mariopazmino/Desktop/app/contabilidad-backend/database/database.sqlite] does not exist. Ensure this is an absolute path to the database. (Connection: sqlite, Database: /Users/mariopazmino/Desktop/app/contabilidad-backend/database/database.sqlite, SQL: select * from \"cache\" where \"key\" in (laravel-cache-5c785c036466adea360111aa28563bfd556b5fba)) at /Users/mariopazmino/Desktop/springboot/app/contabilidad-backend/vendor/laravel/framework/src/Illuminate/Database/Connection.php:857)
[stacktrace]
#0 /Users/mariopazmino/Desktop/springboot/app/contabilidad-backend/vendor/laravel/framework/src/Illuminate/Database/Connection.php(813): Illuminate\\Database\\Connection->runQueryCallback('select * from \"...', Array, Object(Closure))
#1 /Users/mariopazmino/Desktop/springboot/app/contabilidad-backend/vendor/laravel/framework/src/Illuminate/Database/Connection.php(426): Illuminate\\Database\\Connection->run('select * from \"...', Array, Object(Closure))
#2 /Users/mariopazmino/Desktop/springboot/app/contabilidad-backend/vendor/laravel/framework/src/Illuminate/Database/Query/Builder.php(3573): Illuminate\\Database\\Connection->select('select * from \"...', Array, true, Array)
#3 /Users/mariopazmino/Desktop/springboot/app/contabilidad-backend/vendor/laravel/framework/src/Illuminate/Database/Query/Builder.php(3557): Illuminate\\Database\\Query\\Builder->runSelect()
#4 /Users/mariopazmino/Desktop/springboot/app/contabilidad-backend/vendor/laravel/framework/src/Illuminate/Cache/DatabaseStore.php(142): Illuminate\\Database\\Query\\Builder->get()
#5 /Users/mariopazmino/Desktop/springboot/app/contabilidad-backend/vendor/laravel/framework/src/Illuminate/Cache/DatabaseStore.php(117): Illuminate\\Cache\\DatabaseStore->many(Array)
#6 /Users/mariopazmino/Desktop/springboot/app/contabilidad-backend/vendor/laravel/framework/src/Illuminate/Cache/Repository.php(138): Illuminate\\Cache\\DatabaseStore->get('5c785c036466ade...')
#7 /Users/mariopazmino/Desktop/springboot/app/contabilidad-backend/vendor/laravel/framework/src/Illuminate/Cache/RateLimiter.php(206): Illuminate\\Cache\\Repository->get('5c785c036466ade...', 0)
#8 /Users/mariopazmino/Desktop/springboot/app/contabilidad-backend/vendor/laravel/framework/src/Illuminate/Cache/RateLimiter.php(302): Illuminate\\Cache\\RateLimiter->{closure:Illuminate\\Cache\\RateLimiter::attempts():206}()
#9 /Users/mariopazmino/Desktop/springboot/app/contabilidad-backend/vendor/laravel/framework/src/Illuminate/Cache/RateLimiter.php(206): Illuminate\\Cache\\RateLimiter->withoutSerializationOrCompression(Object(Closure))
#10 /Users/mariopazmino/Desktop/springboot/app/contabilidad-backend/vendor/laravel/framework/src/Illuminate/Cache/RateLimiter.php(129): Illuminate\\Cache\\RateLimiter->attempts('5c785c036466ade...')
#11 /Users/mariopazmino/Desktop/springboot/app/contabilidad-backend/vendor/laravel/framework/src/Illuminate/Routing/Middleware/ThrottleRequests.php(157): Illuminate\\Cache\\RateLimiter->tooManyAttempts('5c785c036466ade...', 5)
#12 /Users/mariopazmino/Desktop/springboot/app/contabilidad-backend/vendor/laravel/framework/src/Illuminate/Routing/Middleware/ThrottleRequests.php(93): Illuminate\\Routing\\Middleware\\ThrottleRequests->handleRequest(Object(Illuminate\\Http\\Request), Object(Closure), Array)
#13 /Users/mariopazmino/Desktop/springboot/app/contabilidad-backend/vendor/laravel/framework/src/Illuminate/Pipeline/Pipeline.php(219): Illuminate\\Routing\\Middleware\\ThrottleRequests->handle(Object(Illuminate\\Http\\Request), Object(Closure), '5', '1')
#14 /Users/mariopazmino/Desktop/springboot/app/contabilidad-backend/vendor/laravel/framework/src/Illuminate/Pipeline/Pipeline.php(137): Illuminate\\Pipeline\\Pipeline->{closure:{closure:Illuminate\\Pipeline\\Pipeline::carry():194}:195}(Object(Illuminate\\Http\\Request))
#15 /Users/mariopazmino/Desktop/springboot/app/contabilidad-backend/vendor/laravel/framework/src/Illuminate/Routing/Router.php(821): Illuminate\\Pipeline\\Pipeline->then(Object(Closure))
#16 /Users/mariopazmino/Desktop/springboot/app/contabilidad-backend/vendor/laravel/framework/src/Illuminate/Routing/Router.php(800): Illuminate\\Routing\\Router->runRouteWithinStack(Object(Illuminate\\Routing\\Route), Object(Illuminate\\Http\\Request))
#17 /Users/mariopazmino/Desktop/springboot/app/contabilidad-backend/vendor/laravel/framework/src/Illuminate/Routing/Router.php(764): Illuminate\\Routing\\Router->runRoute(Object(Illuminate\\Http\\Request), Object(Illuminate\\Routing\\Route))
#18 /Users/mariopazmino/Desktop/springboot/app/contabilidad-backend/vendor/laravel/framework/src/Illuminate/Routing/Router.php(753): Illuminate\\Routing\\Router->dispatchToRoute(Object(Illuminate\\Http\\Request))
#19 /Users/mariopazmino/Desktop/springboot/app/contabilidad-backend/vendor/laravel/framework/src/Illuminate/Foundation/Http/Kernel.php(200): Illuminate\\Routing\\Router->dispatch(Object(Illuminate\\Http\\Request))
#20 /Users/mariopazmino/Desktop/springboot/app/contabilidad-backend/vendor/laravel/framework/src/Illuminate/Pipeline/Pipeline.php(180): Illuminate\\Foundation\\Http\\Kernel->{closure:Illuminate\\Foundation\\Http\\Kernel::dispatchToRouter():197}(Object(Illuminate\\Http\\Request))
#21 /Users/mariopazmino/Desktop/springboot/app/contabilidad-backend/vendor/laravel/framework/src/Illuminate/Foundation/Http/Middleware/TransformsRequest.php(21): Illuminate\\Pipeline\\Pipeline->{closure:Illuminate\\Pipeline\\Pipeline::prepareDestination():178}(Object(Illuminate\\Http\\Request))
#22 /Users/mariopazmino/Desktop/springboot/app/contabilidad-backend/vendor/laravel/framework/src/Illuminate/Foundation/Http/Middleware/ConvertEmptyStringsToNull.php(31): Illuminate\\Foundation\\Http\\Middleware\\TransformsRequest->handle(Object(Illuminate\\Http\\Request), Object(Closure))
#23 /Users/mariopazmino/Desktop/springboot/app/contabilidad-backend/vendor/laravel/framework/src/Illuminate/Pipeline/Pipeline.php(219): Illuminate\\Foundation\\Http\\Middleware\\ConvertEmptyStringsToNull->handle(Object(Illuminate\\Http\\Request), Object(Closure))
#24 /Users/mariopazmino/Desktop/springboot/app/contabilidad-backend/vendor/laravel/framework/src/Illuminate/Foundation/Http/Middleware/TransformsRequest.php(21): Illuminate\\Pipeline\\Pipeline->{closure:{closure:Illuminate\\Pipeline\\Pipeline::carry():194}:195}(Object(Illuminate\\Http\\Request))
#25 /Users/mariopazmino/Desktop/springboot/app/contabilidad-backend/vendor/laravel/framework/src/Illuminate/Foundation/Http/Middleware/TrimStrings.php(51): Illuminate\\Foundation\\Http\\Middleware\\TransformsRequest->handle(Object(Illuminate\\Http\\Request), Object(Closure))
#26 /Users/mariopazmino/Desktop/springboot/app/contabilidad-backend/vendor/laravel/framework/src/Illuminate/Pipeline/Pipeline.php(219): Illuminate\\Foundation\\Http\\Middleware\\TrimStrings->handle(Object(Illuminate\\Http\\Request), Object(Closure))
#27 /Users/mariopazmino/Desktop/springboot/app/contabilidad-backend/vendor/laravel/framework/src/Illuminate/Http/Middleware/ValidatePostSize.php(27): Illuminate\\Pipeline\\Pipeline->{closure:{closure:Illuminate\\Pipeline\\Pipeline::carry():194}:195}(Object(Illuminate\\Http\\Request))
#28 /Users/mariopazmino/Desktop/springboot/app/contabilidad-backend/vendor/laravel/framework/src/Illuminate/Pipeline/Pipeline.php(219): Illuminate\\Http\\Middleware\\ValidatePostSize->handle(Object(Illuminate\\Http\\Request), Object(Closure))
#29 /Users/mariopazmino/Desktop/springboot/app/contabilidad-backend/vendor/laravel/framework/src/Illuminate/Foundation/Http/Middleware/PreventRequestsDuringMaintenance.php(109): Illuminate\\Pipeline\\Pipeline->{closure:{closure:Illuminate\\Pipeline\\Pipeline::carry():194}:195}(Object(Illuminate\\Http\\Request))
#30 /Users/mariopazmino/Desktop/springboot/app/contabilidad-backend/vendor/laravel/framework/src/Illuminate/Pipeline/Pipeline.php(219): Illuminate\\Foundation\\Http\\Middleware\\PreventRequestsDuringMaintenance->handle(Object(Illuminate\\Http\\Request), Object(Closure))
#31 /Users/mariopazmino/Desktop/springboot/app/contabilidad-backend/vendor/laravel/framework/src/Illuminate/Http/Middleware/HandleCors.php(74): Illuminate\\Pipeline\\Pipeline->{closure:{closure:Illuminate\\Pipeline\\Pipeline::carry():194}:195}(Object(Illuminate\\Http\\Request))
#32 /Users/mariopazmino/Desktop/springboot/app/contabilidad-backend/vendor/laravel/framework/src/Illuminate/Pipeline/Pipeline.php(219): Illuminate\\Http\\Middleware\\HandleCors->handle(Object(Illuminate\\Http\\Request), Object(Closure))
#33 /Users/mariopazmino/Desktop/springboot/app/contabilidad-backend/vendor/laravel/framework/src/Illuminate/Http/Middleware/TrustProxies.php(58): Illuminate\\Pipeline\\Pipeline->{closure:{closure:Illuminate\\Pipeline\\Pipeline::carry():194}:195}(Object(Illuminate\\Http\\Request))
#34 /Users/mariopazmino/Desktop/springboot/app/contabilidad-backend/vendor/laravel/framework/src/Illuminate/Pipeline/Pipeline.php(219): Illuminate\\Http\\Middleware\\TrustProxies->handle(Object(Illuminate\\Http\\Request), Object(Closure))
#35 /Users/mariopazmino/Desktop/springboot/app/contabilidad-backend/vendor/laravel/framework/src/Illuminate/Foundation/Http/Middleware/InvokeDeferredCallbacks.php(22): Illuminate\\Pipeline\\Pipeline->{closure:{closure:Illuminate\\Pipeline\\Pipeline::carry():194}:195}(Object(Illuminate\\Http\\Request))
#36 /Users/mariopazmino/Desktop/springboot/app/contabilidad-backend/vendor/laravel/framework/src/Illuminate/Pipeline/Pipeline.php(219): Illuminate\\Foundation\\Http\\Middleware\\InvokeDeferredCallbacks->handle(Object(Illuminate\\Http\\Request), Object(Closure))
#37 /Users/mariopazmino/Desktop/springboot/app/contabilidad-backend/vendor/laravel/framework/src/Illuminate/Http/Middleware/ValidatePathEncoding.php(28): Illuminate\\Pipeline\\Pipeline->{closure:{closure:Illuminate\\Pipeline\\Pipeline::carry():194}:195}(Object(Illuminate\\Http\\Request))
#38 /Users/mariopazmino/Desktop/springboot/app/contabilidad-backend/vendor/laravel/framework/src/Illuminate/Pipeline/Pipeline.php(219): Illuminate\\Http\\Middleware\\ValidatePathEncoding->handle(Object(Illuminate\\Http\\Request), Object(Closure))
#39 /Users/mariopazmino/Desktop/springboot/app/contabilidad-backend/vendor/laravel/framework/src/Illuminate/Pipeline/Pipeline.php(137): Illuminate\\Pipeline\\Pipeline->{closure:{closure:Illuminate\\Pipeline\\Pipeline::carry():194}:195}(Object(Illuminate\\Http\\Request))
#40 /Users/mariopazmino/Desktop/springboot/app/contabilidad-backend/vendor/laravel/framework/src/Illuminate/Foundation/Http/Kernel.php(175): Illuminate\\Pipeline\\Pipeline->then(Object(Closure))
#41 /Users/mariopazmino/Desktop/springboot/app/contabilidad-backend/vendor/laravel/framework/src/Illuminate/Foundation/Http/Kernel.php(144): Illuminate\\Foundation\\Http\\Kernel->sendRequestThroughRouter(Object(Illuminate\\Http\\Request))
#42 /Users/mariopazmino/Desktop/springboot/app/contabilidad-backend/vendor/laravel/framework/src/Illuminate/Foundation/Application.php(1220): Illuminate\\Foundation\\Http\\Kernel->handle(Object(Illuminate\\Http\\Request))
#43 /Users/mariopazmino/Desktop/springboot/app/contabilidad-backend/public/index.php(20): Illuminate\\Foundation\\Application->handleRequest(Object(Illuminate\\Http\\Request))
#44 /Users/mariopazmino/Desktop/springboot/app/contabilidad-backend/vendor/laravel/framework/src/Illuminate/Foundation/resources/server.php(23): require_once('/Users/mariopaz...')
#45 {main}

[previous exception] [object] (Illuminate\\Database\\SQLiteDatabaseDoesNotExistException(code: 0): Database file at path [/Users/mariopazmino/Desktop/app/contabilidad-backend/database/database.sqlite] does not exist. Ensure this is an absolute path to the database. at /Users/mariopazmino/Desktop/springboot/app/contabilidad-backend/vendor/laravel/framework/src/Illuminate/Database/Connectors/SQLiteConnector.php:61)
[stacktrace]
#0 /Users/mariopazmino/Desktop/springboot/app/contabilidad-backend/vendor/laravel/framework/src/Illuminate/Database/Connectors/SQLiteConnector.php(19): Illuminate\\Database\\Connectors\\SQLiteConnector->parseDatabasePath(false)
#1 /Users/mariopazmino/Desktop/springboot/app/contabilidad-backend/vendor/laravel/framework/src/Illuminate/Database/Connectors/ConnectionFactory.php(259): Illuminate\\Database\\Connectors\\SQLiteConnector->connect(Array)
#2 [internal function]: Illuminate\\Database\\Connectors\\ConnectionFactory->{closure:Illuminate\\Database\\Connectors\\ConnectionFactory::createPdoResolverWithoutHosts():259}()
#3 /Users/mariopazmino/Desktop/springboot/app/contabilidad-backend/vendor/laravel/framework/src/Illuminate/Database/Connection.php(1297): call_user_func(Object(Closure))
#4 /Users/mariopazmino/Desktop/springboot/app/contabilidad-backend/vendor/laravel/framework/src/Illuminate/Database/Connection.php(1335): Illuminate\\Database\\Connection->getPdo()
#5 /Users/mariopazmino/Desktop/springboot/app/contabilidad-backend/vendor/laravel/framework/src/Illuminate/Database/Connection.php(542): Illuminate\\Database\\Connection->getReadPdo()
#6 /Users/mariopazmino/Desktop/springboot/app/contabilidad-backend/vendor/laravel/framework/src/Illuminate/Database/Connection.php(435): Illuminate\\Database\\Connection->getPdoForSelect(true)
#7 /Users/mariopazmino/Desktop/springboot/app/contabilidad-backend/vendor/laravel/framework/src/Illuminate/Database/Connection.php(846): Illuminate\\Database\\Connection->{closure:Illuminate\\Database\\Connection::select():426}('select * from \"...', Array)
#8 /Users/mariopazmino/Desktop/springboot/app/contabilidad-backend/vendor/laravel/framework/src/Illuminate/Database/Connection.php(813): Illuminate\\Database\\Connection->runQueryCallback('select * from \"...', Array, Object(Closure))
#9 /Users/mariopazmino/Desktop/springboot/app/contabilidad-backend/vendor/laravel/framework/src/Illuminate/Database/Connection.php(426): Illuminate\\Database\\Connection->run('select * from \"...', Array, Object(Closure))
#10 /Users/mariopazmino/Desktop/springboot/app/contabilidad-backend/vendor/laravel/framework/src/Illuminate/Database/Query/Builder.php(3573): Illuminate\\Database\\Connection->select('select * from \"...', Array, true, Array)
#11 /Users/mariopazmino/Desktop/springboot/app/contabilidad-backend/vendor/laravel/framework/src/Illuminate/Database/Query/Builder.php(3557): Illuminate\\Database\\Query\\Builder->runSelect()
#12 /Users/mariopazmino/Desktop/springboot/app/contabilidad-backend/vendor/laravel/framework/src/Illuminate/Cache/DatabaseStore.php(142): Illuminate\\Database\\Query\\Builder->get()
#13 /Users/mariopazmino/Desktop/springboot/app/contabilidad-backend/vendor/laravel/framework/src/Illuminate/Cache/DatabaseStore.php(117): Illuminate\\Cache\\DatabaseStore->many(Array)
#14 /Users/mariopazmino/Desktop/springboot/app/contabilidad-backend/vendor/laravel/framework/src/Illuminate/Cache/Repository.php(138): Illuminate\\Cache\\DatabaseStore->get('5c785c036466ade...')
#15 /Users/mariopazmino/Desktop/springboot/app/contabilidad-backend/vendor/laravel/framework/src/Illuminate/Cache/RateLimiter.php(206): Illuminate\\Cache\\Repository->get('5c785c036466ade...', 0)
#16 /Users/mariopazmino/Desktop/springboot/app/contabilidad-backend/vendor/laravel/framework/src/Illuminate/Cache/RateLimiter.php(302): Illuminate\\Cache\\RateLimiter->{closure:Illuminate\\Cache\\RateLimiter::attempts():206}()
#17 /Users/mariopazmino/Desktop/springboot/app/contabilidad-backend/vendor/laravel/framework/src/Illuminate/Cache/RateLimiter.php(206): Illuminate\\Cache\\RateLimiter->withoutSerializationOrCompression(Object(Closure))
#18 /Users/mariopazmino/Desktop/springboot/app/contabilidad-backend/vendor/laravel/framework/src/Illuminate/Cache/RateLimiter.php(129): Illuminate\\Cache\\RateLimiter->attempts('5c785c036466ade...')
#19 /Users/mariopazmino/Desktop/springboot/app/contabilidad-backend/vendor/laravel/framework/src/Illuminate/Routing/Middleware/ThrottleRequests.php(157): Illuminate\\Cache\\RateLimiter->tooManyAttempts('5c785c036466ade...', 5)
#20 /Users/mariopazmino/Desktop/springboot/app/contabilidad-backend/vendor/laravel/framework/src/Illuminate/Routing/Middleware/ThrottleRequests.php(93): Illuminate\\Routing\\Middleware\\ThrottleRequests->handleRequest(Object(Illuminate\\Http\\Request), Object(Closure), Array)
#21 /Users/mariopazmino/Desktop/springboot/app/contabilidad-backend/vendor/laravel/framework/src/Illuminate/Pipeline/Pipeline.php(219): Illuminate\\Routing\\Middleware\\ThrottleRequests->handle(Object(Illuminate\\Http\\Request), Object(Closure), '5', '1')
#22 /Users/mariopazmino/Desktop/springboot/app/contabilidad-backend/vendor/laravel/framework/src/Illuminate/Pipeline/Pipeline.php(137): Illuminate\\Pipeline\\Pipeline->{closure:{closure:Illuminate\\Pipeline\\Pipeline::carry():194}:195}(Object(Illuminate\\Http\\Request))
#23 /Users/mariopazmino/Desktop/springboot/app/contabilidad-backend/vendor/laravel/framework/src/Illuminate/Routing/Router.php(821): Illuminate\\Pipeline\\Pipeline->then(Object(Closure))
#24 /Users/mariopazmino/Desktop/springboot/app/contabilidad-backend/vendor/laravel/framework/src/Illuminate/Routing/Router.php(800): Illuminate\\Routing\\Router->runRouteWithinStack(Object(Illuminate\\Routing\\Route), Object(Illuminate\\Http\\Request))
#25 /Users/mariopazmino/Desktop/springboot/app/contabilidad-backend/vendor/laravel/framework/src/Illuminate/Routing/Router.php(764): Illuminate\\Routing\\Router->runRoute(Object(Illuminate\\Http\\Request), Object(Illuminate\\Routing\\Route))
#26 /Users/mariopazmino/Desktop/springboot/app/contabilidad-backend/vendor/laravel/framework/src/Illuminate/Routing/Router.php(753): Illuminate\\Routing\\Router->dispatchToRoute(Object(Illuminate\\Http\\Request))
#27 /Users/mariopazmino/Desktop/springboot/app/contabilidad-backend/vendor/laravel/framework/src/Illuminate/Foundation/Http/Kernel.php(200): Illuminate\\Routing\\Router->dispatch(Object(Illuminate\\Http\\Request))
#28 /Users/mariopazmino/Desktop/springboot/app/contabilidad-backend/vendor/laravel/framework/src/Illuminate/Pipeline/Pipeline.php(180): Illuminate\\Foundation\\Http\\Kernel->{closure:Illuminate\\Foundation\\Http\\Kernel::dispatchToRouter():197}(Object(Illuminate\\Http\\Request))
#29 /Users/mariopazmino/Desktop/springboot/app/contabilidad-backend/vendor/laravel/framework/src/Illuminate/Foundation/Http/Middleware/TransformsRequest.php(21): Illuminate\\Pipeline\\Pipeline->{closure:Illuminate\\Pipeline\\Pipeline::prepareDestination():178}(Object(Illuminate\\Http\\Request))
#30 /Users/mariopazmino/Desktop/springboot/app/contabilidad-backend/vendor/laravel/framework/src/Illuminate/Foundation/Http/Middleware/ConvertEmptyStringsToNull.php(31): Illuminate\\Foundation\\Http\\Middleware\\TransformsRequest->handle(Object(Illuminate\\Http\\Request), Object(Closure))
#31 /Users/mariopazmino/Desktop/springboot/app/contabilidad-backend/vendor/laravel/framework/src/Illuminate/Pipeline/Pipeline.php(219): Illuminate\\Foundation\\Http\\Middleware\\ConvertEmptyStringsToNull->handle(Object(Illuminate\\Http\\Request), Object(Closure))
#32 /Users/mariopazmino/Desktop/springboot/app/contabilidad-backend/vendor/laravel/framework/src/Illuminate/Foundation/Http/Middleware/TransformsRequest.php(21): Illuminate\\Pipeline\\Pipeline->{closure:{closure:Illuminate\\Pipeline\\Pipeline::carry():194}:195}(Object(Illuminate\\Http\\Request))
#33 /Users/mariopazmino/Desktop/springboot/app/contabilidad-backend/vendor/laravel/framework/src/Illuminate/Foundation/Http/Middleware/TrimStrings.php(51): Illuminate\\Foundation\\Http\\Middleware\\TransformsRequest->handle(Object(Illuminate\\Http\\Request), Object(Closure))
#34 /Users/mariopazmino/Desktop/springboot/app/contabilidad-backend/vendor/laravel/framework/src/Illuminate/Pipeline/Pipeline.php(219): Illuminate\\Foundation\\Http\\Middleware\\TrimStrings->handle(Object(Illuminate\\Http\\Request), Object(Closure))
#35 /Users/mariopazmino/Desktop/springboot/app/contabilidad-backend/vendor/laravel/framework/src/Illuminate/Http/Middleware/ValidatePostSize.php(27): Illuminate\\Pipeline\\Pipeline->{closure:{closure:Illuminate\\Pipeline\\Pipeline::carry():194}:195}(Object(Illuminate\\Http\\Request))
#36 /Users/mariopazmino/Desktop/springboot/app/contabilidad-backend/vendor/laravel/framework/src/Illuminate/Pipeline/Pipeline.php(219): Illuminate\\Http\\Middleware\\ValidatePostSize->handle(Object(Illuminate\\Http\\Request), Object(Closure))
#37 /Users/mariopazmino/Desktop/springboot/app/contabilidad-backend/vendor/laravel/framework/src/Illuminate/Foundation/Http/Middleware/PreventRequestsDuringMaintenance.php(109): Illuminate\\Pipeline\\Pipeline->{closure:{closure:Illuminate\\Pipeline\\Pipeline::carry():194}:195}(Object(Illuminate\\Http\\Request))
#38 /Users/mariopazmino/Desktop/springboot/app/contabilidad-backend/vendor/laravel/framework/src/Illuminate/Pipeline/Pipeline.php(219): Illuminate\\Foundation\\Http\\Middleware\\PreventRequestsDuringMaintenance->handle(Object(Illuminate\\Http\\Request), Object(Closure))
#39 /Users/mariopazmino/Desktop/springboot/app/contabilidad-backend/vendor/laravel/framework/src/Illuminate/Http/Middleware/HandleCors.php(74): Illuminate\\Pipeline\\Pipeline->{closure:{closure:Illuminate\\Pipeline\\Pipeline::carry():194}:195}(Object(Illuminate\\Http\\Request))
#40 /Users/mariopazmino/Desktop/springboot/app/contabilidad-backend/vendor/laravel/framework/src/Illuminate/Pipeline/Pipeline.php(219): Illuminate\\Http\\Middleware\\HandleCors->handle(Object(Illuminate\\Http\\Request), Object(Closure))
#41 /Users/mariopazmino/Desktop/springboot/app/contabilidad-backend/vendor/laravel/framework/src/Illuminate/Http/Middleware/TrustProxies.php(58): Illuminate\\Pipeline\\Pipeline->{closure:{closure:Illuminate\\Pipeline\\Pipeline::carry():194}:195}(Object(Illuminate\\Http\\Request))
#42 /Users/mariopazmino/Desktop/springboot/app/contabilidad-backend/vendor/laravel/framework/src/Illuminate/Pipeline/Pipeline.php(219): Illuminate\\Http\\Middleware\\TrustProxies->handle(Object(Illuminate\\Http\\Request), Object(Closure))
#43 /Users/mariopazmino/Desktop/springboot/app/contabilidad-backend/vendor/laravel/framework/src/Illuminate/Foundation/Http/Middleware/InvokeDeferredCallbacks.php(22): Illuminate\\Pipeline\\Pipeline->{closure:{closure:Illuminate\\Pipeline\\Pipeline::carry():194}:195}(Object(Illuminate\\Http\\Request))
#44 /Users/mariopazmino/Desktop/springboot/app/contabilidad-backend/vendor/laravel/framework/src/Illuminate/Pipeline/Pipeline.php(219): Illuminate\\Foundation\\Http\\Middleware\\InvokeDeferredCallbacks->handle(Object(Illuminate\\Http\\Request), Object(Closure))
#45 /Users/mariopazmino/Desktop/springboot/app/contabilidad-backend/vendor/laravel/framework/src/Illuminate/Http/Middleware/ValidatePathEncoding.php(28): Illuminate\\Pipeline\\Pipeline->{closure:{closure:Illuminate\\Pipeline\\Pipeline::carry():194}:195}(Object(Illuminate\\Http\\Request))
#46 /Users/mariopazmino/Desktop/springboot/app/contabilidad-backend/vendor/laravel/framework/src/Illuminate/Pipeline/Pipeline.php(219): Illuminate\\Http\\Middleware\\ValidatePathEncoding->handle(Object(Illuminate\\Http\\Request), Object(Closure))
#47 /Users/mariopazmino/Desktop/springboot/app/contabilidad-backend/vendor/laravel/framework/src/Illuminate/Pipeline/Pipeline.php(137): Illuminate\\Pipeline\\Pipeline->{closure:{closure:Illuminate\\Pipeline\\Pipeline::carry():194}:195}(Object(Illuminate\\Http\\Request))
#48 /Users/mariopazmino/Desktop/springboot/app/contabilidad-backend/vendor/laravel/framework/src/Illuminate/Foundation/Http/Kernel.php(175): Illuminate\\Pipeline\\Pipeline->then(Object(Closure))
#49 /Users/mariopazmino/Desktop/springboot/app/contabilidad-backend/vendor/laravel/framework/src/Illuminate/Foundation/Http/Kernel.php(144): Illuminate\\Foundation\\Http\\Kernel->sendRequestThroughRouter(Object(Illuminate\\Http\\Request))
#50 /Users/mariopazmino/Desktop/springboot/app/contabilidad-backend/vendor/laravel/framework/src/Illuminate/Foundation/Application.php(1220): Illuminate\\Foundation\\Http\\Kernel->handle(Object(Illuminate\\Http\\Request))
#51 /Users/mariopazmino/Desktop/springboot/app/contabilidad-backend/public/index.php(20): Illuminate\\Foundation\\Application->handleRequest(Object(Illuminate\\Http\\Request))
#52 /Users/mariopazmino/Desktop/springboot/app/contabilidad-backend/vendor/laravel/framework/src/Illuminate/Foundation/resources/server.php(23): require_once('/Users/mariopaz...')
#53 {main}
"} 
[2026-07-15 00:15:03] local.ERROR: Database file at path [/Users/mariopazmino/Desktop/app/contabilidad-backend/database/database.sqlite] does not exist. Ensure this is an absolute path to the database. (Connection: sqlite, Database: /Users/mariopazmino/Desktop/app/contabilidad-backend/database/database.sqlite, SQL: select exists (select 1 from "main".sqlite_master where name = 'migrations' and type = 'table') as "exists") {"exception":"[object] (Illuminate\\Database\\QueryException(code: 0): Database file at path [/Users/mariopazmino/Desktop/app/contabilidad-backend/database/database.sqlite] does not exist. Ensure this is an absolute path to the database. (Connection: sqlite, Database: /Users/mariopazmino/Desktop/app/contabilidad-backend/database/database.sqlite, SQL: select exists (select 1 from \"main\".sqlite_master where name = 'migrations' and type = 'table') as \"exists\") at /Users/mariopazmino/Desktop/springboot/app/contabilidad-backend/vendor/laravel/framework/src/Illuminate/Database/Connection.php:857)
[stacktrace]
#0 /Users/mariopazmino/Desktop/springboot/app/contabilidad-backend/vendor/laravel/framework/src/Illuminate/Database/Connection.php(813): Illuminate\\Database\\Connection->runQueryCallback('select exists (...', Array, Object(Closure))
#1 /Users/mariopazmino/Desktop/springboot/app/contabilidad-backend/vendor/laravel/framework/src/Illuminate/Database/Connection.php(426): Illuminate\\Database\\Connection->run('select exists (...', Array, Object(Closure))
#2 /Users/mariopazmino/Desktop/springboot/app/contabilidad-backend/vendor/laravel/framework/src/Illuminate/Database/Connection.php(371): Illuminate\\Database\\Connection->select('select exists (...', Array, true)
#3 /Users/mariopazmino/Desktop/springboot/app/contabilidad-backend/vendor/laravel/framework/src/Illuminate/Database/Connection.php(388): Illuminate\\Database\\Connection->selectOne('select exists (...', Array, true)
#4 /Users/mariopazmino/Desktop/springboot/app/contabilidad-backend/vendor/laravel/framework/src/Illuminate/Database/Schema/Builder.php(176): Illuminate\\Database\\Connection->scalar('select exists (...')
#5 /Users/mariopazmino/Desktop/springboot/app/contabilidad-backend/vendor/laravel/framework/src/Illuminate/Database/Migrations/DatabaseMigrationRepository.php(185): Illuminate\\Database\\Schema\\Builder->hasTable('migrations')
#6 /Users/mariopazmino/Desktop/springboot/app/contabilidad-backend/vendor/laravel/framework/src/Illuminate/Database/Migrations/Migrator.php(797): Illuminate\\Database\\Migrations\\DatabaseMigrationRepository->repositoryExists()
#7 /Users/mariopazmino/Desktop/springboot/app/contabilidad-backend/vendor/laravel/framework/src/Illuminate/Database/Console/Migrations/MigrateCommand.php(166): Illuminate\\Database\\Migrations\\Migrator->repositoryExists()
#8 /Users/mariopazmino/Desktop/springboot/app/contabilidad-backend/vendor/laravel/framework/src/Illuminate/Support/helpers.php(328): Illuminate\\Database\\Console\\Migrations\\MigrateCommand->{closure:Illuminate\\Database\\Console\\Migrations\\MigrateCommand::repositoryExists():166}(1)
#9 /Users/mariopazmino/Desktop/springboot/app/contabilidad-backend/vendor/laravel/framework/src/Illuminate/Database/Console/Migrations/MigrateCommand.php(166): retry(1, Object(Closure), 0, Object(Closure))
#10 /Users/mariopazmino/Desktop/springboot/app/contabilidad-backend/vendor/laravel/framework/src/Illuminate/Database/Console/Migrations/MigrateCommand.php(142): Illuminate\\Database\\Console\\Migrations\\MigrateCommand->repositoryExists()
#11 /Users/mariopazmino/Desktop/springboot/app/contabilidad-backend/vendor/laravel/framework/src/Illuminate/Database/Console/Migrations/MigrateCommand.php(112): Illuminate\\Database\\Console\\Migrations\\MigrateCommand->prepareDatabase()
#12 /Users/mariopazmino/Desktop/springboot/app/contabilidad-backend/vendor/laravel/framework/src/Illuminate/Database/Migrations/Migrator.php(672): Illuminate\\Database\\Console\\Migrations\\MigrateCommand->{closure:Illuminate\\Database\\Console\\Migrations\\MigrateCommand::runMigrations():111}()
#13 /Users/mariopazmino/Desktop/springboot/app/contabilidad-backend/vendor/laravel/framework/src/Illuminate/Database/Console/Migrations/MigrateCommand.php(111): Illuminate\\Database\\Migrations\\Migrator->usingConnection(NULL, Object(Closure))
#14 /Users/mariopazmino/Desktop/springboot/app/contabilidad-backend/vendor/laravel/framework/src/Illuminate/Database/Console/Migrations/MigrateCommand.php(90): Illuminate\\Database\\Console\\Migrations\\MigrateCommand->runMigrations()
#15 /Users/mariopazmino/Desktop/springboot/app/contabilidad-backend/vendor/laravel/framework/src/Illuminate/Container/BoundMethod.php(36): Illuminate\\Database\\Console\\Migrations\\MigrateCommand->handle()
#16 /Users/mariopazmino/Desktop/springboot/app/contabilidad-backend/vendor/laravel/framework/src/Illuminate/Container/Util.php(43): Illuminate\\Container\\BoundMethod::{closure:Illuminate\\Container\\BoundMethod::call():35}()
#17 /Users/mariopazmino/Desktop/springboot/app/contabilidad-backend/vendor/laravel/framework/src/Illuminate/Container/BoundMethod.php(96): Illuminate\\Container\\Util::unwrapIfClosure(Object(Closure))
#18 /Users/mariopazmino/Desktop/springboot/app/contabilidad-backend/vendor/laravel/framework/src/Illuminate/Container/BoundMethod.php(35): Illuminate\\Container\\BoundMethod::callBoundMethod(Object(Illuminate\\Foundation\\Application), Array, Object(Closure))
#19 /Users/mariopazmino/Desktop/springboot/app/contabilidad-backend/vendor/laravel/framework/src/Illuminate/Container/Container.php(799): Illuminate\\Container\\BoundMethod::call(Object(Illuminate\\Foundation\\Application), Array, Array, NULL)
#20 /Users/mariopazmino/Desktop/springboot/app/contabilidad-backend/vendor/laravel/framework/src/Illuminate/Console/Command.php(280): Illuminate\\Container\\Container->call(Array)
#21 /Users/mariopazmino/Desktop/springboot/app/contabilidad-backend/vendor/symfony/console/Command/Command.php(284): Illuminate\\Console\\Command->execute(Object(Symfony\\Component\\Console\\Input\\ArgvInput), Object(Laravel\\Pao\\Laravel\\PaoOutputStyle))
#22 /Users/mariopazmino/Desktop/springboot/app/contabilidad-backend/vendor/laravel/framework/src/Illuminate/Console/Command.php(249): Symfony\\Component\\Console\\Command\\Command->run(Object(Symfony\\Component\\Console\\Input\\ArgvInput), Object(Laravel\\Pao\\Laravel\\PaoOutputStyle))
#23 /Users/mariopazmino/Desktop/springboot/app/contabilidad-backend/vendor/symfony/console/Application.php(1144): Illuminate\\Console\\Command->run(Object(Symfony\\Component\\Console\\Input\\ArgvInput), Object(Symfony\\Component\\Console\\Output\\ConsoleOutput))
#24 /Users/mariopazmino/Desktop/springboot/app/contabilidad-backend/vendor/symfony/console/Application.php(379): Symfony\\Component\\Console\\Application->doRunCommand(Object(Illuminate\\Database\\Console\\Migrations\\MigrateCommand), Object(Symfony\\Component\\Console\\Input\\ArgvInput), Object(Symfony\\Component\\Console\\Output\\ConsoleOutput))
#25 /Users/mariopazmino/Desktop/springboot/app/contabilidad-backend/vendor/symfony/console/Application.php(218): Symfony\\Component\\Console\\Application->doRun(Object(Symfony\\Component\\Console\\Input\\ArgvInput), Object(Symfony\\Component\\Console\\Output\\ConsoleOutput))
#26 /Users/mariopazmino/Desktop/springboot/app/contabilidad-backend/vendor/laravel/framework/src/Illuminate/Foundation/Console/Kernel.php(198): Symfony\\Component\\Console\\Application->run(Object(Symfony\\Component\\Console\\Input\\ArgvInput), Object(Symfony\\Component\\Console\\Output\\ConsoleOutput))
#27 /Users/mariopazmino/Desktop/springboot/app/contabilidad-backend/vendor/laravel/framework/src/Illuminate/Foundation/Application.php(1235): Illuminate\\Foundation\\Console\\Kernel->handle(Object(Symfony\\Component\\Console\\Input\\ArgvInput), Object(Symfony\\Component\\Console\\Output\\ConsoleOutput))
#28 /Users/mariopazmino/Desktop/springboot/app/contabilidad-backend/artisan(16): Illuminate\\Foundation\\Application->handleCommand(Object(Symfony\\Component\\Console\\Input\\ArgvInput))
#29 {main}

[previous exception] [object] (Illuminate\\Database\\SQLiteDatabaseDoesNotExistException(code: 0): Database file at path [/Users/mariopazmino/Desktop/app/contabilidad-backend/database/database.sqlite] does not exist. Ensure this is an absolute path to the database. at /Users/mariopazmino/Desktop/springboot/app/contabilidad-backend/vendor/laravel/framework/src/Illuminate/Database/Connectors/SQLiteConnector.php:61)
[stacktrace]
#0 /Users/mariopazmino/Desktop/springboot/app/contabilidad-backend/vendor/laravel/framework/src/Illuminate/Database/Connectors/SQLiteConnector.php(19): Illuminate\\Database\\Connectors\\SQLiteConnector->parseDatabasePath(false)
#1 /Users/mariopazmino/Desktop/springboot/app/contabilidad-backend/vendor/laravel/framework/src/Illuminate/Database/Connectors/ConnectionFactory.php(259): Illuminate\\Database\\Connectors\\SQLiteConnector->connect(Array)
#2 [internal function]: Illuminate\\Database\\Connectors\\ConnectionFactory->{closure:Illuminate\\Database\\Connectors\\ConnectionFactory::createPdoResolverWithoutHosts():259}()
#3 /Users/mariopazmino/Desktop/springboot/app/contabilidad-backend/vendor/laravel/framework/src/Illuminate/Database/Connection.php(1297): call_user_func(Object(Closure))
#4 /Users/mariopazmino/Desktop/springboot/app/contabilidad-backend/vendor/laravel/framework/src/Illuminate/Database/Connection.php(1335): Illuminate\\Database\\Connection->getPdo()
#5 /Users/mariopazmino/Desktop/springboot/app/contabilidad-backend/vendor/laravel/framework/src/Illuminate/Database/Connection.php(542): Illuminate\\Database\\Connection->getReadPdo()
#6 /Users/mariopazmino/Desktop/springboot/app/contabilidad-backend/vendor/laravel/framework/src/Illuminate/Database/Connection.php(435): Illuminate\\Database\\Connection->getPdoForSelect(true)
#7 /Users/mariopazmino/Desktop/springboot/app/contabilidad-backend/vendor/laravel/framework/src/Illuminate/Database/Connection.php(846): Illuminate\\Database\\Connection->{closure:Illuminate\\Database\\Connection::select():426}('select exists (...', Array)
#8 /Users/mariopazmino/Desktop/springboot/app/contabilidad-backend/vendor/laravel/framework/src/Illuminate/Database/Connection.php(813): Illuminate\\Database\\Connection->runQueryCallback('select exists (...', Array, Object(Closure))
#9 /Users/mariopazmino/Desktop/springboot/app/contabilidad-backend/vendor/laravel/framework/src/Illuminate/Database/Connection.php(426): Illuminate\\Database\\Connection->run('select exists (...', Array, Object(Closure))
#10 /Users/mariopazmino/Desktop/springboot/app/contabilidad-backend/vendor/laravel/framework/src/Illuminate/Database/Connection.php(371): Illuminate\\Database\\Connection->select('select exists (...', Array, true)
#11 /Users/mariopazmino/Desktop/springboot/app/contabilidad-backend/vendor/laravel/framework/src/Illuminate/Database/Connection.php(388): Illuminate\\Database\\Connection->selectOne('select exists (...', Array, true)
#12 /Users/mariopazmino/Desktop/springboot/app/contabilidad-backend/vendor/laravel/framework/src/Illuminate/Database/Schema/Builder.php(176): Illuminate\\Database\\Connection->scalar('select exists (...')
#13 /Users/mariopazmino/Desktop/springboot/app/contabilidad-backend/vendor/laravel/framework/src/Illuminate/Database/Migrations/DatabaseMigrationRepository.php(185): Illuminate\\Database\\Schema\\Builder->hasTable('migrations')
#14 /Users/mariopazmino/Desktop/springboot/app/contabilidad-backend/vendor/laravel/framework/src/Illuminate/Database/Migrations/Migrator.php(797): Illuminate\\Database\\Migrations\\DatabaseMigrationRepository->repositoryExists()
#15 /Users/mariopazmino/Desktop/springboot/app/contabilidad-backend/vendor/laravel/framework/src/Illuminate/Database/Console/Migrations/MigrateCommand.php(166): Illuminate\\Database\\Migrations\\Migrator->repositoryExists()
#16 /Users/mariopazmino/Desktop/springboot/app/contabilidad-backend/vendor/laravel/framework/src/Illuminate/Support/helpers.php(328): Illuminate\\Database\\Console\\Migrations\\MigrateCommand->{closure:Illuminate\\Database\\Console\\Migrations\\MigrateCommand::repositoryExists():166}(1)
#17 /Users/mariopazmino/Desktop/springboot/app/contabilidad-backend/vendor/laravel/framework/src/Illuminate/Database/Console/Migrations/MigrateCommand.php(166): retry(1, Object(Closure), 0, Object(Closure))
#18 /Users/mariopazmino/Desktop/springboot/app/contabilidad-backend/vendor/laravel/framework/src/Illuminate/Database/Console/Migrations/MigrateCommand.php(142): Illuminate\\Database\\Console\\Migrations\\MigrateCommand->repositoryExists()
#19 /Users/mariopazmino/Desktop/springboot/app/contabilidad-backend/vendor/laravel/framework/src/Illuminate/Database/Console/Migrations/MigrateCommand.php(112): Illuminate\\Database\\Console\\Migrations\\MigrateCommand->prepareDatabase()
#20 /Users/mariopazmino/Desktop/springboot/app/contabilidad-backend/vendor/laravel/framework/src/Illuminate/Database/Migrations/Migrator.php(672): Illuminate\\Database\\Console\\Migrations\\MigrateCommand->{closure:Illuminate\\Database\\Console\\Migrations\\MigrateCommand::runMigrations():111}()
#21 /Users/mariopazmino/Desktop/springboot/app/contabilidad-backend/vendor/laravel/framework/src/Illuminate/Database/Console/Migrations/MigrateCommand.php(111): Illuminate\\Database\\Migrations\\Migrator->usingConnection(NULL, Object(Closure))
#22 /Users/mariopazmino/Desktop/springboot/app/contabilidad-backend/vendor/laravel/framework/src/Illuminate/Database/Console/Migrations/MigrateCommand.php(90): Illuminate\\Database\\Console\\Migrations\\MigrateCommand->runMigrations()
#23 /Users/mariopazmino/Desktop/springboot/app/contabilidad-backend/vendor/laravel/framework/src/Illuminate/Container/BoundMethod.php(36): Illuminate\\Database\\Console\\Migrations\\MigrateCommand->handle()
#24 /Users/mariopazmino/Desktop/springboot/app/contabilidad-backend/vendor/laravel/framework/src/Illuminate/Container/Util.php(43): Illuminate\\Container\\BoundMethod::{closure:Illuminate\\Container\\BoundMethod::call():35}()
#25 /Users/mariopazmino/Desktop/springboot/app/contabilidad-backend/vendor/laravel/framework/src/Illuminate/Container/BoundMethod.php(96): Illuminate\\Container\\Util::unwrapIfClosure(Object(Closure))
#26 /Users/mariopazmino/Desktop/springboot/app/contabilidad-backend/vendor/laravel/framework/src/Illuminate/Container/BoundMethod.php(35): Illuminate\\Container\\BoundMethod::callBoundMethod(Object(Illuminate\\Foundation\\Application), Array, Object(Closure))
#27 /Users/mariopazmino/Desktop/springboot/app/contabilidad-backend/vendor/laravel/framework/src/Illuminate/Container/Container.php(799): Illuminate\\Container\\BoundMethod::call(Object(Illuminate\\Foundation\\Application), Array, Array, NULL)
#28 /Users/mariopazmino/Desktop/springboot/app/contabilidad-backend/vendor/laravel/framework/src/Illuminate/Console/Command.php(280): Illuminate\\Container\\Container->call(Array)
#29 /Users/mariopazmino/Desktop/springboot/app/contabilidad-backend/vendor/symfony/console/Command/Command.php(284): Illuminate\\Console\\Command->execute(Object(Symfony\\Component\\Console\\Input\\ArgvInput), Object(Laravel\\Pao\\Laravel\\PaoOutputStyle))
#30 /Users/mariopazmino/Desktop/springboot/app/contabilidad-backend/vendor/laravel/framework/src/Illuminate/Console/Command.php(249): Symfony\\Component\\Console\\Command\\Command->run(Object(Symfony\\Component\\Console\\Input\\ArgvInput), Object(Laravel\\Pao\\Laravel\\PaoOutputStyle))
#31 /Users/mariopazmino/Desktop/springboot/app/contabilidad-backend/vendor/symfony/console/Application.php(1144): Illuminate\\Console\\Command->run(Object(Symfony\\Component\\Console\\Input\\ArgvInput), Object(Symfony\\Component\\Console\\Output\\ConsoleOutput))
#32 /Users/mariopazmino/Desktop/springboot/app/contabilidad-backend/vendor/symfony/console/Application.php(379): Symfony\\Component\\Console\\Application->doRunCommand(Object(Illuminate\\Database\\Console\\Migrations\\MigrateCommand), Object(Symfony\\Component\\Console\\Input\\ArgvInput), Object(Symfony\\Component\\Console\\Output\\ConsoleOutput))
#33 /Users/mariopazmino/Desktop/springboot/app/contabilidad-backend/vendor/symfony/console/Application.php(218): Symfony\\Component\\Console\\Application->doRun(Object(Symfony\\Component\\Console\\Input\\ArgvInput), Object(Symfony\\Component\\Console\\Output\\ConsoleOutput))
#34 /Users/mariopazmino/Desktop/springboot/app/contabilidad-backend/vendor/laravel/framework/src/Illuminate/Foundation/Console/Kernel.php(198): Symfony\\Component\\Console\\Application->run(Object(Symfony\\Component\\Console\\Input\\ArgvInput), Object(Symfony\\Component\\Console\\Output\\ConsoleOutput))
#35 /Users/mariopazmino/Desktop/springboot/app/contabilidad-backend/vendor/laravel/framework/src/Illuminate/Foundation/Application.php(1235): Illuminate\\Foundation\\Console\\Kernel->handle(Object(Symfony\\Component\\Console\\Input\\ArgvInput), Object(Symfony\\Component\\Console\\Output\\ConsoleOutput))
#36 /Users/mariopazmino/Desktop/springboot/app/contabilidad-backend/artisan(16): Illuminate\\Foundation\\Application->handleCommand(Object(Symfony\\Component\\Console\\Input\\ArgvInput))
#37 {main}
"} 
[2026-07-15 00:19:05] local.ERROR: Database file at path [/Users/mariopazmino/Desktop/app/contabilidad-backend/database/database.sqlite] does not exist. Ensure this is an absolute path to the database. (Connection: sqlite, Database: /Users/mariopazmino/Desktop/app/contabilidad-backend/database/database.sqlite, SQL: select exists (select 1 from "main".sqlite_master where name = 'migrations' and type = 'table') as "exists") {"exception":"[object] (Illuminate\\Database\\QueryException(code: 0): Database file at path [/Users/mariopazmino/Desktop/app/contabilidad-backend/database/database.sqlite] does not exist. Ensure this is an absolute path to the database. (Connection: sqlite, Database: /Users/mariopazmino/Desktop/app/contabilidad-backend/database/database.sqlite, SQL: select exists (select 1 from \"main\".sqlite_master where name = 'migrations' and type = 'table') as \"exists\") at /Users/mariopazmino/Desktop/springboot/app/contabilidad-backend/vendor/laravel/framework/src/Illuminate/Database/Connection.php:857)
[stacktrace]
#0 /Users/mariopazmino/Desktop/springboot/app/contabilidad-backend/vendor/laravel/framework/src/Illuminate/Database/Connection.php(813): Illuminate\\Database\\Connection->runQueryCallback('select exists (...', Array, Object(Closure))
#1 /Users/mariopazmino/Desktop/springboot/app/contabilidad-backend/vendor/laravel/framework/src/Illuminate/Database/Connection.php(426): Illuminate\\Database\\Connection->run('select exists (...', Array, Object(Closure))
#2 /Users/mariopazmino/Desktop/springboot/app/contabilidad-backend/vendor/laravel/framework/src/Illuminate/Database/Connection.php(371): Illuminate\\Database\\Connection->select('select exists (...', Array, true)
#3 /Users/mariopazmino/Desktop/springboot/app/contabilidad-backend/vendor/laravel/framework/src/Illuminate/Database/Connection.php(388): Illuminate\\Database\\Connection->selectOne('select exists (...', Array, true)
#4 /Users/mariopazmino/Desktop/springboot/app/contabilidad-backend/vendor/laravel/framework/src/Illuminate/Database/Schema/Builder.php(176): Illuminate\\Database\\Connection->scalar('select exists (...')
#5 /Users/mariopazmino/Desktop/springboot/app/contabilidad-backend/vendor/laravel/framework/src/Illuminate/Database/Migrations/DatabaseMigrationRepository.php(185): Illuminate\\Database\\Schema\\Builder->hasTable('migrations')
#6 /Users/mariopazmino/Desktop/springboot/app/contabilidad-backend/vendor/laravel/framework/src/Illuminate/Database/Migrations/Migrator.php(797): Illuminate\\Database\\Migrations\\DatabaseMigrationRepository->repositoryExists()
#7 /Users/mariopazmino/Desktop/springboot/app/contabilidad-backend/vendor/laravel/framework/src/Illuminate/Database/Console/Migrations/StatusCommand.php(55): Illuminate\\Database\\Migrations\\Migrator->repositoryExists()
#8 /Users/mariopazmino/Desktop/springboot/app/contabilidad-backend/vendor/laravel/framework/src/Illuminate/Database/Migrations/Migrator.php(672): Illuminate\\Database\\Console\\Migrations\\StatusCommand->{closure:Illuminate\\Database\\Console\\Migrations\\StatusCommand::handle():54}()
#9 /Users/mariopazmino/Desktop/springboot/app/contabilidad-backend/vendor/laravel/framework/src/Illuminate/Database/Console/Migrations/StatusCommand.php(54): Illuminate\\Database\\Migrations\\Migrator->usingConnection(NULL, Object(Closure))
#10 /Users/mariopazmino/Desktop/springboot/app/contabilidad-backend/vendor/laravel/framework/src/Illuminate/Container/BoundMethod.php(36): Illuminate\\Database\\Console\\Migrations\\StatusCommand->handle()
#11 /Users/mariopazmino/Desktop/springboot/app/contabilidad-backend/vendor/laravel/framework/src/Illuminate/Container/Util.php(43): Illuminate\\Container\\BoundMethod::{closure:Illuminate\\Container\\BoundMethod::call():35}()
#12 /Users/mariopazmino/Desktop/springboot/app/contabilidad-backend/vendor/laravel/framework/src/Illuminate/Container/BoundMethod.php(96): Illuminate\\Container\\Util::unwrapIfClosure(Object(Closure))
#13 /Users/mariopazmino/Desktop/springboot/app/contabilidad-backend/vendor/laravel/framework/src/Illuminate/Container/BoundMethod.php(35): Illuminate\\Container\\BoundMethod::callBoundMethod(Object(Illuminate\\Foundation\\Application), Array, Object(Closure))
#14 /Users/mariopazmino/Desktop/springboot/app/contabilidad-backend/vendor/laravel/framework/src/Illuminate/Container/Container.php(799): Illuminate\\Container\\BoundMethod::call(Object(Illuminate\\Foundation\\Application), Array, Array, NULL)
#15 /Users/mariopazmino/Desktop/springboot/app/contabilidad-backend/vendor/laravel/framework/src/Illuminate/Console/Command.php(280): Illuminate\\Container\\Container->call(Array)
#16 /Users/mariopazmino/Desktop/springboot/app/contabilidad-backend/vendor/symfony/console/Command/Command.php(284): Illuminate\\Console\\Command->execute(Object(Symfony\\Component\\Console\\Input\\ArgvInput), Object(Laravel\\Pao\\Laravel\\PaoOutputStyle))
#17 /Users/mariopazmino/Desktop/springboot/app/contabilidad-backend/vendor/laravel/framework/src/Illuminate/Console/Command.php(249): Symfony\\Component\\Console\\Command\\Command->run(Object(Symfony\\Component\\Console\\Input\\ArgvInput), Object(Laravel\\Pao\\Laravel\\PaoOutputStyle))
#18 /Users/mariopazmino/Desktop/springboot/app/contabilidad-backend/vendor/symfony/console/Application.php(1144): Illuminate\\Console\\Command->run(Object(Symfony\\Component\\Console\\Input\\ArgvInput), Object(Symfony\\Component\\Console\\Output\\ConsoleOutput))
#19 /Users/mariopazmino/Desktop/springboot/app/contabilidad-backend/vendor/symfony/console/Application.php(379): Symfony\\Component\\Console\\Application->doRunCommand(Object(Illuminate\\Database\\Console\\Migrations\\StatusCommand), Object(Symfony\\Component\\Console\\Input\\ArgvInput), Object(Symfony\\Component\\Console\\Output\\ConsoleOutput))
#20 /Users/mariopazmino/Desktop/springboot/app/contabilidad-backend/vendor/symfony/console/Application.php(218): Symfony\\Component\\Console\\Application->doRun(Object(Symfony\\Component\\Console\\Input\\ArgvInput), Object(Symfony\\Component\\Console\\Output\\ConsoleOutput))
#21 /Users/mariopazmino/Desktop/springboot/app/contabilidad-backend/vendor/laravel/framework/src/Illuminate/Foundation/Console/Kernel.php(198): Symfony\\Component\\Console\\Application->run(Object(Symfony\\Component\\Console\\Input\\ArgvInput), Object(Symfony\\Component\\Console\\Output\\ConsoleOutput))
#22 /Users/mariopazmino/Desktop/springboot/app/contabilidad-backend/vendor/laravel/framework/src/Illuminate/Foundation/Application.php(1235): Illuminate\\Foundation\\Console\\Kernel->handle(Object(Symfony\\Component\\Console\\Input\\ArgvInput), Object(Symfony\\Component\\Console\\Output\\ConsoleOutput))
#23 /Users/mariopazmino/Desktop/springboot/app/contabilidad-backend/artisan(16): Illuminate\\Foundation\\Application->handleCommand(Object(Symfony\\Component\\Console\\Input\\ArgvInput))
#24 {main}

[previous exception] [object] (Illuminate\\Database\\SQLiteDatabaseDoesNotExistException(code: 0): Database file at path [/Users/mariopazmino/Desktop/app/contabilidad-backend/database/database.sqlite] does not exist. Ensure this is an absolute path to the database. at /Users/mariopazmino/Desktop/springboot/app/contabilidad-backend/vendor/laravel/framework/src/Illuminate/Database/Connectors/SQLiteConnector.php:61)
[stacktrace]
#0 /Users/mariopazmino/Desktop/springboot/app/contabilidad-backend/vendor/laravel/framework/src/Illuminate/Database/Connectors/SQLiteConnector.php(19): Illuminate\\Database\\Connectors\\SQLiteConnector->parseDatabasePath(false)
#1 /Users/mariopazmino/Desktop/springboot/app/contabilidad-backend/vendor/laravel/framework/src/Illuminate/Database/Connectors/ConnectionFactory.php(259): Illuminate\\Database\\Connectors\\SQLiteConnector->connect(Array)
#2 [internal function]: Illuminate\\Database\\Connectors\\ConnectionFactory->{closure:Illuminate\\Database\\Connectors\\ConnectionFactory::createPdoResolverWithoutHosts():259}()
#3 /Users/mariopazmino/Desktop/springboot/app/contabilidad-backend/vendor/laravel/framework/src/Illuminate/Database/Connection.php(1297): call_user_func(Object(Closure))
#4 /Users/mariopazmino/Desktop/springboot/app/contabilidad-backend/vendor/laravel/framework/src/Illuminate/Database/Connection.php(1335): Illuminate\\Database\\Connection->getPdo()
#5 /Users/mariopazmino/Desktop/springboot/app/contabilidad-backend/vendor/laravel/framework/src/Illuminate/Database/Connection.php(542): Illuminate\\Database\\Connection->getReadPdo()
#6 /Users/mariopazmino/Desktop/springboot/app/contabilidad-backend/vendor/laravel/framework/src/Illuminate/Database/Connection.php(435): Illuminate\\Database\\Connection->getPdoForSelect(true)
#7 /Users/mariopazmino/Desktop/springboot/app/contabilidad-backend/vendor/laravel/framework/src/Illuminate/Database/Connection.php(846): Illuminate\\Database\\Connection->{closure:Illuminate\\Database\\Connection::select():426}('select exists (...', Array)
#8 /Users/mariopazmino/Desktop/springboot/app/contabilidad-backend/vendor/laravel/framework/src/Illuminate/Database/Connection.php(813): Illuminate\\Database\\Connection->runQueryCallback('select exists (...', Array, Object(Closure))
#9 /Users/mariopazmino/Desktop/springboot/app/contabilidad-backend/vendor/laravel/framework/src/Illuminate/Database/Connection.php(426): Illuminate\\Database\\Connection->run('select exists (...', Array, Object(Closure))
#10 /Users/mariopazmino/Desktop/springboot/app/contabilidad-backend/vendor/laravel/framework/src/Illuminate/Database/Connection.php(371): Illuminate\\Database\\Connection->select('select exists (...', Array, true)
#11 /Users/mariopazmino/Desktop/springboot/app/contabilidad-backend/vendor/laravel/framework/src/Illuminate/Database/Connection.php(388): Illuminate\\Database\\Connection->selectOne('select exists (...', Array, true)
#12 /Users/mariopazmino/Desktop/springboot/app/contabilidad-backend/vendor/laravel/framework/src/Illuminate/Database/Schema/Builder.php(176): Illuminate\\Database\\Connection->scalar('select exists (...')
#13 /Users/mariopazmino/Desktop/springboot/app/contabilidad-backend/vendor/laravel/framework/src/Illuminate/Database/Migrations/DatabaseMigrationRepository.php(185): Illuminate\\Database\\Schema\\Builder->hasTable('migrations')
#14 /Users/mariopazmino/Desktop/springboot/app/contabilidad-backend/vendor/laravel/framework/src/Illuminate/Database/Migrations/Migrator.php(797): Illuminate\\Database\\Migrations\\DatabaseMigrationRepository->repositoryExists()
#15 /Users/mariopazmino/Desktop/springboot/app/contabilidad-backend/vendor/laravel/framework/src/Illuminate/Database/Console/Migrations/StatusCommand.php(55): Illuminate\\Database\\Migrations\\Migrator->repositoryExists()
#16 /Users/mariopazmino/Desktop/springboot/app/contabilidad-backend/vendor/laravel/framework/src/Illuminate/Database/Migrations/Migrator.php(672): Illuminate\\Database\\Console\\Migrations\\StatusCommand->{closure:Illuminate\\Database\\Console\\Migrations\\StatusCommand::handle():54}()
#17 /Users/mariopazmino/Desktop/springboot/app/contabilidad-backend/vendor/laravel/framework/src/Illuminate/Database/Console/Migrations/StatusCommand.php(54): Illuminate\\Database\\Migrations\\Migrator->usingConnection(NULL, Object(Closure))
#18 /Users/mariopazmino/Desktop/springboot/app/contabilidad-backend/vendor/laravel/framework/src/Illuminate/Container/BoundMethod.php(36): Illuminate\\Database\\Console\\Migrations\\StatusCommand->handle()
#19 /Users/mariopazmino/Desktop/springboot/app/contabilidad-backend/vendor/laravel/framework/src/Illuminate/Container/Util.php(43): Illuminate\\Container\\BoundMethod::{closure:Illuminate\\Container\\BoundMethod::call():35}()
#20 /Users/mariopazmino/Desktop/springboot/app/contabilidad-backend/vendor/laravel/framework/src/Illuminate/Container/BoundMethod.php(96): Illuminate\\Container\\Util::unwrapIfClosure(Object(Closure))
#21 /Users/mariopazmino/Desktop/springboot/app/contabilidad-backend/vendor/laravel/framework/src/Illuminate/Container/BoundMethod.php(35): Illuminate\\Container\\BoundMethod::callBoundMethod(Object(Illuminate\\Foundation\\Application), Array, Object(Closure))
#22 /Users/mariopazmino/Desktop/springboot/app/contabilidad-backend/vendor/laravel/framework/src/Illuminate/Container/Container.php(799): Illuminate\\Container\\BoundMethod::call(Object(Illuminate\\Foundation\\Application), Array, Array, NULL)
#23 /Users/mariopazmino/Desktop/springboot/app/contabilidad-backend/vendor/laravel/framework/src/Illuminate/Console/Command.php(280): Illuminate\\Container\\Container->call(Array)
#24 /Users/mariopazmino/Desktop/springboot/app/contabilidad-backend/vendor/symfony/console/Command/Command.php(284): Illuminate\\Console\\Command->execute(Object(Symfony\\Component\\Console\\Input\\ArgvInput), Object(Laravel\\Pao\\Laravel\\PaoOutputStyle))
#25 /Users/mariopazmino/Desktop/springboot/app/contabilidad-backend/vendor/laravel/framework/src/Illuminate/Console/Command.php(249): Symfony\\Component\\Console\\Command\\Command->run(Object(Symfony\\Component\\Console\\Input\\ArgvInput), Object(Laravel\\Pao\\Laravel\\PaoOutputStyle))
#26 /Users/mariopazmino/Desktop/springboot/app/contabilidad-backend/vendor/symfony/console/Application.php(1144): Illuminate\\Console\\Command->run(Object(Symfony\\Component\\Console\\Input\\ArgvInput), Object(Symfony\\Component\\Console\\Output\\ConsoleOutput))
#27 /Users/mariopazmino/Desktop/springboot/app/contabilidad-backend/vendor/symfony/console/Application.php(379): Symfony\\Component\\Console\\Application->doRunCommand(Object(Illuminate\\Database\\Console\\Migrations\\StatusCommand), Object(Symfony\\Component\\Console\\Input\\ArgvInput), Object(Symfony\\Component\\Console\\Output\\ConsoleOutput))
#28 /Users/mariopazmino/Desktop/springboot/app/contabilidad-backend/vendor/symfony/console/Application.php(218): Symfony\\Component\\Console\\Application->doRun(Object(Symfony\\Component\\Console\\Input\\ArgvInput), Object(Symfony\\Component\\Console\\Output\\ConsoleOutput))
#29 /Users/mariopazmino/Desktop/springboot/app/contabilidad-backend/vendor/laravel/framework/src/Illuminate/Foundation/Console/Kernel.php(198): Symfony\\Component\\Console\\Application->run(Object(Symfony\\Component\\Console\\Input\\ArgvInput), Object(Symfony\\Component\\Console\\Output\\ConsoleOutput))
#30 /Users/mariopazmino/Desktop/springboot/app/contabilidad-backend/vendor/laravel/framework/src/Illuminate/Foundation/Application.php(1235): Illuminate\\Foundation\\Console\\Kernel->handle(Object(Symfony\\Component\\Console\\Input\\ArgvInput), Object(Symfony\\Component\\Console\\Output\\ConsoleOutput))
#31 /Users/mariopazmino/Desktop/springboot/app/contabilidad-backend/artisan(16): Illuminate\\Foundation\\Application->handleCommand(Object(Symfony\\Component\\Console\\Input\\ArgvInput))
#32 {main}
"} 
[2026-07-15 00:19:17] local.ERROR: Database file at path [/Users/mariopazmino/Desktop/app/contabilidad-backend/database/database.sqlite] does not exist. Ensure this is an absolute path to the database. (Connection: sqlite, Database: /Users/mariopazmino/Desktop/app/contabilidad-backend/database/database.sqlite, SQL: select exists (select 1 from "main".sqlite_master where name = 'migrations' and type = 'table') as "exists") {"exception":"[object] (Illuminate\\Database\\QueryException(code: 0): Database file at path [/Users/mariopazmino/Desktop/app/contabilidad-backend/database/database.sqlite] does not exist. Ensure this is an absolute path to the database. (Connection: sqlite, Database: /Users/mariopazmino/Desktop/app/contabilidad-backend/database/database.sqlite, SQL: select exists (select 1 from \"main\".sqlite_master where name = 'migrations' and type = 'table') as \"exists\") at /Users/mariopazmino/Desktop/springboot/app/contabilidad-backend/vendor/laravel/framework/src/Illuminate/Database/Connection.php:857)
[stacktrace]
#0 /Users/mariopazmino/Desktop/springboot/app/contabilidad-backend/vendor/laravel/framework/src/Illuminate/Database/Connection.php(813): Illuminate\\Database\\Connection->runQueryCallback('select exists (...', Array, Object(Closure))
#1 /Users/mariopazmino/Desktop/springboot/app/contabilidad-backend/vendor/laravel/framework/src/Illuminate/Database/Connection.php(426): Illuminate\\Database\\Connection->run('select exists (...', Array, Object(Closure))
#2 /Users/mariopazmino/Desktop/springboot/app/contabilidad-backend/vendor/laravel/framework/src/Illuminate/Database/Connection.php(371): Illuminate\\Database\\Connection->select('select exists (...', Array, true)
#3 /Users/mariopazmino/Desktop/springboot/app/contabilidad-backend/vendor/laravel/framework/src/Illuminate/Database/Connection.php(388): Illuminate\\Database\\Connection->selectOne('select exists (...', Array, true)
#4 /Users/mariopazmino/Desktop/springboot/app/contabilidad-backend/vendor/laravel/framework/src/Illuminate/Database/Schema/Builder.php(176): Illuminate\\Database\\Connection->scalar('select exists (...')
#5 /Users/mariopazmino/Desktop/springboot/app/contabilidad-backend/vendor/laravel/framework/src/Illuminate/Database/Migrations/DatabaseMigrationRepository.php(185): Illuminate\\Database\\Schema\\Builder->hasTable('migrations')
#6 /Users/mariopazmino/Desktop/springboot/app/contabilidad-backend/vendor/laravel/framework/src/Illuminate/Database/Migrations/Migrator.php(797): Illuminate\\Database\\Migrations\\DatabaseMigrationRepository->repositoryExists()
#7 /Users/mariopazmino/Desktop/springboot/app/contabilidad-backend/vendor/laravel/framework/src/Illuminate/Database/Console/Migrations/MigrateCommand.php(166): Illuminate\\Database\\Migrations\\Migrator->repositoryExists()
#8 /Users/mariopazmino/Desktop/springboot/app/contabilidad-backend/vendor/laravel/framework/src/Illuminate/Support/helpers.php(328): Illuminate\\Database\\Console\\Migrations\\MigrateCommand->{closure:Illuminate\\Database\\Console\\Migrations\\MigrateCommand::repositoryExists():166}(1)
#9 /Users/mariopazmino/Desktop/springboot/app/contabilidad-backend/vendor/laravel/framework/src/Illuminate/Database/Console/Migrations/MigrateCommand.php(166): retry(1, Object(Closure), 0, Object(Closure))
#10 /Users/mariopazmino/Desktop/springboot/app/contabilidad-backend/vendor/laravel/framework/src/Illuminate/Database/Console/Migrations/MigrateCommand.php(142): Illuminate\\Database\\Console\\Migrations\\MigrateCommand->repositoryExists()
#11 /Users/mariopazmino/Desktop/springboot/app/contabilidad-backend/vendor/laravel/framework/src/Illuminate/Database/Console/Migrations/MigrateCommand.php(112): Illuminate\\Database\\Console\\Migrations\\MigrateCommand->prepareDatabase()
#12 /Users/mariopazmino/Desktop/springboot/app/contabilidad-backend/vendor/laravel/framework/src/Illuminate/Database/Migrations/Migrator.php(672): Illuminate\\Database\\Console\\Migrations\\MigrateCommand->{closure:Illuminate\\Database\\Console\\Migrations\\MigrateCommand::runMigrations():111}()
#13 /Users/mariopazmino/Desktop/springboot/app/contabilidad-backend/vendor/laravel/framework/src/Illuminate/Database/Console/Migrations/MigrateCommand.php(111): Illuminate\\Database\\Migrations\\Migrator->usingConnection(NULL, Object(Closure))
#14 /Users/mariopazmino/Desktop/springboot/app/contabilidad-backend/vendor/laravel/framework/src/Illuminate/Database/Console/Migrations/MigrateCommand.php(90): Illuminate\\Database\\Console\\Migrations\\MigrateCommand->runMigrations()
#15 /Users/mariopazmino/Desktop/springboot/app/contabilidad-backend/vendor/laravel/framework/src/Illuminate/Container/BoundMethod.php(36): Illuminate\\Database\\Console\\Migrations\\MigrateCommand->handle()
#16 /Users/mariopazmino/Desktop/springboot/app/contabilidad-backend/vendor/laravel/framework/src/Illuminate/Container/Util.php(43): Illuminate\\Container\\BoundMethod::{closure:Illuminate\\Container\\BoundMethod::call():35}()
#17 /Users/mariopazmino/Desktop/springboot/app/contabilidad-backend/vendor/laravel/framework/src/Illuminate/Container/BoundMethod.php(96): Illuminate\\Container\\Util::unwrapIfClosure(Object(Closure))
#18 /Users/mariopazmino/Desktop/springboot/app/contabilidad-backend/vendor/laravel/framework/src/Illuminate/Container/BoundMethod.php(35): Illuminate\\Container\\BoundMethod::callBoundMethod(Object(Illuminate\\Foundation\\Application), Array, Object(Closure))
#19 /Users/mariopazmino/Desktop/springboot/app/contabilidad-backend/vendor/laravel/framework/src/Illuminate/Container/Container.php(799): Illuminate\\Container\\BoundMethod::call(Object(Illuminate\\Foundation\\Application), Array, Array, NULL)
#20 /Users/mariopazmino/Desktop/springboot/app/contabilidad-backend/vendor/laravel/framework/src/Illuminate/Console/Command.php(280): Illuminate\\Container\\Container->call(Array)
#21 /Users/mariopazmino/Desktop/springboot/app/contabilidad-backend/vendor/symfony/console/Command/Command.php(284): Illuminate\\Console\\Command->execute(Object(Symfony\\Component\\Console\\Input\\ArgvInput), Object(Laravel\\Pao\\Laravel\\PaoOutputStyle))
#22 /Users/mariopazmino/Desktop/springboot/app/contabilidad-backend/vendor/laravel/framework/src/Illuminate/Console/Command.php(249): Symfony\\Component\\Console\\Command\\Command->run(Object(Symfony\\Component\\Console\\Input\\ArgvInput), Object(Laravel\\Pao\\Laravel\\PaoOutputStyle))
#23 /Users/mariopazmino/Desktop/springboot/app/contabilidad-backend/vendor/symfony/console/Application.php(1144): Illuminate\\Console\\Command->run(Object(Symfony\\Component\\Console\\Input\\ArgvInput), Object(Symfony\\Component\\Console\\Output\\ConsoleOutput))
#24 /Users/mariopazmino/Desktop/springboot/app/contabilidad-backend/vendor/symfony/console/Application.php(379): Symfony\\Component\\Console\\Application->doRunCommand(Object(Illuminate\\Database\\Console\\Migrations\\MigrateCommand), Object(Symfony\\Component\\Console\\Input\\ArgvInput), Object(Symfony\\Component\\Console\\Output\\ConsoleOutput))
#25 /Users/mariopazmino/Desktop/springboot/app/contabilidad-backend/vendor/symfony/console/Application.php(218): Symfony\\Component\\Console\\Application->doRun(Object(Symfony\\Component\\Console\\Input\\ArgvInput), Object(Symfony\\Component\\Console\\Output\\ConsoleOutput))
#26 /Users/mariopazmino/Desktop/springboot/app/contabilidad-backend/vendor/laravel/framework/src/Illuminate/Foundation/Console/Kernel.php(198): Symfony\\Component\\Console\\Application->run(Object(Symfony\\Component\\Console\\Input\\ArgvInput), Object(Symfony\\Component\\Console\\Output\\ConsoleOutput))
#27 /Users/mariopazmino/Desktop/springboot/app/contabilidad-backend/vendor/laravel/framework/src/Illuminate/Foundation/Application.php(1235): Illuminate\\Foundation\\Console\\Kernel->handle(Object(Symfony\\Component\\Console\\Input\\ArgvInput), Object(Symfony\\Component\\Console\\Output\\ConsoleOutput))
#28 /Users/mariopazmino/Desktop/springboot/app/contabilidad-backend/artisan(16): Illuminate\\Foundation\\Application->handleCommand(Object(Symfony\\Component\\Console\\Input\\ArgvInput))
#29 {main}

[previous exception] [object] (Illuminate\\Database\\SQLiteDatabaseDoesNotExistException(code: 0): Database file at path [/Users/mariopazmino/Desktop/app/contabilidad-backend/database/database.sqlite] does not exist. Ensure this is an absolute path to the database. at /Users/mariopazmino/Desktop/springboot/app/contabilidad-backend/vendor/laravel/framework/src/Illuminate/Database/Connectors/SQLiteConnector.php:61)
[stacktrace]
#0 /Users/mariopazmino/Desktop/springboot/app/contabilidad-backend/vendor/laravel/framework/src/Illuminate/Database/Connectors/SQLiteConnector.php(19): Illuminate\\Database\\Connectors\\SQLiteConnector->parseDatabasePath(false)
#1 /Users/mariopazmino/Desktop/springboot/app/contabilidad-backend/vendor/laravel/framework/src/Illuminate/Database/Connectors/ConnectionFactory.php(259): Illuminate\\Database\\Connectors\\SQLiteConnector->connect(Array)
#2 [internal function]: Illuminate\\Database\\Connectors\\ConnectionFactory->{closure:Illuminate\\Database\\Connectors\\ConnectionFactory::createPdoResolverWithoutHosts():259}()
#3 /Users/mariopazmino/Desktop/springboot/app/contabilidad-backend/vendor/laravel/framework/src/Illuminate/Database/Connection.php(1297): call_user_func(Object(Closure))
#4 /Users/mariopazmino/Desktop/springboot/app/contabilidad-backend/vendor/laravel/framework/src/Illuminate/Database/Connection.php(1335): Illuminate\\Database\\Connection->getPdo()
#5 /Users/mariopazmino/Desktop/springboot/app/contabilidad-backend/vendor/laravel/framework/src/Illuminate/Database/Connection.php(542): Illuminate\\Database\\Connection->getReadPdo()
#6 /Users/mariopazmino/Desktop/springboot/app/contabilidad-backend/vendor/laravel/framework/src/Illuminate/Database/Connection.php(435): Illuminate\\Database\\Connection->getPdoForSelect(true)
#7 /Users/mariopazmino/Desktop/springboot/app/contabilidad-backend/vendor/laravel/framework/src/Illuminate/Database/Connection.php(846): Illuminate\\Database\\Connection->{closure:Illuminate\\Database\\Connection::select():426}('select exists (...', Array)
#8 /Users/mariopazmino/Desktop/springboot/app/contabilidad-backend/vendor/laravel/framework/src/Illuminate/Database/Connection.php(813): Illuminate\\Database\\Connection->runQueryCallback('select exists (...', Array, Object(Closure))
#9 /Users/mariopazmino/Desktop/springboot/app/contabilidad-backend/vendor/laravel/framework/src/Illuminate/Database/Connection.php(426): Illuminate\\Database\\Connection->run('select exists (...', Array, Object(Closure))
#10 /Users/mariopazmino/Desktop/springboot/app/contabilidad-backend/vendor/laravel/framework/src/Illuminate/Database/Connection.php(371): Illuminate\\Database\\Connection->select('select exists (...', Array, true)
#11 /Users/mariopazmino/Desktop/springboot/app/contabilidad-backend/vendor/laravel/framework/src/Illuminate/Database/Connection.php(388): Illuminate\\Database\\Connection->selectOne('select exists (...', Array, true)
#12 /Users/mariopazmino/Desktop/springboot/app/contabilidad-backend/vendor/laravel/framework/src/Illuminate/Database/Schema/Builder.php(176): Illuminate\\Database\\Connection->scalar('select exists (...')
#13 /Users/mariopazmino/Desktop/springboot/app/contabilidad-backend/vendor/laravel/framework/src/Illuminate/Database/Migrations/DatabaseMigrationRepository.php(185): Illuminate\\Database\\Schema\\Builder->hasTable('migrations')
#14 /Users/mariopazmino/Desktop/springboot/app/contabilidad-backend/vendor/laravel/framework/src/Illuminate/Database/Migrations/Migrator.php(797): Illuminate\\Database\\Migrations\\DatabaseMigrationRepository->repositoryExists()
#15 /Users/mariopazmino/Desktop/springboot/app/contabilidad-backend/vendor/laravel/framework/src/Illuminate/Database/Console/Migrations/MigrateCommand.php(166): Illuminate\\Database\\Migrations\\Migrator->repositoryExists()
#16 /Users/mariopazmino/Desktop/springboot/app/contabilidad-backend/vendor/laravel/framework/src/Illuminate/Support/helpers.php(328): Illuminate\\Database\\Console\\Migrations\\MigrateCommand->{closure:Illuminate\\Database\\Console\\Migrations\\MigrateCommand::repositoryExists():166}(1)
#17 /Users/mariopazmino/Desktop/springboot/app/contabilidad-backend/vendor/laravel/framework/src/Illuminate/Database/Console/Migrations/MigrateCommand.php(166): retry(1, Object(Closure), 0, Object(Closure))
#18 /Users/mariopazmino/Desktop/springboot/app/contabilidad-backend/vendor/laravel/framework/src/Illuminate/Database/Console/Migrations/MigrateCommand.php(142): Illuminate\\Database\\Console\\Migrations\\MigrateCommand->repositoryExists()
#19 /Users/mariopazmino/Desktop/springboot/app/contabilidad-backend/vendor/laravel/framework/src/Illuminate/Database/Console/Migrations/MigrateCommand.php(112): Illuminate\\Database\\Console\\Migrations\\MigrateCommand->prepareDatabase()
#20 /Users/mariopazmino/Desktop/springboot/app/contabilidad-backend/vendor/laravel/framework/src/Illuminate/Database/Migrations/Migrator.php(672): Illuminate\\Database\\Console\\Migrations\\MigrateCommand->{closure:Illuminate\\Database\\Console\\Migrations\\MigrateCommand::runMigrations():111}()
#21 /Users/mariopazmino/Desktop/springboot/app/contabilidad-backend/vendor/laravel/framework/src/Illuminate/Database/Console/Migrations/MigrateCommand.php(111): Illuminate\\Database\\Migrations\\Migrator->usingConnection(NULL, Object(Closure))
#22 /Users/mariopazmino/Desktop/springboot/app/contabilidad-backend/vendor/laravel/framework/src/Illuminate/Database/Console/Migrations/MigrateCommand.php(90): Illuminate\\Database\\Console\\Migrations\\MigrateCommand->runMigrations()
#23 /Users/mariopazmino/Desktop/springboot/app/contabilidad-backend/vendor/laravel/framework/src/Illuminate/Container/BoundMethod.php(36): Illuminate\\Database\\Console\\Migrations\\MigrateCommand->handle()
#24 /Users/mariopazmino/Desktop/springboot/app/contabilidad-backend/vendor/laravel/framework/src/Illuminate/Container/Util.php(43): Illuminate\\Container\\BoundMethod::{closure:Illuminate\\Container\\BoundMethod::call():35}()
#25 /Users/mariopazmino/Desktop/springboot/app/contabilidad-backend/vendor/laravel/framework/src/Illuminate/Container/BoundMethod.php(96): Illuminate\\Container\\Util::unwrapIfClosure(Object(Closure))
#26 /Users/mariopazmino/Desktop/springboot/app/contabilidad-backend/vendor/laravel/framework/src/Illuminate/Container/BoundMethod.php(35): Illuminate\\Container\\BoundMethod::callBoundMethod(Object(Illuminate\\Foundation\\Application), Array, Object(Closure))
#27 /Users/mariopazmino/Desktop/springboot/app/contabilidad-backend/vendor/laravel/framework/src/Illuminate/Container/Container.php(799): Illuminate\\Container\\BoundMethod::call(Object(Illuminate\\Foundation\\Application), Array, Array, NULL)
#28 /Users/mariopazmino/Desktop/springboot/app/contabilidad-backend/vendor/laravel/framework/src/Illuminate/Console/Command.php(280): Illuminate\\Container\\Container->call(Array)
#29 /Users/mariopazmino/Desktop/springboot/app/contabilidad-backend/vendor/symfony/console/Command/Command.php(284): Illuminate\\Console\\Command->execute(Object(Symfony\\Component\\Console\\Input\\ArgvInput), Object(Laravel\\Pao\\Laravel\\PaoOutputStyle))
#30 /Users/mariopazmino/Desktop/springboot/app/contabilidad-backend/vendor/laravel/framework/src/Illuminate/Console/Command.php(249): Symfony\\Component\\Console\\Command\\Command->run(Object(Symfony\\Component\\Console\\Input\\ArgvInput), Object(Laravel\\Pao\\Laravel\\PaoOutputStyle))
#31 /Users/mariopazmino/Desktop/springboot/app/contabilidad-backend/vendor/symfony/console/Application.php(1144): Illuminate\\Console\\Command->run(Object(Symfony\\Component\\Console\\Input\\ArgvInput), Object(Symfony\\Component\\Console\\Output\\ConsoleOutput))
#32 /Users/mariopazmino/Desktop/springboot/app/contabilidad-backend/vendor/symfony/console/Application.php(379): Symfony\\Component\\Console\\Application->doRunCommand(Object(Illuminate\\Database\\Console\\Migrations\\MigrateCommand), Object(Symfony\\Component\\Console\\Input\\ArgvInput), Object(Symfony\\Component\\Console\\Output\\ConsoleOutput))
#33 /Users/mariopazmino/Desktop/springboot/app/contabilidad-backend/vendor/symfony/console/Application.php(218): Symfony\\Component\\Console\\Application->doRun(Object(Symfony\\Component\\Console\\Input\\ArgvInput), Object(Symfony\\Component\\Console\\Output\\ConsoleOutput))
#34 /Users/mariopazmino/Desktop/springboot/app/contabilidad-backend/vendor/laravel/framework/src/Illuminate/Foundation/Console/Kernel.php(198): Symfony\\Component\\Console\\Application->run(Object(Symfony\\Component\\Console\\Input\\ArgvInput), Object(Symfony\\Component\\Console\\Output\\ConsoleOutput))
#35 /Users/mariopazmino/Desktop/springboot/app/contabilidad-backend/vendor/laravel/framework/src/Illuminate/Foundation/Application.php(1235): Illuminate\\Foundation\\Console\\Kernel->handle(Object(Symfony\\Component\\Console\\Input\\ArgvInput), Object(Symfony\\Component\\Console\\Output\\ConsoleOutput))
#36 /Users/mariopazmino/Desktop/springboot/app/contabilidad-backend/artisan(16): Illuminate\\Foundation\\Application->handleCommand(Object(Symfony\\Component\\Console\\Input\\ArgvInput))
#37 {main}
"} 
[2026-07-15 00:19:24] local.ERROR: Database file at path [/Users/mariopazmino/Desktop/app/contabilidad-backend/database/database.sqlite] does not exist. Ensure this is an absolute path to the database. (Connection: sqlite, Database: /Users/mariopazmino/Desktop/app/contabilidad-backend/database/database.sqlite, SQL: select exists (select 1 from "main".sqlite_master where name = 'migrations' and type = 'table') as "exists") {"exception":"[object] (Illuminate\\Database\\QueryException(code: 0): Database file at path [/Users/mariopazmino/Desktop/app/contabilidad-backend/database/database.sqlite] does not exist. Ensure this is an absolute path to the database. (Connection: sqlite, Database: /Users/mariopazmino/Desktop/app/contabilidad-backend/database/database.sqlite, SQL: select exists (select 1 from \"main\".sqlite_master where name = 'migrations' and type = 'table') as \"exists\") at /Users/mariopazmino/Desktop/springboot/app/contabilidad-backend/vendor/laravel/framework/src/Illuminate/Database/Connection.php:857)
[stacktrace]
#0 /Users/mariopazmino/Desktop/springboot/app/contabilidad-backend/vendor/laravel/framework/src/Illuminate/Database/Connection.php(813): Illuminate\\Database\\Connection->runQueryCallback('select exists (...', Array, Object(Closure))
#1 /Users/mariopazmino/Desktop/springboot/app/contabilidad-backend/vendor/laravel/framework/src/Illuminate/Database/Connection.php(426): Illuminate\\Database\\Connection->run('select exists (...', Array, Object(Closure))
#2 /Users/mariopazmino/Desktop/springboot/app/contabilidad-backend/vendor/laravel/framework/src/Illuminate/Database/Connection.php(371): Illuminate\\Database\\Connection->select('select exists (...', Array, true)
#3 /Users/mariopazmino/Desktop/springboot/app/contabilidad-backend/vendor/laravel/framework/src/Illuminate/Database/Connection.php(388): Illuminate\\Database\\Connection->selectOne('select exists (...', Array, true)
#4 /Users/mariopazmino/Desktop/springboot/app/contabilidad-backend/vendor/laravel/framework/src/Illuminate/Database/Schema/Builder.php(176): Illuminate\\Database\\Connection->scalar('select exists (...')
#5 /Users/mariopazmino/Desktop/springboot/app/contabilidad-backend/vendor/laravel/framework/src/Illuminate/Database/Migrations/DatabaseMigrationRepository.php(185): Illuminate\\Database\\Schema\\Builder->hasTable('migrations')
#6 /Users/mariopazmino/Desktop/springboot/app/contabilidad-backend/vendor/laravel/framework/src/Illuminate/Database/Migrations/Migrator.php(797): Illuminate\\Database\\Migrations\\DatabaseMigrationRepository->repositoryExists()
#7 /Users/mariopazmino/Desktop/springboot/app/contabilidad-backend/vendor/laravel/framework/src/Illuminate/Database/Console/Migrations/MigrateCommand.php(166): Illuminate\\Database\\Migrations\\Migrator->repositoryExists()
#8 /Users/mariopazmino/Desktop/springboot/app/contabilidad-backend/vendor/laravel/framework/src/Illuminate/Support/helpers.php(328): Illuminate\\Database\\Console\\Migrations\\MigrateCommand->{closure:Illuminate\\Database\\Console\\Migrations\\MigrateCommand::repositoryExists():166}(1)
#9 /Users/mariopazmino/Desktop/springboot/app/contabilidad-backend/vendor/laravel/framework/src/Illuminate/Database/Console/Migrations/MigrateCommand.php(166): retry(1, Object(Closure), 0, Object(Closure))
#10 /Users/mariopazmino/Desktop/springboot/app/contabilidad-backend/vendor/laravel/framework/src/Illuminate/Database/Console/Migrations/MigrateCommand.php(142): Illuminate\\Database\\Console\\Migrations\\MigrateCommand->repositoryExists()
#11 /Users/mariopazmino/Desktop/springboot/app/contabilidad-backend/vendor/laravel/framework/src/Illuminate/Database/Console/Migrations/MigrateCommand.php(112): Illuminate\\Database\\Console\\Migrations\\MigrateCommand->prepareDatabase()
#12 /Users/mariopazmino/Desktop/springboot/app/contabilidad-backend/vendor/laravel/framework/src/Illuminate/Database/Migrations/Migrator.php(672): Illuminate\\Database\\Console\\Migrations\\MigrateCommand->{closure:Illuminate\\Database\\Console\\Migrations\\MigrateCommand::runMigrations():111}()
#13 /Users/mariopazmino/Desktop/springboot/app/contabilidad-backend/vendor/laravel/framework/src/Illuminate/Database/Console/Migrations/MigrateCommand.php(111): Illuminate\\Database\\Migrations\\Migrator->usingConnection(NULL, Object(Closure))
#14 /Users/mariopazmino/Desktop/springboot/app/contabilidad-backend/vendor/laravel/framework/src/Illuminate/Database/Console/Migrations/MigrateCommand.php(90): Illuminate\\Database\\Console\\Migrations\\MigrateCommand->runMigrations()
#15 /Users/mariopazmino/Desktop/springboot/app/contabilidad-backend/vendor/laravel/framework/src/Illuminate/Container/BoundMethod.php(36): Illuminate\\Database\\Console\\Migrations\\MigrateCommand->handle()
#16 /Users/mariopazmino/Desktop/springboot/app/contabilidad-backend/vendor/laravel/framework/src/Illuminate/Container/Util.php(43): Illuminate\\Container\\BoundMethod::{closure:Illuminate\\Container\\BoundMethod::call():35}()
#17 /Users/mariopazmino/Desktop/springboot/app/contabilidad-backend/vendor/laravel/framework/src/Illuminate/Container/BoundMethod.php(96): Illuminate\\Container\\Util::unwrapIfClosure(Object(Closure))
#18 /Users/mariopazmino/Desktop/springboot/app/contabilidad-backend/vendor/laravel/framework/src/Illuminate/Container/BoundMethod.php(35): Illuminate\\Container\\BoundMethod::callBoundMethod(Object(Illuminate\\Foundation\\Application), Array, Object(Closure))
#19 /Users/mariopazmino/Desktop/springboot/app/contabilidad-backend/vendor/laravel/framework/src/Illuminate/Container/Container.php(799): Illuminate\\Container\\BoundMethod::call(Object(Illuminate\\Foundation\\Application), Array, Array, NULL)
#20 /Users/mariopazmino/Desktop/springboot/app/contabilidad-backend/vendor/laravel/framework/src/Illuminate/Console/Command.php(280): Illuminate\\Container\\Container->call(Array)
#21 /Users/mariopazmino/Desktop/springboot/app/contabilidad-backend/vendor/symfony/console/Command/Command.php(284): Illuminate\\Console\\Command->execute(Object(Symfony\\Component\\Console\\Input\\ArgvInput), Object(Laravel\\Pao\\Laravel\\PaoOutputStyle))
#22 /Users/mariopazmino/Desktop/springboot/app/contabilidad-backend/vendor/laravel/framework/src/Illuminate/Console/Command.php(249): Symfony\\Component\\Console\\Command\\Command->run(Object(Symfony\\Component\\Console\\Input\\ArgvInput), Object(Laravel\\Pao\\Laravel\\PaoOutputStyle))
#23 /Users/mariopazmino/Desktop/springboot/app/contabilidad-backend/vendor/symfony/console/Application.php(1144): Illuminate\\Console\\Command->run(Object(Symfony\\Component\\Console\\Input\\ArgvInput), Object(Symfony\\Component\\Console\\Output\\ConsoleOutput))
#24 /Users/mariopazmino/Desktop/springboot/app/contabilidad-backend/vendor/symfony/console/Application.php(379): Symfony\\Component\\Console\\Application->doRunCommand(Object(Illuminate\\Database\\Console\\Migrations\\MigrateCommand), Object(Symfony\\Component\\Console\\Input\\ArgvInput), Object(Symfony\\Component\\Console\\Output\\ConsoleOutput))
#25 /Users/mariopazmino/Desktop/springboot/app/contabilidad-backend/vendor/symfony/console/Application.php(218): Symfony\\Component\\Console\\Application->doRun(Object(Symfony\\Component\\Console\\Input\\ArgvInput), Object(Symfony\\Component\\Console\\Output\\ConsoleOutput))
#26 /Users/mariopazmino/Desktop/springboot/app/contabilidad-backend/vendor/laravel/framework/src/Illuminate/Foundation/Console/Kernel.php(198): Symfony\\Component\\Console\\Application->run(Object(Symfony\\Component\\Console\\Input\\ArgvInput), Object(Symfony\\Component\\Console\\Output\\ConsoleOutput))
#27 /Users/mariopazmino/Desktop/springboot/app/contabilidad-backend/vendor/laravel/framework/src/Illuminate/Foundation/Application.php(1235): Illuminate\\Foundation\\Console\\Kernel->handle(Object(Symfony\\Component\\Console\\Input\\ArgvInput), Object(Symfony\\Component\\Console\\Output\\ConsoleOutput))
#28 /Users/mariopazmino/Desktop/springboot/app/contabilidad-backend/artisan(16): Illuminate\\Foundation\\Application->handleCommand(Object(Symfony\\Component\\Console\\Input\\ArgvInput))
#29 {main}

[previous exception] [object] (Illuminate\\Database\\SQLiteDatabaseDoesNotExistException(code: 0): Database file at path [/Users/mariopazmino/Desktop/app/contabilidad-backend/database/database.sqlite] does not exist. Ensure this is an absolute path to the database. at /Users/mariopazmino/Desktop/springboot/app/contabilidad-backend/vendor/laravel/framework/src/Illuminate/Database/Connectors/SQLiteConnector.php:61)
[stacktrace]
#0 /Users/mariopazmino/Desktop/springboot/app/contabilidad-backend/vendor/laravel/framework/src/Illuminate/Database/Connectors/SQLiteConnector.php(19): Illuminate\\Database\\Connectors\\SQLiteConnector->parseDatabasePath(false)
#1 /Users/mariopazmino/Desktop/springboot/app/contabilidad-backend/vendor/laravel/framework/src/Illuminate/Database/Connectors/ConnectionFactory.php(259): Illuminate\\Database\\Connectors\\SQLiteConnector->connect(Array)
#2 [internal function]: Illuminate\\Database\\Connectors\\ConnectionFactory->{closure:Illuminate\\Database\\Connectors\\ConnectionFactory::createPdoResolverWithoutHosts():259}()
#3 /Users/mariopazmino/Desktop/springboot/app/contabilidad-backend/vendor/laravel/framework/src/Illuminate/Database/Connection.php(1297): call_user_func(Object(Closure))
#4 /Users/mariopazmino/Desktop/springboot/app/contabilidad-backend/vendor/laravel/framework/src/Illuminate/Database/Connection.php(1335): Illuminate\\Database\\Connection->getPdo()
#5 /Users/mariopazmino/Desktop/springboot/app/contabilidad-backend/vendor/laravel/framework/src/Illuminate/Database/Connection.php(542): Illuminate\\Database\\Connection->getReadPdo()
#6 /Users/mariopazmino/Desktop/springboot/app/contabilidad-backend/vendor/laravel/framework/src/Illuminate/Database/Connection.php(435): Illuminate\\Database\\Connection->getPdoForSelect(true)
#7 /Users/mariopazmino/Desktop/springboot/app/contabilidad-backend/vendor/laravel/framework/src/Illuminate/Database/Connection.php(846): Illuminate\\Database\\Connection->{closure:Illuminate\\Database\\Connection::select():426}('select exists (...', Array)
#8 /Users/mariopazmino/Desktop/springboot/app/contabilidad-backend/vendor/laravel/framework/src/Illuminate/Database/Connection.php(813): Illuminate\\Database\\Connection->runQueryCallback('select exists (...', Array, Object(Closure))
#9 /Users/mariopazmino/Desktop/springboot/app/contabilidad-backend/vendor/laravel/framework/src/Illuminate/Database/Connection.php(426): Illuminate\\Database\\Connection->run('select exists (...', Array, Object(Closure))
#10 /Users/mariopazmino/Desktop/springboot/app/contabilidad-backend/vendor/laravel/framework/src/Illuminate/Database/Connection.php(371): Illuminate\\Database\\Connection->select('select exists (...', Array, true)
#11 /Users/mariopazmino/Desktop/springboot/app/contabilidad-backend/vendor/laravel/framework/src/Illuminate/Database/Connection.php(388): Illuminate\\Database\\Connection->selectOne('select exists (...', Array, true)
#12 /Users/mariopazmino/Desktop/springboot/app/contabilidad-backend/vendor/laravel/framework/src/Illuminate/Database/Schema/Builder.php(176): Illuminate\\Database\\Connection->scalar('select exists (...')
#13 /Users/mariopazmino/Desktop/springboot/app/contabilidad-backend/vendor/laravel/framework/src/Illuminate/Database/Migrations/DatabaseMigrationRepository.php(185): Illuminate\\Database\\Schema\\Builder->hasTable('migrations')
#14 /Users/mariopazmino/Desktop/springboot/app/contabilidad-backend/vendor/laravel/framework/src/Illuminate/Database/Migrations/Migrator.php(797): Illuminate\\Database\\Migrations\\DatabaseMigrationRepository->repositoryExists()
#15 /Users/mariopazmino/Desktop/springboot/app/contabilidad-backend/vendor/laravel/framework/src/Illuminate/Database/Console/Migrations/MigrateCommand.php(166): Illuminate\\Database\\Migrations\\Migrator->repositoryExists()
#16 /Users/mariopazmino/Desktop/springboot/app/contabilidad-backend/vendor/laravel/framework/src/Illuminate/Support/helpers.php(328): Illuminate\\Database\\Console\\Migrations\\MigrateCommand->{closure:Illuminate\\Database\\Console\\Migrations\\MigrateCommand::repositoryExists():166}(1)
#17 /Users/mariopazmino/Desktop/springboot/app/contabilidad-backend/vendor/laravel/framework/src/Illuminate/Database/Console/Migrations/MigrateCommand.php(166): retry(1, Object(Closure), 0, Object(Closure))
#18 /Users/mariopazmino/Desktop/springboot/app/contabilidad-backend/vendor/laravel/framework/src/Illuminate/Database/Console/Migrations/MigrateCommand.php(142): Illuminate\\Database\\Console\\Migrations\\MigrateCommand->repositoryExists()
#19 /Users/mariopazmino/Desktop/springboot/app/contabilidad-backend/vendor/laravel/framework/src/Illuminate/Database/Console/Migrations/MigrateCommand.php(112): Illuminate\\Database\\Console\\Migrations\\MigrateCommand->prepareDatabase()
#20 /Users/mariopazmino/Desktop/springboot/app/contabilidad-backend/vendor/laravel/framework/src/Illuminate/Database/Migrations/Migrator.php(672): Illuminate\\Database\\Console\\Migrations\\MigrateCommand->{closure:Illuminate\\Database\\Console\\Migrations\\MigrateCommand::runMigrations():111}()
#21 /Users/mariopazmino/Desktop/springboot/app/contabilidad-backend/vendor/laravel/framework/src/Illuminate/Database/Console/Migrations/MigrateCommand.php(111): Illuminate\\Database\\Migrations\\Migrator->usingConnection(NULL, Object(Closure))
#22 /Users/mariopazmino/Desktop/springboot/app/contabilidad-backend/vendor/laravel/framework/src/Illuminate/Database/Console/Migrations/MigrateCommand.php(90): Illuminate\\Database\\Console\\Migrations\\MigrateCommand->runMigrations()
#23 /Users/mariopazmino/Desktop/springboot/app/contabilidad-backend/vendor/laravel/framework/src/Illuminate/Container/BoundMethod.php(36): Illuminate\\Database\\Console\\Migrations\\MigrateCommand->handle()
#24 /Users/mariopazmino/Desktop/springboot/app/contabilidad-backend/vendor/laravel/framework/src/Illuminate/Container/Util.php(43): Illuminate\\Container\\BoundMethod::{closure:Illuminate\\Container\\BoundMethod::call():35}()
#25 /Users/mariopazmino/Desktop/springboot/app/contabilidad-backend/vendor/laravel/framework/src/Illuminate/Container/BoundMethod.php(96): Illuminate\\Container\\Util::unwrapIfClosure(Object(Closure))
#26 /Users/mariopazmino/Desktop/springboot/app/contabilidad-backend/vendor/laravel/framework/src/Illuminate/Container/BoundMethod.php(35): Illuminate\\Container\\BoundMethod::callBoundMethod(Object(Illuminate\\Foundation\\Application), Array, Object(Closure))
#27 /Users/mariopazmino/Desktop/springboot/app/contabilidad-backend/vendor/laravel/framework/src/Illuminate/Container/Container.php(799): Illuminate\\Container\\BoundMethod::call(Object(Illuminate\\Foundation\\Application), Array, Array, NULL)
#28 /Users/mariopazmino/Desktop/springboot/app/contabilidad-backend/vendor/laravel/framework/src/Illuminate/Console/Command.php(280): Illuminate\\Container\\Container->call(Array)
#29 /Users/mariopazmino/Desktop/springboot/app/contabilidad-backend/vendor/symfony/console/Command/Command.php(284): Illuminate\\Console\\Command->execute(Object(Symfony\\Component\\Console\\Input\\ArgvInput), Object(Laravel\\Pao\\Laravel\\PaoOutputStyle))
#30 /Users/mariopazmino/Desktop/springboot/app/contabilidad-backend/vendor/laravel/framework/src/Illuminate/Console/Command.php(249): Symfony\\Component\\Console\\Command\\Command->run(Object(Symfony\\Component\\Console\\Input\\ArgvInput), Object(Laravel\\Pao\\Laravel\\PaoOutputStyle))
#31 /Users/mariopazmino/Desktop/springboot/app/contabilidad-backend/vendor/symfony/console/Application.php(1144): Illuminate\\Console\\Command->run(Object(Symfony\\Component\\Console\\Input\\ArgvInput), Object(Symfony\\Component\\Console\\Output\\ConsoleOutput))
#32 /Users/mariopazmino/Desktop/springboot/app/contabilidad-backend/vendor/symfony/console/Application.php(379): Symfony\\Component\\Console\\Application->doRunCommand(Object(Illuminate\\Database\\Console\\Migrations\\MigrateCommand), Object(Symfony\\Component\\Console\\Input\\ArgvInput), Object(Symfony\\Component\\Console\\Output\\ConsoleOutput))
#33 /Users/mariopazmino/Desktop/springboot/app/contabilidad-backend/vendor/symfony/console/Application.php(218): Symfony\\Component\\Console\\Application->doRun(Object(Symfony\\Component\\Console\\Input\\ArgvInput), Object(Symfony\\Component\\Console\\Output\\ConsoleOutput))
#34 /Users/mariopazmino/Desktop/springboot/app/contabilidad-backend/vendor/laravel/framework/src/Illuminate/Foundation/Console/Kernel.php(198): Symfony\\Component\\Console\\Application->run(Object(Symfony\\Component\\Console\\Input\\ArgvInput), Object(Symfony\\Component\\Console\\Output\\ConsoleOutput))
#35 /Users/mariopazmino/Desktop/springboot/app/contabilidad-backend/vendor/laravel/framework/src/Illuminate/Foundation/Application.php(1235): Illuminate\\Foundation\\Console\\Kernel->handle(Object(Symfony\\Component\\Console\\Input\\ArgvInput), Object(Symfony\\Component\\Console\\Output\\ConsoleOutput))
#36 /Users/mariopazmino/Desktop/springboot/app/contabilidad-backend/artisan(16): Illuminate\\Foundation\\Application->handleCommand(Object(Symfony\\Component\\Console\\Input\\ArgvInput))
#37 {main}
"} 
[2026-07-15 00:19:44] local.ERROR: Database file at path [/Users/mariopazmino/Desktop/app/contabilidad-backend/database/database.sqlite] does not exist. Ensure this is an absolute path to the database. (Connection: sqlite, Database: /Users/mariopazmino/Desktop/app/contabilidad-backend/database/database.sqlite, SQL: select exists (select 1 from "main".sqlite_master where name = 'migrations' and type = 'table') as "exists") {"exception":"[object] (Illuminate\\Database\\QueryException(code: 0): Database file at path [/Users/mariopazmino/Desktop/app/contabilidad-backend/database/database.sqlite] does not exist. Ensure this is an absolute path to the database. (Connection: sqlite, Database: /Users/mariopazmino/Desktop/app/contabilidad-backend/database/database.sqlite, SQL: select exists (select 1 from \"main\".sqlite_master where name = 'migrations' and type = 'table') as \"exists\") at /Users/mariopazmino/Desktop/springboot/app/contabilidad-backend/vendor/laravel/framework/src/Illuminate/Database/Connection.php:857)
[stacktrace]
#0 /Users/mariopazmino/Desktop/springboot/app/contabilidad-backend/vendor/laravel/framework/src/Illuminate/Database/Connection.php(813): Illuminate\\Database\\Connection->runQueryCallback('select exists (...', Array, Object(Closure))
#1 /Users/mariopazmino/Desktop/springboot/app/contabilidad-backend/vendor/laravel/framework/src/Illuminate/Database/Connection.php(426): Illuminate\\Database\\Connection->run('select exists (...', Array, Object(Closure))
#2 /Users/mariopazmino/Desktop/springboot/app/contabilidad-backend/vendor/laravel/framework/src/Illuminate/Database/Connection.php(371): Illuminate\\Database\\Connection->select('select exists (...', Array, true)
#3 /Users/mariopazmino/Desktop/springboot/app/contabilidad-backend/vendor/laravel/framework/src/Illuminate/Database/Connection.php(388): Illuminate\\Database\\Connection->selectOne('select exists (...', Array, true)
#4 /Users/mariopazmino/Desktop/springboot/app/contabilidad-backend/vendor/laravel/framework/src/Illuminate/Database/Schema/Builder.php(176): Illuminate\\Database\\Connection->scalar('select exists (...')
#5 /Users/mariopazmino/Desktop/springboot/app/contabilidad-backend/vendor/laravel/framework/src/Illuminate/Database/Migrations/DatabaseMigrationRepository.php(185): Illuminate\\Database\\Schema\\Builder->hasTable('migrations')
#6 /Users/mariopazmino/Desktop/springboot/app/contabilidad-backend/vendor/laravel/framework/src/Illuminate/Database/Migrations/Migrator.php(797): Illuminate\\Database\\Migrations\\DatabaseMigrationRepository->repositoryExists()
#7 /Users/mariopazmino/Desktop/springboot/app/contabilidad-backend/vendor/laravel/framework/src/Illuminate/Database/Console/Migrations/MigrateCommand.php(166): Illuminate\\Database\\Migrations\\Migrator->repositoryExists()
#8 /Users/mariopazmino/Desktop/springboot/app/contabilidad-backend/vendor/laravel/framework/src/Illuminate/Support/helpers.php(328): Illuminate\\Database\\Console\\Migrations\\MigrateCommand->{closure:Illuminate\\Database\\Console\\Migrations\\MigrateCommand::repositoryExists():166}(1)
#9 /Users/mariopazmino/Desktop/springboot/app/contabilidad-backend/vendor/laravel/framework/src/Illuminate/Database/Console/Migrations/MigrateCommand.php(166): retry(1, Object(Closure), 0, Object(Closure))
#10 /Users/mariopazmino/Desktop/springboot/app/contabilidad-backend/vendor/laravel/framework/src/Illuminate/Database/Console/Migrations/MigrateCommand.php(142): Illuminate\\Database\\Console\\Migrations\\MigrateCommand->repositoryExists()
#11 /Users/mariopazmino/Desktop/springboot/app/contabilidad-backend/vendor/laravel/framework/src/Illuminate/Database/Console/Migrations/MigrateCommand.php(112): Illuminate\\Database\\Console\\Migrations\\MigrateCommand->prepareDatabase()
#12 /Users/mariopazmino/Desktop/springboot/app/contabilidad-backend/vendor/laravel/framework/src/Illuminate/Database/Migrations/Migrator.php(672): Illuminate\\Database\\Console\\Migrations\\MigrateCommand->{closure:Illuminate\\Database\\Console\\Migrations\\MigrateCommand::runMigrations():111}()
#13 /Users/mariopazmino/Desktop/springboot/app/contabilidad-backend/vendor/laravel/framework/src/Illuminate/Database/Console/Migrations/MigrateCommand.php(111): Illuminate\\Database\\Migrations\\Migrator->usingConnection(NULL, Object(Closure))
#14 /Users/mariopazmino/Desktop/springboot/app/contabilidad-backend/vendor/laravel/framework/src/Illuminate/Database/Console/Migrations/MigrateCommand.php(90): Illuminate\\Database\\Console\\Migrations\\MigrateCommand->runMigrations()
#15 /Users/mariopazmino/Desktop/springboot/app/contabilidad-backend/vendor/laravel/framework/src/Illuminate/Container/BoundMethod.php(36): Illuminate\\Database\\Console\\Migrations\\MigrateCommand->handle()
#16 /Users/mariopazmino/Desktop/springboot/app/contabilidad-backend/vendor/laravel/framework/src/Illuminate/Container/Util.php(43): Illuminate\\Container\\BoundMethod::{closure:Illuminate\\Container\\BoundMethod::call():35}()
#17 /Users/mariopazmino/Desktop/springboot/app/contabilidad-backend/vendor/laravel/framework/src/Illuminate/Container/BoundMethod.php(96): Illuminate\\Container\\Util::unwrapIfClosure(Object(Closure))
#18 /Users/mariopazmino/Desktop/springboot/app/contabilidad-backend/vendor/laravel/framework/src/Illuminate/Container/BoundMethod.php(35): Illuminate\\Container\\BoundMethod::callBoundMethod(Object(Illuminate\\Foundation\\Application), Array, Object(Closure))
#19 /Users/mariopazmino/Desktop/springboot/app/contabilidad-backend/vendor/laravel/framework/src/Illuminate/Container/Container.php(799): Illuminate\\Container\\BoundMethod::call(Object(Illuminate\\Foundation\\Application), Array, Array, NULL)
#20 /Users/mariopazmino/Desktop/springboot/app/contabilidad-backend/vendor/laravel/framework/src/Illuminate/Console/Command.php(280): Illuminate\\Container\\Container->call(Array)
#21 /Users/mariopazmino/Desktop/springboot/app/contabilidad-backend/vendor/symfony/console/Command/Command.php(284): Illuminate\\Console\\Command->execute(Object(Symfony\\Component\\Console\\Input\\ArgvInput), Object(Laravel\\Pao\\Laravel\\PaoOutputStyle))
#22 /Users/mariopazmino/Desktop/springboot/app/contabilidad-backend/vendor/laravel/framework/src/Illuminate/Console/Command.php(249): Symfony\\Component\\Console\\Command\\Command->run(Object(Symfony\\Component\\Console\\Input\\ArgvInput), Object(Laravel\\Pao\\Laravel\\PaoOutputStyle))
#23 /Users/mariopazmino/Desktop/springboot/app/contabilidad-backend/vendor/symfony/console/Application.php(1144): Illuminate\\Console\\Command->run(Object(Symfony\\Component\\Console\\Input\\ArgvInput), Object(Symfony\\Component\\Console\\Output\\ConsoleOutput))
#24 /Users/mariopazmino/Desktop/springboot/app/contabilidad-backend/vendor/symfony/console/Application.php(379): Symfony\\Component\\Console\\Application->doRunCommand(Object(Illuminate\\Database\\Console\\Migrations\\MigrateCommand), Object(Symfony\\Component\\Console\\Input\\ArgvInput), Object(Symfony\\Component\\Console\\Output\\ConsoleOutput))
#25 /Users/mariopazmino/Desktop/springboot/app/contabilidad-backend/vendor/symfony/console/Application.php(218): Symfony\\Component\\Console\\Application->doRun(Object(Symfony\\Component\\Console\\Input\\ArgvInput), Object(Symfony\\Component\\Console\\Output\\ConsoleOutput))
#26 /Users/mariopazmino/Desktop/springboot/app/contabilidad-backend/vendor/laravel/framework/src/Illuminate/Foundation/Console/Kernel.php(198): Symfony\\Component\\Console\\Application->run(Object(Symfony\\Component\\Console\\Input\\ArgvInput), Object(Symfony\\Component\\Console\\Output\\ConsoleOutput))
#27 /Users/mariopazmino/Desktop/springboot/app/contabilidad-backend/vendor/laravel/framework/src/Illuminate/Foundation/Application.php(1235): Illuminate\\Foundation\\Console\\Kernel->handle(Object(Symfony\\Component\\Console\\Input\\ArgvInput), Object(Symfony\\Component\\Console\\Output\\ConsoleOutput))
#28 /Users/mariopazmino/Desktop/springboot/app/contabilidad-backend/artisan(16): Illuminate\\Foundation\\Application->handleCommand(Object(Symfony\\Component\\Console\\Input\\ArgvInput))
#29 {main}

[previous exception] [object] (Illuminate\\Database\\SQLiteDatabaseDoesNotExistException(code: 0): Database file at path [/Users/mariopazmino/Desktop/app/contabilidad-backend/database/database.sqlite] does not exist. Ensure this is an absolute path to the database. at /Users/mariopazmino/Desktop/springboot/app/contabilidad-backend/vendor/laravel/framework/src/Illuminate/Database/Connectors/SQLiteConnector.php:61)
[stacktrace]
#0 /Users/mariopazmino/Desktop/springboot/app/contabilidad-backend/vendor/laravel/framework/src/Illuminate/Database/Connectors/SQLiteConnector.php(19): Illuminate\\Database\\Connectors\\SQLiteConnector->parseDatabasePath(false)
#1 /Users/mariopazmino/Desktop/springboot/app/contabilidad-backend/vendor/laravel/framework/src/Illuminate/Database/Connectors/ConnectionFactory.php(259): Illuminate\\Database\\Connectors\\SQLiteConnector->connect(Array)
#2 [internal function]: Illuminate\\Database\\Connectors\\ConnectionFactory->{closure:Illuminate\\Database\\Connectors\\ConnectionFactory::createPdoResolverWithoutHosts():259}()
#3 /Users/mariopazmino/Desktop/springboot/app/contabilidad-backend/vendor/laravel/framework/src/Illuminate/Database/Connection.php(1297): call_user_func(Object(Closure))
#4 /Users/mariopazmino/Desktop/springboot/app/contabilidad-backend/vendor/laravel/framework/src/Illuminate/Database/Connection.php(1335): Illuminate\\Database\\Connection->getPdo()
#5 /Users/mariopazmino/Desktop/springboot/app/contabilidad-backend/vendor/laravel/framework/src/Illuminate/Database/Connection.php(542): Illuminate\\Database\\Connection->getReadPdo()
#6 /Users/mariopazmino/Desktop/springboot/app/contabilidad-backend/vendor/laravel/framework/src/Illuminate/Database/Connection.php(435): Illuminate\\Database\\Connection->getPdoForSelect(true)
#7 /Users/mariopazmino/Desktop/springboot/app/contabilidad-backend/vendor/laravel/framework/src/Illuminate/Database/Connection.php(846): Illuminate\\Database\\Connection->{closure:Illuminate\\Database\\Connection::select():426}('select exists (...', Array)
#8 /Users/mariopazmino/Desktop/springboot/app/contabilidad-backend/vendor/laravel/framework/src/Illuminate/Database/Connection.php(813): Illuminate\\Database\\Connection->runQueryCallback('select exists (...', Array, Object(Closure))
#9 /Users/mariopazmino/Desktop/springboot/app/contabilidad-backend/vendor/laravel/framework/src/Illuminate/Database/Connection.php(426): Illuminate\\Database\\Connection->run('select exists (...', Array, Object(Closure))
#10 /Users/mariopazmino/Desktop/springboot/app/contabilidad-backend/vendor/laravel/framework/src/Illuminate/Database/Connection.php(371): Illuminate\\Database\\Connection->select('select exists (...', Array, true)
#11 /Users/mariopazmino/Desktop/springboot/app/contabilidad-backend/vendor/laravel/framework/src/Illuminate/Database/Connection.php(388): Illuminate\\Database\\Connection->selectOne('select exists (...', Array, true)
#12 /Users/mariopazmino/Desktop/springboot/app/contabilidad-backend/vendor/laravel/framework/src/Illuminate/Database/Schema/Builder.php(176): Illuminate\\Database\\Connection->scalar('select exists (...')
#13 /Users/mariopazmino/Desktop/springboot/app/contabilidad-backend/vendor/laravel/framework/src/Illuminate/Database/Migrations/DatabaseMigrationRepository.php(185): Illuminate\\Database\\Schema\\Builder->hasTable('migrations')
#14 /Users/mariopazmino/Desktop/springboot/app/contabilidad-backend/vendor/laravel/framework/src/Illuminate/Database/Migrations/Migrator.php(797): Illuminate\\Database\\Migrations\\DatabaseMigrationRepository->repositoryExists()
#15 /Users/mariopazmino/Desktop/springboot/app/contabilidad-backend/vendor/laravel/framework/src/Illuminate/Database/Console/Migrations/MigrateCommand.php(166): Illuminate\\Database\\Migrations\\Migrator->repositoryExists()
#16 /Users/mariopazmino/Desktop/springboot/app/contabilidad-backend/vendor/laravel/framework/src/Illuminate/Support/helpers.php(328): Illuminate\\Database\\Console\\Migrations\\MigrateCommand->{closure:Illuminate\\Database\\Console\\Migrations\\MigrateCommand::repositoryExists():166}(1)
#17 /Users/mariopazmino/Desktop/springboot/app/contabilidad-backend/vendor/laravel/framework/src/Illuminate/Database/Console/Migrations/MigrateCommand.php(166): retry(1, Object(Closure), 0, Object(Closure))
#18 /Users/mariopazmino/Desktop/springboot/app/contabilidad-backend/vendor/laravel/framework/src/Illuminate/Database/Console/Migrations/MigrateCommand.php(142): Illuminate\\Database\\Console\\Migrations\\MigrateCommand->repositoryExists()
#19 /Users/mariopazmino/Desktop/springboot/app/contabilidad-backend/vendor/laravel/framework/src/Illuminate/Database/Console/Migrations/MigrateCommand.php(112): Illuminate\\Database\\Console\\Migrations\\MigrateCommand->prepareDatabase()
#20 /Users/mariopazmino/Desktop/springboot/app/contabilidad-backend/vendor/laravel/framework/src/Illuminate/Database/Migrations/Migrator.php(672): Illuminate\\Database\\Console\\Migrations\\MigrateCommand->{closure:Illuminate\\Database\\Console\\Migrations\\MigrateCommand::runMigrations():111}()
#21 /Users/mariopazmino/Desktop/springboot/app/contabilidad-backend/vendor/laravel/framework/src/Illuminate/Database/Console/Migrations/MigrateCommand.php(111): Illuminate\\Database\\Migrations\\Migrator->usingConnection(NULL, Object(Closure))
#22 /Users/mariopazmino/Desktop/springboot/app/contabilidad-backend/vendor/laravel/framework/src/Illuminate/Database/Console/Migrations/MigrateCommand.php(90): Illuminate\\Database\\Console\\Migrations\\MigrateCommand->runMigrations()
#23 /Users/mariopazmino/Desktop/springboot/app/contabilidad-backend/vendor/laravel/framework/src/Illuminate/Container/BoundMethod.php(36): Illuminate\\Database\\Console\\Migrations\\MigrateCommand->handle()
#24 /Users/mariopazmino/Desktop/springboot/app/contabilidad-backend/vendor/laravel/framework/src/Illuminate/Container/Util.php(43): Illuminate\\Container\\BoundMethod::{closure:Illuminate\\Container\\BoundMethod::call():35}()
#25 /Users/mariopazmino/Desktop/springboot/app/contabilidad-backend/vendor/laravel/framework/src/Illuminate/Container/BoundMethod.php(96): Illuminate\\Container\\Util::unwrapIfClosure(Object(Closure))
#26 /Users/mariopazmino/Desktop/springboot/app/contabilidad-backend/vendor/laravel/framework/src/Illuminate/Container/BoundMethod.php(35): Illuminate\\Container\\BoundMethod::callBoundMethod(Object(Illuminate\\Foundation\\Application), Array, Object(Closure))
#27 /Users/mariopazmino/Desktop/springboot/app/contabilidad-backend/vendor/laravel/framework/src/Illuminate/Container/Container.php(799): Illuminate\\Container\\BoundMethod::call(Object(Illuminate\\Foundation\\Application), Array, Array, NULL)
#28 /Users/mariopazmino/Desktop/springboot/app/contabilidad-backend/vendor/laravel/framework/src/Illuminate/Console/Command.php(280): Illuminate\\Container\\Container->call(Array)
#29 /Users/mariopazmino/Desktop/springboot/app/contabilidad-backend/vendor/symfony/console/Command/Command.php(284): Illuminate\\Console\\Command->execute(Object(Symfony\\Component\\Console\\Input\\ArgvInput), Object(Laravel\\Pao\\Laravel\\PaoOutputStyle))
#30 /Users/mariopazmino/Desktop/springboot/app/contabilidad-backend/vendor/laravel/framework/src/Illuminate/Console/Command.php(249): Symfony\\Component\\Console\\Command\\Command->run(Object(Symfony\\Component\\Console\\Input\\ArgvInput), Object(Laravel\\Pao\\Laravel\\PaoOutputStyle))
#31 /Users/mariopazmino/Desktop/springboot/app/contabilidad-backend/vendor/symfony/console/Application.php(1144): Illuminate\\Console\\Command->run(Object(Symfony\\Component\\Console\\Input\\ArgvInput), Object(Symfony\\Component\\Console\\Output\\ConsoleOutput))
#32 /Users/mariopazmino/Desktop/springboot/app/contabilidad-backend/vendor/symfony/console/Application.php(379): Symfony\\Component\\Console\\Application->doRunCommand(Object(Illuminate\\Database\\Console\\Migrations\\MigrateCommand), Object(Symfony\\Component\\Console\\Input\\ArgvInput), Object(Symfony\\Component\\Console\\Output\\ConsoleOutput))
#33 /Users/mariopazmino/Desktop/springboot/app/contabilidad-backend/vendor/symfony/console/Application.php(218): Symfony\\Component\\Console\\Application->doRun(Object(Symfony\\Component\\Console\\Input\\ArgvInput), Object(Symfony\\Component\\Console\\Output\\ConsoleOutput))
#34 /Users/mariopazmino/Desktop/springboot/app/contabilidad-backend/vendor/laravel/framework/src/Illuminate/Foundation/Console/Kernel.php(198): Symfony\\Component\\Console\\Application->run(Object(Symfony\\Component\\Console\\Input\\ArgvInput), Object(Symfony\\Component\\Console\\Output\\ConsoleOutput))
#35 /Users/mariopazmino/Desktop/springboot/app/contabilidad-backend/vendor/laravel/framework/src/Illuminate/Foundation/Application.php(1235): Illuminate\\Foundation\\Console\\Kernel->handle(Object(Symfony\\Component\\Console\\Input\\ArgvInput), Object(Symfony\\Component\\Console\\Output\\ConsoleOutput))
#36 /Users/mariopazmino/Desktop/springboot/app/contabilidad-backend/artisan(16): Illuminate\\Foundation\\Application->handleCommand(Object(Symfony\\Component\\Console\\Input\\ArgvInput))
#37 {main}
"} 
[2026-07-15 21:10:44] local.ERROR: Database file at path [/Users/mariopazmino/Desktop/app/contabilidad-backend/database/database.sqlite] does not exist. Ensure this is an absolute path to the database. (Connection: sqlite, Database: /Users/mariopazmino/Desktop/app/contabilidad-backend/database/database.sqlite, SQL: select * from "cache" where "key" in (laravel-cache-5c785c036466adea360111aa28563bfd556b5fba)) {"exception":"[object] (Illuminate\\Database\\QueryException(code: 0): Database file at path [/Users/mariopazmino/Desktop/app/contabilidad-backend/database/database.sqlite] does not exist. Ensure this is an absolute path to the database. (Connection: sqlite, Database: /Users/mariopazmino/Desktop/app/contabilidad-backend/database/database.sqlite, SQL: select * from \"cache\" where \"key\" in (laravel-cache-5c785c036466adea360111aa28563bfd556b5fba)) at /Users/mariopazmino/Desktop/springboot/app/contabilidad-backend/vendor/laravel/framework/src/Illuminate/Database/Connection.php:857)
[stacktrace]
#0 /Users/mariopazmino/Desktop/springboot/app/contabilidad-backend/vendor/laravel/framework/src/Illuminate/Database/Connection.php(813): Illuminate\\Database\\Connection->runQueryCallback('select * from \"...', Array, Object(Closure))
#1 /Users/mariopazmino/Desktop/springboot/app/contabilidad-backend/vendor/laravel/framework/src/Illuminate/Database/Connection.php(426): Illuminate\\Database\\Connection->run('select * from \"...', Array, Object(Closure))
#2 /Users/mariopazmino/Desktop/springboot/app/contabilidad-backend/vendor/laravel/framework/src/Illuminate/Database/Query/Builder.php(3573): Illuminate\\Database\\Connection->select('select * from \"...', Array, true, Array)
#3 /Users/mariopazmino/Desktop/springboot/app/contabilidad-backend/vendor/laravel/framework/src/Illuminate/Database/Query/Builder.php(3557): Illuminate\\Database\\Query\\Builder->runSelect()
#4 /Users/mariopazmino/Desktop/springboot/app/contabilidad-backend/vendor/laravel/framework/src/Illuminate/Cache/DatabaseStore.php(142): Illuminate\\Database\\Query\\Builder->get()
#5 /Users/mariopazmino/Desktop/springboot/app/contabilidad-backend/vendor/laravel/framework/src/Illuminate/Cache/DatabaseStore.php(117): Illuminate\\Cache\\DatabaseStore->many(Array)
#6 /Users/mariopazmino/Desktop/springboot/app/contabilidad-backend/vendor/laravel/framework/src/Illuminate/Cache/Repository.php(138): Illuminate\\Cache\\DatabaseStore->get('5c785c036466ade...')
#7 /Users/mariopazmino/Desktop/springboot/app/contabilidad-backend/vendor/laravel/framework/src/Illuminate/Cache/RateLimiter.php(206): Illuminate\\Cache\\Repository->get('5c785c036466ade...', 0)
#8 /Users/mariopazmino/Desktop/springboot/app/contabilidad-backend/vendor/laravel/framework/src/Illuminate/Cache/RateLimiter.php(302): Illuminate\\Cache\\RateLimiter->{closure:Illuminate\\Cache\\RateLimiter::attempts():206}()
#9 /Users/mariopazmino/Desktop/springboot/app/contabilidad-backend/vendor/laravel/framework/src/Illuminate/Cache/RateLimiter.php(206): Illuminate\\Cache\\RateLimiter->withoutSerializationOrCompression(Object(Closure))
#10 /Users/mariopazmino/Desktop/springboot/app/contabilidad-backend/vendor/laravel/framework/src/Illuminate/Cache/RateLimiter.php(129): Illuminate\\Cache\\RateLimiter->attempts('5c785c036466ade...')
#11 /Users/mariopazmino/Desktop/springboot/app/contabilidad-backend/vendor/laravel/framework/src/Illuminate/Routing/Middleware/ThrottleRequests.php(157): Illuminate\\Cache\\RateLimiter->tooManyAttempts('5c785c036466ade...', 5)
#12 /Users/mariopazmino/Desktop/springboot/app/contabilidad-backend/vendor/laravel/framework/src/Illuminate/Routing/Middleware/ThrottleRequests.php(93): Illuminate\\Routing\\Middleware\\ThrottleRequests->handleRequest(Object(Illuminate\\Http\\Request), Object(Closure), Array)
#13 /Users/mariopazmino/Desktop/springboot/app/contabilidad-backend/vendor/laravel/framework/src/Illuminate/Pipeline/Pipeline.php(219): Illuminate\\Routing\\Middleware\\ThrottleRequests->handle(Object(Illuminate\\Http\\Request), Object(Closure), '5', '1')
#14 /Users/mariopazmino/Desktop/springboot/app/contabilidad-backend/vendor/laravel/framework/src/Illuminate/Pipeline/Pipeline.php(137): Illuminate\\Pipeline\\Pipeline->{closure:{closure:Illuminate\\Pipeline\\Pipeline::carry():194}:195}(Object(Illuminate\\Http\\Request))
#15 /Users/mariopazmino/Desktop/springboot/app/contabilidad-backend/vendor/laravel/framework/src/Illuminate/Routing/Router.php(821): Illuminate\\Pipeline\\Pipeline->then(Object(Closure))
#16 /Users/mariopazmino/Desktop/springboot/app/contabilidad-backend/vendor/laravel/framework/src/Illuminate/Routing/Router.php(800): Illuminate\\Routing\\Router->runRouteWithinStack(Object(Illuminate\\Routing\\Route), Object(Illuminate\\Http\\Request))
#17 /Users/mariopazmino/Desktop/springboot/app/contabilidad-backend/vendor/laravel/framework/src/Illuminate/Routing/Router.php(764): Illuminate\\Routing\\Router->runRoute(Object(Illuminate\\Http\\Request), Object(Illuminate\\Routing\\Route))
#18 /Users/mariopazmino/Desktop/springboot/app/contabilidad-backend/vendor/laravel/framework/src/Illuminate/Routing/Router.php(753): Illuminate\\Routing\\Router->dispatchToRoute(Object(Illuminate\\Http\\Request))
#19 /Users/mariopazmino/Desktop/springboot/app/contabilidad-backend/vendor/laravel/framework/src/Illuminate/Foundation/Http/Kernel.php(200): Illuminate\\Routing\\Router->dispatch(Object(Illuminate\\Http\\Request))
#20 /Users/mariopazmino/Desktop/springboot/app/contabilidad-backend/vendor/laravel/framework/src/Illuminate/Pipeline/Pipeline.php(180): Illuminate\\Foundation\\Http\\Kernel->{closure:Illuminate\\Foundation\\Http\\Kernel::dispatchToRouter():197}(Object(Illuminate\\Http\\Request))
#21 /Users/mariopazmino/Desktop/springboot/app/contabilidad-backend/vendor/laravel/framework/src/Illuminate/Foundation/Http/Middleware/TransformsRequest.php(21): Illuminate\\Pipeline\\Pipeline->{closure:Illuminate\\Pipeline\\Pipeline::prepareDestination():178}(Object(Illuminate\\Http\\Request))
#22 /Users/mariopazmino/Desktop/springboot/app/contabilidad-backend/vendor/laravel/framework/src/Illuminate/Foundation/Http/Middleware/ConvertEmptyStringsToNull.php(31): Illuminate\\Foundation\\Http\\Middleware\\TransformsRequest->handle(Object(Illuminate\\Http\\Request), Object(Closure))
#23 /Users/mariopazmino/Desktop/springboot/app/contabilidad-backend/vendor/laravel/framework/src/Illuminate/Pipeline/Pipeline.php(219): Illuminate\\Foundation\\Http\\Middleware\\ConvertEmptyStringsToNull->handle(Object(Illuminate\\Http\\Request), Object(Closure))
#24 /Users/mariopazmino/Desktop/springboot/app/contabilidad-backend/vendor/laravel/framework/src/Illuminate/Foundation/Http/Middleware/TransformsRequest.php(21): Illuminate\\Pipeline\\Pipeline->{closure:{closure:Illuminate\\Pipeline\\Pipeline::carry():194}:195}(Object(Illuminate\\Http\\Request))
#25 /Users/mariopazmino/Desktop/springboot/app/contabilidad-backend/vendor/laravel/framework/src/Illuminate/Foundation/Http/Middleware/TrimStrings.php(51): Illuminate\\Foundation\\Http\\Middleware\\TransformsRequest->handle(Object(Illuminate\\Http\\Request), Object(Closure))
#26 /Users/mariopazmino/Desktop/springboot/app/contabilidad-backend/vendor/laravel/framework/src/Illuminate/Pipeline/Pipeline.php(219): Illuminate\\Foundation\\Http\\Middleware\\TrimStrings->handle(Object(Illuminate\\Http\\Request), Object(Closure))
#27 /Users/mariopazmino/Desktop/springboot/app/contabilidad-backend/vendor/laravel/framework/src/Illuminate/Http/Middleware/ValidatePostSize.php(27): Illuminate\\Pipeline\\Pipeline->{closure:{closure:Illuminate\\Pipeline\\Pipeline::carry():194}:195}(Object(Illuminate\\Http\\Request))
#28 /Users/mariopazmino/Desktop/springboot/app/contabilidad-backend/vendor/laravel/framework/src/Illuminate/Pipeline/Pipeline.php(219): Illuminate\\Http\\Middleware\\ValidatePostSize->handle(Object(Illuminate\\Http\\Request), Object(Closure))
#29 /Users/mariopazmino/Desktop/springboot/app/contabilidad-backend/vendor/laravel/framework/src/Illuminate/Foundation/Http/Middleware/PreventRequestsDuringMaintenance.php(109): Illuminate\\Pipeline\\Pipeline->{closure:{closure:Illuminate\\Pipeline\\Pipeline::carry():194}:195}(Object(Illuminate\\Http\\Request))
#30 /Users/mariopazmino/Desktop/springboot/app/contabilidad-backend/vendor/laravel/framework/src/Illuminate/Pipeline/Pipeline.php(219): Illuminate\\Foundation\\Http\\Middleware\\PreventRequestsDuringMaintenance->handle(Object(Illuminate\\Http\\Request), Object(Closure))
#31 /Users/mariopazmino/Desktop/springboot/app/contabilidad-backend/vendor/laravel/framework/src/Illuminate/Http/Middleware/HandleCors.php(74): Illuminate\\Pipeline\\Pipeline->{closure:{closure:Illuminate\\Pipeline\\Pipeline::carry():194}:195}(Object(Illuminate\\Http\\Request))
#32 /Users/mariopazmino/Desktop/springboot/app/contabilidad-backend/vendor/laravel/framework/src/Illuminate/Pipeline/Pipeline.php(219): Illuminate\\Http\\Middleware\\HandleCors->handle(Object(Illuminate\\Http\\Request), Object(Closure))
#33 /Users/mariopazmino/Desktop/springboot/app/contabilidad-backend/vendor/laravel/framework/src/Illuminate/Http/Middleware/TrustProxies.php(58): Illuminate\\Pipeline\\Pipeline->{closure:{closure:Illuminate\\Pipeline\\Pipeline::carry():194}:195}(Object(Illuminate\\Http\\Request))
#34 /Users/mariopazmino/Desktop/springboot/app/contabilidad-backend/vendor/laravel/framework/src/Illuminate/Pipeline/Pipeline.php(219): Illuminate\\Http\\Middleware\\TrustProxies->handle(Object(Illuminate\\Http\\Request), Object(Closure))
#35 /Users/mariopazmino/Desktop/springboot/app/contabilidad-backend/vendor/laravel/framework/src/Illuminate/Foundation/Http/Middleware/InvokeDeferredCallbacks.php(22): Illuminate\\Pipeline\\Pipeline->{closure:{closure:Illuminate\\Pipeline\\Pipeline::carry():194}:195}(Object(Illuminate\\Http\\Request))
#36 /Users/mariopazmino/Desktop/springboot/app/contabilidad-backend/vendor/laravel/framework/src/Illuminate/Pipeline/Pipeline.php(219): Illuminate\\Foundation\\Http\\Middleware\\InvokeDeferredCallbacks->handle(Object(Illuminate\\Http\\Request), Object(Closure))
#37 /Users/mariopazmino/Desktop/springboot/app/contabilidad-backend/vendor/laravel/framework/src/Illuminate/Http/Middleware/ValidatePathEncoding.php(28): Illuminate\\Pipeline\\Pipeline->{closure:{closure:Illuminate\\Pipeline\\Pipeline::carry():194}:195}(Object(Illuminate\\Http\\Request))
#38 /Users/mariopazmino/Desktop/springboot/app/contabilidad-backend/vendor/laravel/framework/src/Illuminate/Pipeline/Pipeline.php(219): Illuminate\\Http\\Middleware\\ValidatePathEncoding->handle(Object(Illuminate\\Http\\Request), Object(Closure))
#39 /Users/mariopazmino/Desktop/springboot/app/contabilidad-backend/vendor/laravel/framework/src/Illuminate/Pipeline/Pipeline.php(137): Illuminate\\Pipeline\\Pipeline->{closure:{closure:Illuminate\\Pipeline\\Pipeline::carry():194}:195}(Object(Illuminate\\Http\\Request))
#40 /Users/mariopazmino/Desktop/springboot/app/contabilidad-backend/vendor/laravel/framework/src/Illuminate/Foundation/Http/Kernel.php(175): Illuminate\\Pipeline\\Pipeline->then(Object(Closure))
#41 /Users/mariopazmino/Desktop/springboot/app/contabilidad-backend/vendor/laravel/framework/src/Illuminate/Foundation/Http/Kernel.php(144): Illuminate\\Foundation\\Http\\Kernel->sendRequestThroughRouter(Object(Illuminate\\Http\\Request))
#42 /Users/mariopazmino/Desktop/springboot/app/contabilidad-backend/vendor/laravel/framework/src/Illuminate/Foundation/Application.php(1220): Illuminate\\Foundation\\Http\\Kernel->handle(Object(Illuminate\\Http\\Request))
#43 /Users/mariopazmino/Desktop/springboot/app/contabilidad-backend/public/index.php(20): Illuminate\\Foundation\\Application->handleRequest(Object(Illuminate\\Http\\Request))
#44 /Users/mariopazmino/Desktop/springboot/app/contabilidad-backend/vendor/laravel/framework/src/Illuminate/Foundation/resources/server.php(23): require_once('/Users/mariopaz...')
#45 {main}

[previous exception] [object] (Illuminate\\Database\\SQLiteDatabaseDoesNotExistException(code: 0): Database file at path [/Users/mariopazmino/Desktop/app/contabilidad-backend/database/database.sqlite] does not exist. Ensure this is an absolute path to the database. at /Users/mariopazmino/Desktop/springboot/app/contabilidad-backend/vendor/laravel/framework/src/Illuminate/Database/Connectors/SQLiteConnector.php:61)
[stacktrace]
#0 /Users/mariopazmino/Desktop/springboot/app/contabilidad-backend/vendor/laravel/framework/src/Illuminate/Database/Connectors/SQLiteConnector.php(19): Illuminate\\Database\\Connectors\\SQLiteConnector->parseDatabasePath(false)
#1 /Users/mariopazmino/Desktop/springboot/app/contabilidad-backend/vendor/laravel/framework/src/Illuminate/Database/Connectors/ConnectionFactory.php(259): Illuminate\\Database\\Connectors\\SQLiteConnector->connect(Array)
#2 [internal function]: Illuminate\\Database\\Connectors\\ConnectionFactory->{closure:Illuminate\\Database\\Connectors\\ConnectionFactory::createPdoResolverWithoutHosts():259}()
#3 /Users/mariopazmino/Desktop/springboot/app/contabilidad-backend/vendor/laravel/framework/src/Illuminate/Database/Connection.php(1297): call_user_func(Object(Closure))
#4 /Users/mariopazmino/Desktop/springboot/app/contabilidad-backend/vendor/laravel/framework/src/Illuminate/Database/Connection.php(1335): Illuminate\\Database\\Connection->getPdo()
#5 /Users/mariopazmino/Desktop/springboot/app/contabilidad-backend/vendor/laravel/framework/src/Illuminate/Database/Connection.php(542): Illuminate\\Database\\Connection->getReadPdo()
#6 /Users/mariopazmino/Desktop/springboot/app/contabilidad-backend/vendor/laravel/framework/src/Illuminate/Database/Connection.php(435): Illuminate\\Database\\Connection->getPdoForSelect(true)
#7 /Users/mariopazmino/Desktop/springboot/app/contabilidad-backend/vendor/laravel/framework/src/Illuminate/Database/Connection.php(846): Illuminate\\Database\\Connection->{closure:Illuminate\\Database\\Connection::select():426}('select * from \"...', Array)
#8 /Users/mariopazmino/Desktop/springboot/app/contabilidad-backend/vendor/laravel/framework/src/Illuminate/Database/Connection.php(813): Illuminate\\Database\\Connection->runQueryCallback('select * from \"...', Array, Object(Closure))
#9 /Users/mariopazmino/Desktop/springboot/app/contabilidad-backend/vendor/laravel/framework/src/Illuminate/Database/Connection.php(426): Illuminate\\Database\\Connection->run('select * from \"...', Array, Object(Closure))
#10 /Users/mariopazmino/Desktop/springboot/app/contabilidad-backend/vendor/laravel/framework/src/Illuminate/Database/Query/Builder.php(3573): Illuminate\\Database\\Connection->select('select * from \"...', Array, true, Array)
#11 /Users/mariopazmino/Desktop/springboot/app/contabilidad-backend/vendor/laravel/framework/src/Illuminate/Database/Query/Builder.php(3557): Illuminate\\Database\\Query\\Builder->runSelect()
#12 /Users/mariopazmino/Desktop/springboot/app/contabilidad-backend/vendor/laravel/framework/src/Illuminate/Cache/DatabaseStore.php(142): Illuminate\\Database\\Query\\Builder->get()
#13 /Users/mariopazmino/Desktop/springboot/app/contabilidad-backend/vendor/laravel/framework/src/Illuminate/Cache/DatabaseStore.php(117): Illuminate\\Cache\\DatabaseStore->many(Array)
#14 /Users/mariopazmino/Desktop/springboot/app/contabilidad-backend/vendor/laravel/framework/src/Illuminate/Cache/Repository.php(138): Illuminate\\Cache\\DatabaseStore->get('5c785c036466ade...')
#15 /Users/mariopazmino/Desktop/springboot/app/contabilidad-backend/vendor/laravel/framework/src/Illuminate/Cache/RateLimiter.php(206): Illuminate\\Cache\\Repository->get('5c785c036466ade...', 0)
#16 /Users/mariopazmino/Desktop/springboot/app/contabilidad-backend/vendor/laravel/framework/src/Illuminate/Cache/RateLimiter.php(302): Illuminate\\Cache\\RateLimiter->{closure:Illuminate\\Cache\\RateLimiter::attempts():206}()
#17 /Users/mariopazmino/Desktop/springboot/app/contabilidad-backend/vendor/laravel/framework/src/Illuminate/Cache/RateLimiter.php(206): Illuminate\\Cache\\RateLimiter->withoutSerializationOrCompression(Object(Closure))
#18 /Users/mariopazmino/Desktop/springboot/app/contabilidad-backend/vendor/laravel/framework/src/Illuminate/Cache/RateLimiter.php(129): Illuminate\\Cache\\RateLimiter->attempts('5c785c036466ade...')
#19 /Users/mariopazmino/Desktop/springboot/app/contabilidad-backend/vendor/laravel/framework/src/Illuminate/Routing/Middleware/ThrottleRequests.php(157): Illuminate\\Cache\\RateLimiter->tooManyAttempts('5c785c036466ade...', 5)
#20 /Users/mariopazmino/Desktop/springboot/app/contabilidad-backend/vendor/laravel/framework/src/Illuminate/Routing/Middleware/ThrottleRequests.php(93): Illuminate\\Routing\\Middleware\\ThrottleRequests->handleRequest(Object(Illuminate\\Http\\Request), Object(Closure), Array)
#21 /Users/mariopazmino/Desktop/springboot/app/contabilidad-backend/vendor/laravel/framework/src/Illuminate/Pipeline/Pipeline.php(219): Illuminate\\Routing\\Middleware\\ThrottleRequests->handle(Object(Illuminate\\Http\\Request), Object(Closure), '5', '1')
#22 /Users/mariopazmino/Desktop/springboot/app/contabilidad-backend/vendor/laravel/framework/src/Illuminate/Pipeline/Pipeline.php(137): Illuminate\\Pipeline\\Pipeline->{closure:{closure:Illuminate\\Pipeline\\Pipeline::carry():194}:195}(Object(Illuminate\\Http\\Request))
#23 /Users/mariopazmino/Desktop/springboot/app/contabilidad-backend/vendor/laravel/framework/src/Illuminate/Routing/Router.php(821): Illuminate\\Pipeline\\Pipeline->then(Object(Closure))
#24 /Users/mariopazmino/Desktop/springboot/app/contabilidad-backend/vendor/laravel/framework/src/Illuminate/Routing/Router.php(800): Illuminate\\Routing\\Router->runRouteWithinStack(Object(Illuminate\\Routing\\Route), Object(Illuminate\\Http\\Request))
#25 /Users/mariopazmino/Desktop/springboot/app/contabilidad-backend/vendor/laravel/framework/src/Illuminate/Routing/Router.php(764): Illuminate\\Routing\\Router->runRoute(Object(Illuminate\\Http\\Request), Object(Illuminate\\Routing\\Route))
#26 /Users/mariopazmino/Desktop/springboot/app/contabilidad-backend/vendor/laravel/framework/src/Illuminate/Routing/Router.php(753): Illuminate\\Routing\\Router->dispatchToRoute(Object(Illuminate\\Http\\Request))
#27 /Users/mariopazmino/Desktop/springboot/app/contabilidad-backend/vendor/laravel/framework/src/Illuminate/Foundation/Http/Kernel.php(200): Illuminate\\Routing\\Router->dispatch(Object(Illuminate\\Http\\Request))
#28 /Users/mariopazmino/Desktop/springboot/app/contabilidad-backend/vendor/laravel/framework/src/Illuminate/Pipeline/Pipeline.php(180): Illuminate\\Foundation\\Http\\Kernel->{closure:Illuminate\\Foundation\\Http\\Kernel::dispatchToRouter():197}(Object(Illuminate\\Http\\Request))
#29 /Users/mariopazmino/Desktop/springboot/app/contabilidad-backend/vendor/laravel/framework/src/Illuminate/Foundation/Http/Middleware/TransformsRequest.php(21): Illuminate\\Pipeline\\Pipeline->{closure:Illuminate\\Pipeline\\Pipeline::prepareDestination():178}(Object(Illuminate\\Http\\Request))
#30 /Users/mariopazmino/Desktop/springboot/app/contabilidad-backend/vendor/laravel/framework/src/Illuminate/Foundation/Http/Middleware/ConvertEmptyStringsToNull.php(31): Illuminate\\Foundation\\Http\\Middleware\\TransformsRequest->handle(Object(Illuminate\\Http\\Request), Object(Closure))
#31 /Users/mariopazmino/Desktop/springboot/app/contabilidad-backend/vendor/laravel/framework/src/Illuminate/Pipeline/Pipeline.php(219): Illuminate\\Foundation\\Http\\Middleware\\ConvertEmptyStringsToNull->handle(Object(Illuminate\\Http\\Request), Object(Closure))
#32 /Users/mariopazmino/Desktop/springboot/app/contabilidad-backend/vendor/laravel/framework/src/Illuminate/Foundation/Http/Middleware/TransformsRequest.php(21): Illuminate\\Pipeline\\Pipeline->{closure:{closure:Illuminate\\Pipeline\\Pipeline::carry():194}:195}(Object(Illuminate\\Http\\Request))
#33 /Users/mariopazmino/Desktop/springboot/app/contabilidad-backend/vendor/laravel/framework/src/Illuminate/Foundation/Http/Middleware/TrimStrings.php(51): Illuminate\\Foundation\\Http\\Middleware\\TransformsRequest->handle(Object(Illuminate\\Http\\Request), Object(Closure))
#34 /Users/mariopazmino/Desktop/springboot/app/contabilidad-backend/vendor/laravel/framework/src/Illuminate/Pipeline/Pipeline.php(219): Illuminate\\Foundation\\Http\\Middleware\\TrimStrings->handle(Object(Illuminate\\Http\\Request), Object(Closure))
#35 /Users/mariopazmino/Desktop/springboot/app/contabilidad-backend/vendor/laravel/framework/src/Illuminate/Http/Middleware/ValidatePostSize.php(27): Illuminate\\Pipeline\\Pipeline->{closure:{closure:Illuminate\\Pipeline\\Pipeline::carry():194}:195}(Object(Illuminate\\Http\\Request))
#36 /Users/mariopazmino/Desktop/springboot/app/contabilidad-backend/vendor/laravel/framework/src/Illuminate/Pipeline/Pipeline.php(219): Illuminate\\Http\\Middleware\\ValidatePostSize->handle(Object(Illuminate\\Http\\Request), Object(Closure))
#37 /Users/mariopazmino/Desktop/springboot/app/contabilidad-backend/vendor/laravel/framework/src/Illuminate/Foundation/Http/Middleware/PreventRequestsDuringMaintenance.php(109): Illuminate\\Pipeline\\Pipeline->{closure:{closure:Illuminate\\Pipeline\\Pipeline::carry():194}:195}(Object(Illuminate\\Http\\Request))
#38 /Users/mariopazmino/Desktop/springboot/app/contabilidad-backend/vendor/laravel/framework/src/Illuminate/Pipeline/Pipeline.php(219): Illuminate\\Foundation\\Http\\Middleware\\PreventRequestsDuringMaintenance->handle(Object(Illuminate\\Http\\Request), Object(Closure))
#39 /Users/mariopazmino/Desktop/springboot/app/contabilidad-backend/vendor/laravel/framework/src/Illuminate/Http/Middleware/HandleCors.php(74): Illuminate\\Pipeline\\Pipeline->{closure:{closure:Illuminate\\Pipeline\\Pipeline::carry():194}:195}(Object(Illuminate\\Http\\Request))
#40 /Users/mariopazmino/Desktop/springboot/app/contabilidad-backend/vendor/laravel/framework/src/Illuminate/Pipeline/Pipeline.php(219): Illuminate\\Http\\Middleware\\HandleCors->handle(Object(Illuminate\\Http\\Request), Object(Closure))
#41 /Users/mariopazmino/Desktop/springboot/app/contabilidad-backend/vendor/laravel/framework/src/Illuminate/Http/Middleware/TrustProxies.php(58): Illuminate\\Pipeline\\Pipeline->{closure:{closure:Illuminate\\Pipeline\\Pipeline::carry():194}:195}(Object(Illuminate\\Http\\Request))
#42 /Users/mariopazmino/Desktop/springboot/app/contabilidad-backend/vendor/laravel/framework/src/Illuminate/Pipeline/Pipeline.php(219): Illuminate\\Http\\Middleware\\TrustProxies->handle(Object(Illuminate\\Http\\Request), Object(Closure))
#43 /Users/mariopazmino/Desktop/springboot/app/contabilidad-backend/vendor/laravel/framework/src/Illuminate/Foundation/Http/Middleware/InvokeDeferredCallbacks.php(22): Illuminate\\Pipeline\\Pipeline->{closure:{closure:Illuminate\\Pipeline\\Pipeline::carry():194}:195}(Object(Illuminate\\Http\\Request))
#44 /Users/mariopazmino/Desktop/springboot/app/contabilidad-backend/vendor/laravel/framework/src/Illuminate/Pipeline/Pipeline.php(219): Illuminate\\Foundation\\Http\\Middleware\\InvokeDeferredCallbacks->handle(Object(Illuminate\\Http\\Request), Object(Closure))
#45 /Users/mariopazmino/Desktop/springboot/app/contabilidad-backend/vendor/laravel/framework/src/Illuminate/Http/Middleware/ValidatePathEncoding.php(28): Illuminate\\Pipeline\\Pipeline->{closure:{closure:Illuminate\\Pipeline\\Pipeline::carry():194}:195}(Object(Illuminate\\Http\\Request))
#46 /Users/mariopazmino/Desktop/springboot/app/contabilidad-backend/vendor/laravel/framework/src/Illuminate/Pipeline/Pipeline.php(219): Illuminate\\Http\\Middleware\\ValidatePathEncoding->handle(Object(Illuminate\\Http\\Request), Object(Closure))
#47 /Users/mariopazmino/Desktop/springboot/app/contabilidad-backend/vendor/laravel/framework/src/Illuminate/Pipeline/Pipeline.php(137): Illuminate\\Pipeline\\Pipeline->{closure:{closure:Illuminate\\Pipeline\\Pipeline::carry():194}:195}(Object(Illuminate\\Http\\Request))
#48 /Users/mariopazmino/Desktop/springboot/app/contabilidad-backend/vendor/laravel/framework/src/Illuminate/Foundation/Http/Kernel.php(175): Illuminate\\Pipeline\\Pipeline->then(Object(Closure))
#49 /Users/mariopazmino/Desktop/springboot/app/contabilidad-backend/vendor/laravel/framework/src/Illuminate/Foundation/Http/Kernel.php(144): Illuminate\\Foundation\\Http\\Kernel->sendRequestThroughRouter(Object(Illuminate\\Http\\Request))
#50 /Users/mariopazmino/Desktop/springboot/app/contabilidad-backend/vendor/laravel/framework/src/Illuminate/Foundation/Application.php(1220): Illuminate\\Foundation\\Http\\Kernel->handle(Object(Illuminate\\Http\\Request))
#51 /Users/mariopazmino/Desktop/springboot/app/contabilidad-backend/public/index.php(20): Illuminate\\Foundation\\Application->handleRequest(Object(Illuminate\\Http\\Request))
#52 /Users/mariopazmino/Desktop/springboot/app/contabilidad-backend/vendor/laravel/framework/src/Illuminate/Foundation/resources/server.php(23): require_once('/Users/mariopaz...')
#53 {main}
"} 
[2026-07-15 21:12:21] local.ERROR: The "--columns" option does not exist. {"exception":"[object] (Symfony\\Component\\Console\\Exception\\RuntimeException(code: 0): The \"--columns\" option does not exist. at /Users/mariopazmino/Desktop/springboot/app/contabilidad-backend/vendor/symfony/console/Input/ArgvInput.php:226)
[stacktrace]
#0 /Users/mariopazmino/Desktop/springboot/app/contabilidad-backend/vendor/symfony/console/Input/ArgvInput.php(153): Symfony\\Component\\Console\\Input\\ArgvInput->addLongOption('columns', 'method,uri,name')
#1 /Users/mariopazmino/Desktop/springboot/app/contabilidad-backend/vendor/symfony/console/Input/ArgvInput.php(88): Symfony\\Component\\Console\\Input\\ArgvInput->parseLongOption('--columns=metho...')
#2 /Users/mariopazmino/Desktop/springboot/app/contabilidad-backend/vendor/symfony/console/Input/ArgvInput.php(77): Symfony\\Component\\Console\\Input\\ArgvInput->parseToken('--columns=metho...', true)
#3 /Users/mariopazmino/Desktop/springboot/app/contabilidad-backend/vendor/symfony/console/Input/Input.php(53): Symfony\\Component\\Console\\Input\\ArgvInput->parse()
#4 /Users/mariopazmino/Desktop/springboot/app/contabilidad-backend/vendor/symfony/console/Command/Command.php(238): Symfony\\Component\\Console\\Input\\Input->bind(Object(Symfony\\Component\\Console\\Input\\InputDefinition))
#5 /Users/mariopazmino/Desktop/springboot/app/contabilidad-backend/vendor/laravel/framework/src/Illuminate/Console/Command.php(249): Symfony\\Component\\Console\\Command\\Command->run(Object(Symfony\\Component\\Console\\Input\\ArgvInput), Object(Laravel\\Pao\\Laravel\\PaoOutputStyle))
#6 /Users/mariopazmino/Desktop/springboot/app/contabilidad-backend/vendor/symfony/console/Application.php(1144): Illuminate\\Console\\Command->run(Object(Symfony\\Component\\Console\\Input\\ArgvInput), Object(Symfony\\Component\\Console\\Output\\ConsoleOutput))
#7 /Users/mariopazmino/Desktop/springboot/app/contabilidad-backend/vendor/symfony/console/Application.php(379): Symfony\\Component\\Console\\Application->doRunCommand(Object(Illuminate\\Foundation\\Console\\RouteListCommand), Object(Symfony\\Component\\Console\\Input\\ArgvInput), Object(Symfony\\Component\\Console\\Output\\ConsoleOutput))
#8 /Users/mariopazmino/Desktop/springboot/app/contabilidad-backend/vendor/symfony/console/Application.php(218): Symfony\\Component\\Console\\Application->doRun(Object(Symfony\\Component\\Console\\Input\\ArgvInput), Object(Symfony\\Component\\Console\\Output\\ConsoleOutput))
#9 /Users/mariopazmino/Desktop/springboot/app/contabilidad-backend/vendor/laravel/framework/src/Illuminate/Foundation/Console/Kernel.php(198): Symfony\\Component\\Console\\Application->run(Object(Symfony\\Component\\Console\\Input\\ArgvInput), Object(Symfony\\Component\\Console\\Output\\ConsoleOutput))
#10 /Users/mariopazmino/Desktop/springboot/app/contabilidad-backend/vendor/laravel/framework/src/Illuminate/Foundation/Application.php(1235): Illuminate\\Foundation\\Console\\Kernel->handle(Object(Symfony\\Component\\Console\\Input\\ArgvInput), Object(Symfony\\Component\\Console\\Output\\ConsoleOutput))
#11 /Users/mariopazmino/Desktop/springboot/app/contabilidad-backend/artisan(16): Illuminate\\Foundation\\Application->handleCommand(Object(Symfony\\Component\\Console\\Input\\ArgvInput))
#12 {main}
"} 
[2026-07-17 19:38:02] local.ERROR: The "--compact" option does not exist. {"exception":"[object] (Symfony\\Component\\Console\\Exception\\RuntimeException(code: 0): The \"--compact\" option does not exist. at /Users/mariopazmino/Desktop/springboot/app/contabilidad-backend/vendor/symfony/console/Input/ArgvInput.php:226)
[stacktrace]
#0 /Users/mariopazmino/Desktop/springboot/app/contabilidad-backend/vendor/symfony/console/Input/ArgvInput.php(155): Symfony\\Component\\Console\\Input\\ArgvInput->addLongOption('compact', NULL)
#1 /Users/mariopazmino/Desktop/springboot/app/contabilidad-backend/vendor/symfony/console/Input/ArgvInput.php(88): Symfony\\Component\\Console\\Input\\ArgvInput->parseLongOption('--compact')
#2 /Users/mariopazmino/Desktop/springboot/app/contabilidad-backend/vendor/symfony/console/Input/ArgvInput.php(77): Symfony\\Component\\Console\\Input\\ArgvInput->parseToken('--compact', true)
#3 /Users/mariopazmino/Desktop/springboot/app/contabilidad-backend/vendor/symfony/console/Input/Input.php(53): Symfony\\Component\\Console\\Input\\ArgvInput->parse()
#4 /Users/mariopazmino/Desktop/springboot/app/contabilidad-backend/vendor/symfony/console/Command/Command.php(238): Symfony\\Component\\Console\\Input\\Input->bind(Object(Symfony\\Component\\Console\\Input\\InputDefinition))
#5 /Users/mariopazmino/Desktop/springboot/app/contabilidad-backend/vendor/laravel/framework/src/Illuminate/Console/Command.php(249): Symfony\\Component\\Console\\Command\\Command->run(Object(Symfony\\Component\\Console\\Input\\ArgvInput), Object(Laravel\\Pao\\Laravel\\PaoOutputStyle))
#6 /Users/mariopazmino/Desktop/springboot/app/contabilidad-backend/vendor/symfony/console/Application.php(1144): Illuminate\\Console\\Command->run(Object(Symfony\\Component\\Console\\Input\\ArgvInput), Object(Symfony\\Component\\Console\\Output\\ConsoleOutput))
#7 /Users/mariopazmino/Desktop/springboot/app/contabilidad-backend/vendor/symfony/console/Application.php(379): Symfony\\Component\\Console\\Application->doRunCommand(Object(Illuminate\\Foundation\\Console\\RouteListCommand), Object(Symfony\\Component\\Console\\Input\\ArgvInput), Object(Symfony\\Component\\Console\\Output\\ConsoleOutput))
#8 /Users/mariopazmino/Desktop/springboot/app/contabilidad-backend/vendor/symfony/console/Application.php(218): Symfony\\Component\\Console\\Application->doRun(Object(Symfony\\Component\\Console\\Input\\ArgvInput), Object(Symfony\\Component\\Console\\Output\\ConsoleOutput))
#9 /Users/mariopazmino/Desktop/springboot/app/contabilidad-backend/vendor/laravel/framework/src/Illuminate/Foundation/Console/Kernel.php(198): Symfony\\Component\\Console\\Application->run(Object(Symfony\\Component\\Console\\Input\\ArgvInput), Object(Symfony\\Component\\Console\\Output\\ConsoleOutput))
#10 /Users/mariopazmino/Desktop/springboot/app/contabilidad-backend/vendor/laravel/framework/src/Illuminate/Foundation/Application.php(1235): Illuminate\\Foundation\\Console\\Kernel->handle(Object(Symfony\\Component\\Console\\Input\\ArgvInput), Object(Symfony\\Component\\Console\\Output\\ConsoleOutput))
#11 /Users/mariopazmino/Desktop/springboot/app/contabilidad-backend/artisan(16): Illuminate\\Foundation\\Application->handleCommand(Object(Symfony\\Component\\Console\\Input\\ArgvInput))
#12 {main}
"} 
[2026-07-18 00:38:29] local.ERROR: SQLSTATE[23000]: Integrity constraint violation: 19 FOREIGN KEY constraint failed (Connection: sqlite, Database: /Users/mariopazmino/Desktop/springboot/app/contabilidad-backend/database/database.sqlite, SQL: delete from "contacts" where "id" = 7) {"userId":1,"exception":"[object] (Illuminate\\Database\\QueryException(code: 23000): SQLSTATE[23000]: Integrity constraint violation: 19 FOREIGN KEY constraint failed (Connection: sqlite, Database: /Users/mariopazmino/Desktop/springboot/app/contabilidad-backend/database/database.sqlite, SQL: delete from \"contacts\" where \"id\" = 7) at /Users/mariopazmino/Desktop/springboot/app/contabilidad-backend/vendor/laravel/framework/src/Illuminate/Database/Connection.php:857)
[stacktrace]
#0 /Users/mariopazmino/Desktop/springboot/app/contabilidad-backend/vendor/laravel/framework/src/Illuminate/Database/Connection.php(813): Illuminate\\Database\\Connection->runQueryCallback('delete from \"co...', Array, Object(Closure))
#1 /Users/mariopazmino/Desktop/springboot/app/contabilidad-backend/vendor/laravel/framework/src/Illuminate/Database/Connection.php(614): Illuminate\\Database\\Connection->run('delete from \"co...', Array, Object(Closure))
#2 /Users/mariopazmino/Desktop/springboot/app/contabilidad-backend/vendor/laravel/framework/src/Illuminate/Database/Connection.php(578): Illuminate\\Database\\Connection->affectingStatement('delete from \"co...', Array)
#3 /Users/mariopazmino/Desktop/springboot/app/contabilidad-backend/vendor/laravel/framework/src/Illuminate/Database/Query/Builder.php(4520): Illuminate\\Database\\Connection->delete('delete from \"co...', Array)
#4 /Users/mariopazmino/Desktop/springboot/app/contabilidad-backend/vendor/laravel/framework/src/Illuminate/Database/Eloquent/Builder.php(1514): Illuminate\\Database\\Query\\Builder->delete()
#5 /Users/mariopazmino/Desktop/springboot/app/contabilidad-backend/vendor/laravel/framework/src/Illuminate/Database/Eloquent/Model.php(1804): Illuminate\\Database\\Eloquent\\Builder->delete()
#6 /Users/mariopazmino/Desktop/springboot/app/contabilidad-backend/vendor/laravel/framework/src/Illuminate/Database/Eloquent/Model.php(1736): Illuminate\\Database\\Eloquent\\Model->performDeleteOnModel()
#7 /Users/mariopazmino/Desktop/springboot/app/contabilidad-backend/app/Http/Controllers/ContactController.php(22): Illuminate\\Database\\Eloquent\\Model->delete()
#8 /Users/mariopazmino/Desktop/springboot/app/contabilidad-backend/vendor/laravel/framework/src/Illuminate/Routing/ControllerDispatcher.php(46): App\\Http\\Controllers\\ContactController->destroy(Object(App\\Models\\Contact))
#9 /Users/mariopazmino/Desktop/springboot/app/contabilidad-backend/vendor/laravel/framework/src/Illuminate/Routing/Route.php(275): Illuminate\\Routing\\ControllerDispatcher->dispatch(Object(Illuminate\\Routing\\Route), Object(App\\Http\\Controllers\\ContactController), 'destroy')
#10 /Users/mariopazmino/Desktop/springboot/app/contabilidad-backend/vendor/laravel/framework/src/Illuminate/Routing/Route.php(215): Illuminate\\Routing\\Route->runController()
#11 /Users/mariopazmino/Desktop/springboot/app/contabilidad-backend/vendor/laravel/framework/src/Illuminate/Routing/Router.php(822): Illuminate\\Routing\\Route->run()
#12 /Users/mariopazmino/Desktop/springboot/app/contabilidad-backend/vendor/laravel/framework/src/Illuminate/Pipeline/Pipeline.php(180): Illuminate\\Routing\\Router->{closure:Illuminate\\Routing\\Router::runRouteWithinStack():821}(Object(Illuminate\\Http\\Request))
#13 /Users/mariopazmino/Desktop/springboot/app/contabilidad-backend/vendor/laravel/framework/src/Illuminate/Routing/Middleware/SubstituteBindings.php(52): Illuminate\\Pipeline\\Pipeline->{closure:Illuminate\\Pipeline\\Pipeline::prepareDestination():178}(Object(Illuminate\\Http\\Request))
#14 /Users/mariopazmino/Desktop/springboot/app/contabilidad-backend/vendor/laravel/framework/src/Illuminate/Pipeline/Pipeline.php(219): Illuminate\\Routing\\Middleware\\SubstituteBindings->handle(Object(Illuminate\\Http\\Request), Object(Closure))
#15 /Users/mariopazmino/Desktop/springboot/app/contabilidad-backend/vendor/laravel/framework/src/Illuminate/Auth/Middleware/Authenticate.php(63): Illuminate\\Pipeline\\Pipeline->{closure:{closure:Illuminate\\Pipeline\\Pipeline::carry():194}:195}(Object(Illuminate\\Http\\Request))
#16 /Users/mariopazmino/Desktop/springboot/app/contabilidad-backend/vendor/laravel/framework/src/Illuminate/Pipeline/Pipeline.php(219): Illuminate\\Auth\\Middleware\\Authenticate->handle(Object(Illuminate\\Http\\Request), Object(Closure), 'sanctum')
#17 /Users/mariopazmino/Desktop/springboot/app/contabilidad-backend/vendor/laravel/framework/src/Illuminate/Pipeline/Pipeline.php(137): Illuminate\\Pipeline\\Pipeline->{closure:{closure:Illuminate\\Pipeline\\Pipeline::carry():194}:195}(Object(Illuminate\\Http\\Request))
#18 /Users/mariopazmino/Desktop/springboot/app/contabilidad-backend/vendor/laravel/framework/src/Illuminate/Routing/Router.php(821): Illuminate\\Pipeline\\Pipeline->then(Object(Closure))
#19 /Users/mariopazmino/Desktop/springboot/app/contabilidad-backend/vendor/laravel/framework/src/Illuminate/Routing/Router.php(800): Illuminate\\Routing\\Router->runRouteWithinStack(Object(Illuminate\\Routing\\Route), Object(Illuminate\\Http\\Request))
#20 /Users/mariopazmino/Desktop/springboot/app/contabilidad-backend/vendor/laravel/framework/src/Illuminate/Routing/Router.php(764): Illuminate\\Routing\\Router->runRoute(Object(Illuminate\\Http\\Request), Object(Illuminate\\Routing\\Route))
#21 /Users/mariopazmino/Desktop/springboot/app/contabilidad-backend/vendor/laravel/framework/src/Illuminate/Routing/Router.php(753): Illuminate\\Routing\\Router->dispatchToRoute(Object(Illuminate\\Http\\Request))
#22 /Users/mariopazmino/Desktop/springboot/app/contabilidad-backend/vendor/laravel/framework/src/Illuminate/Foundation/Http/Kernel.php(200): Illuminate\\Routing\\Router->dispatch(Object(Illuminate\\Http\\Request))
#23 /Users/mariopazmino/Desktop/springboot/app/contabilidad-backend/vendor/laravel/framework/src/Illuminate/Pipeline/Pipeline.php(180): Illuminate\\Foundation\\Http\\Kernel->{closure:Illuminate\\Foundation\\Http\\Kernel::dispatchToRouter():197}(Object(Illuminate\\Http\\Request))
#24 /Users/mariopazmino/Desktop/springboot/app/contabilidad-backend/vendor/laravel/framework/src/Illuminate/Foundation/Http/Middleware/TransformsRequest.php(21): Illuminate\\Pipeline\\Pipeline->{closure:Illuminate\\Pipeline\\Pipeline::prepareDestination():178}(Object(Illuminate\\Http\\Request))
#25 /Users/mariopazmino/Desktop/springboot/app/contabilidad-backend/vendor/laravel/framework/src/Illuminate/Foundation/Http/Middleware/ConvertEmptyStringsToNull.php(31): Illuminate\\Foundation\\Http\\Middleware\\TransformsRequest->handle(Object(Illuminate\\Http\\Request), Object(Closure))
#26 /Users/mariopazmino/Desktop/springboot/app/contabilidad-backend/vendor/laravel/framework/src/Illuminate/Pipeline/Pipeline.php(219): Illuminate\\Foundation\\Http\\Middleware\\ConvertEmptyStringsToNull->handle(Object(Illuminate\\Http\\Request), Object(Closure))
#27 /Users/mariopazmino/Desktop/springboot/app/contabilidad-backend/vendor/laravel/framework/src/Illuminate/Foundation/Http/Middleware/TransformsRequest.php(21): Illuminate\\Pipeline\\Pipeline->{closure:{closure:Illuminate\\Pipeline\\Pipeline::carry():194}:195}(Object(Illuminate\\Http\\Request))
#28 /Users/mariopazmino/Desktop/springboot/app/contabilidad-backend/vendor/laravel/framework/src/Illuminate/Foundation/Http/Middleware/TrimStrings.php(51): Illuminate\\Foundation\\Http\\Middleware\\TransformsRequest->handle(Object(Illuminate\\Http\\Request), Object(Closure))
#29 /Users/mariopazmino/Desktop/springboot/app/contabilidad-backend/vendor/laravel/framework/src/Illuminate/Pipeline/Pipeline.php(219): Illuminate\\Foundation\\Http\\Middleware\\TrimStrings->handle(Object(Illuminate\\Http\\Request), Object(Closure))
#30 /Users/mariopazmino/Desktop/springboot/app/contabilidad-backend/vendor/laravel/framework/src/Illuminate/Http/Middleware/ValidatePostSize.php(27): Illuminate\\Pipeline\\Pipeline->{closure:{closure:Illuminate\\Pipeline\\Pipeline::carry():194}:195}(Object(Illuminate\\Http\\Request))
#31 /Users/mariopazmino/Desktop/springboot/app/contabilidad-backend/vendor/laravel/framework/src/Illuminate/Pipeline/Pipeline.php(219): Illuminate\\Http\\Middleware\\ValidatePostSize->handle(Object(Illuminate\\Http\\Request), Object(Closure))
#32 /Users/mariopazmino/Desktop/springboot/app/contabilidad-backend/vendor/laravel/framework/src/Illuminate/Foundation/Http/Middleware/PreventRequestsDuringMaintenance.php(109): Illuminate\\Pipeline\\Pipeline->{closure:{closure:Illuminate\\Pipeline\\Pipeline::carry():194}:195}(Object(Illuminate\\Http\\Request))
#33 /Users/mariopazmino/Desktop/springboot/app/contabilidad-backend/vendor/laravel/framework/src/Illuminate/Pipeline/Pipeline.php(219): Illuminate\\Foundation\\Http\\Middleware\\PreventRequestsDuringMaintenance->handle(Object(Illuminate\\Http\\Request), Object(Closure))
#34 /Users/mariopazmino/Desktop/springboot/app/contabilidad-backend/vendor/laravel/framework/src/Illuminate/Http/Middleware/HandleCors.php(74): Illuminate\\Pipeline\\Pipeline->{closure:{closure:Illuminate\\Pipeline\\Pipeline::carry():194}:195}(Object(Illuminate\\Http\\Request))
#35 /Users/mariopazmino/Desktop/springboot/app/contabilidad-backend/vendor/laravel/framework/src/Illuminate/Pipeline/Pipeline.php(219): Illuminate\\Http\\Middleware\\HandleCors->handle(Object(Illuminate\\Http\\Request), Object(Closure))
#36 /Users/mariopazmino/Desktop/springboot/app/contabilidad-backend/vendor/laravel/framework/src/Illuminate/Http/Middleware/TrustProxies.php(58): Illuminate\\Pipeline\\Pipeline->{closure:{closure:Illuminate\\Pipeline\\Pipeline::carry():194}:195}(Object(Illuminate\\Http\\Request))
#37 /Users/mariopazmino/Desktop/springboot/app/contabilidad-backend/vendor/laravel/framework/src/Illuminate/Pipeline/Pipeline.php(219): Illuminate\\Http\\Middleware\\TrustProxies->handle(Object(Illuminate\\Http\\Request), Object(Closure))
#38 /Users/mariopazmino/Desktop/springboot/app/contabilidad-backend/vendor/laravel/framework/src/Illuminate/Foundation/Http/Middleware/InvokeDeferredCallbacks.php(22): Illuminate\\Pipeline\\Pipeline->{closure:{closure:Illuminate\\Pipeline\\Pipeline::carry():194}:195}(Object(Illuminate\\Http\\Request))
#39 /Users/mariopazmino/Desktop/springboot/app/contabilidad-backend/vendor/laravel/framework/src/Illuminate/Pipeline/Pipeline.php(219): Illuminate\\Foundation\\Http\\Middleware\\InvokeDeferredCallbacks->handle(Object(Illuminate\\Http\\Request), Object(Closure))
#40 /Users/mariopazmino/Desktop/springboot/app/contabilidad-backend/vendor/laravel/framework/src/Illuminate/Http/Middleware/ValidatePathEncoding.php(28): Illuminate\\Pipeline\\Pipeline->{closure:{closure:Illuminate\\Pipeline\\Pipeline::carry():194}:195}(Object(Illuminate\\Http\\Request))
#41 /Users/mariopazmino/Desktop/springboot/app/contabilidad-backend/vendor/laravel/framework/src/Illuminate/Pipeline/Pipeline.php(219): Illuminate\\Http\\Middleware\\ValidatePathEncoding->handle(Object(Illuminate\\Http\\Request), Object(Closure))
#42 /Users/mariopazmino/Desktop/springboot/app/contabilidad-backend/vendor/laravel/framework/src/Illuminate/Pipeline/Pipeline.php(137): Illuminate\\Pipeline\\Pipeline->{closure:{closure:Illuminate\\Pipeline\\Pipeline::carry():194}:195}(Object(Illuminate\\Http\\Request))
#43 /Users/mariopazmino/Desktop/springboot/app/contabilidad-backend/vendor/laravel/framework/src/Illuminate/Foundation/Http/Kernel.php(175): Illuminate\\Pipeline\\Pipeline->then(Object(Closure))
#44 /Users/mariopazmino/Desktop/springboot/app/contabilidad-backend/vendor/laravel/framework/src/Illuminate/Foundation/Http/Kernel.php(144): Illuminate\\Foundation\\Http\\Kernel->sendRequestThroughRouter(Object(Illuminate\\Http\\Request))
#45 /Users/mariopazmino/Desktop/springboot/app/contabilidad-backend/vendor/laravel/framework/src/Illuminate/Foundation/Application.php(1220): Illuminate\\Foundation\\Http\\Kernel->handle(Object(Illuminate\\Http\\Request))
#46 /Users/mariopazmino/Desktop/springboot/app/contabilidad-backend/public/index.php(20): Illuminate\\Foundation\\Application->handleRequest(Object(Illuminate\\Http\\Request))
#47 /Users/mariopazmino/Desktop/springboot/app/contabilidad-backend/vendor/laravel/framework/src/Illuminate/Foundation/resources/server.php(23): require_once('/Users/mariopaz...')
#48 {main}

[previous exception] [object] (PDOException(code: 23000): SQLSTATE[23000]: Integrity constraint violation: 19 FOREIGN KEY constraint failed at /Users/mariopazmino/Desktop/springboot/app/contabilidad-backend/vendor/laravel/framework/src/Illuminate/Database/Connection.php:626)
[stacktrace]
#0 /Users/mariopazmino/Desktop/springboot/app/contabilidad-backend/vendor/laravel/framework/src/Illuminate/Database/Connection.php(626): PDOStatement->execute()
#1 /Users/mariopazmino/Desktop/springboot/app/contabilidad-backend/vendor/laravel/framework/src/Illuminate/Database/Connection.php(846): Illuminate\\Database\\Connection->{closure:Illuminate\\Database\\Connection::affectingStatement():614}('delete from \"co...', Array)
#2 /Users/mariopazmino/Desktop/springboot/app/contabilidad-backend/vendor/laravel/framework/src/Illuminate/Database/Connection.php(813): Illuminate\\Database\\Connection->runQueryCallback('delete from \"co...', Array, Object(Closure))
#3 /Users/mariopazmino/Desktop/springboot/app/contabilidad-backend/vendor/laravel/framework/src/Illuminate/Database/Connection.php(614): Illuminate\\Database\\Connection->run('delete from \"co...', Array, Object(Closure))
#4 /Users/mariopazmino/Desktop/springboot/app/contabilidad-backend/vendor/laravel/framework/src/Illuminate/Database/Connection.php(578): Illuminate\\Database\\Connection->affectingStatement('delete from \"co...', Array)
#5 /Users/mariopazmino/Desktop/springboot/app/contabilidad-backend/vendor/laravel/framework/src/Illuminate/Database/Query/Builder.php(4520): Illuminate\\Database\\Connection->delete('delete from \"co...', Array)
#6 /Users/mariopazmino/Desktop/springboot/app/contabilidad-backend/vendor/laravel/framework/src/Illuminate/Database/Eloquent/Builder.php(1514): Illuminate\\Database\\Query\\Builder->delete()
#7 /Users/mariopazmino/Desktop/springboot/app/contabilidad-backend/vendor/laravel/framework/src/Illuminate/Database/Eloquent/Model.php(1804): Illuminate\\Database\\Eloquent\\Builder->delete()
#8 /Users/mariopazmino/Desktop/springboot/app/contabilidad-backend/vendor/laravel/framework/src/Illuminate/Database/Eloquent/Model.php(1736): Illuminate\\Database\\Eloquent\\Model->performDeleteOnModel()
#9 /Users/mariopazmino/Desktop/springboot/app/contabilidad-backend/app/Http/Controllers/ContactController.php(22): Illuminate\\Database\\Eloquent\\Model->delete()
#10 /Users/mariopazmino/Desktop/springboot/app/contabilidad-backend/vendor/laravel/framework/src/Illuminate/Routing/ControllerDispatcher.php(46): App\\Http\\Controllers\\ContactController->destroy(Object(App\\Models\\Contact))
#11 /Users/mariopazmino/Desktop/springboot/app/contabilidad-backend/vendor/laravel/framework/src/Illuminate/Routing/Route.php(275): Illuminate\\Routing\\ControllerDispatcher->dispatch(Object(Illuminate\\Routing\\Route), Object(App\\Http\\Controllers\\ContactController), 'destroy')
#12 /Users/mariopazmino/Desktop/springboot/app/contabilidad-backend/vendor/laravel/framework/src/Illuminate/Routing/Route.php(215): Illuminate\\Routing\\Route->runController()
#13 /Users/mariopazmino/Desktop/springboot/app/contabilidad-backend/vendor/laravel/framework/src/Illuminate/Routing/Router.php(822): Illuminate\\Routing\\Route->run()
#14 /Users/mariopazmino/Desktop/springboot/app/contabilidad-backend/vendor/laravel/framework/src/Illuminate/Pipeline/Pipeline.php(180): Illuminate\\Routing\\Router->{closure:Illuminate\\Routing\\Router::runRouteWithinStack():821}(Object(Illuminate\\Http\\Request))
#15 /Users/mariopazmino/Desktop/springboot/app/contabilidad-backend/vendor/laravel/framework/src/Illuminate/Routing/Middleware/SubstituteBindings.php(52): Illuminate\\Pipeline\\Pipeline->{closure:Illuminate\\Pipeline\\Pipeline::prepareDestination():178}(Object(Illuminate\\Http\\Request))
#16 /Users/mariopazmino/Desktop/springboot/app/contabilidad-backend/vendor/laravel/framework/src/Illuminate/Pipeline/Pipeline.php(219): Illuminate\\Routing\\Middleware\\SubstituteBindings->handle(Object(Illuminate\\Http\\Request), Object(Closure))
#17 /Users/mariopazmino/Desktop/springboot/app/contabilidad-backend/vendor/laravel/framework/src/Illuminate/Auth/Middleware/Authenticate.php(63): Illuminate\\Pipeline\\Pipeline->{closure:{closure:Illuminate\\Pipeline\\Pipeline::carry():194}:195}(Object(Illuminate\\Http\\Request))
#18 /Users/mariopazmino/Desktop/springboot/app/contabilidad-backend/vendor/laravel/framework/src/Illuminate/Pipeline/Pipeline.php(219): Illuminate\\Auth\\Middleware\\Authenticate->handle(Object(Illuminate\\Http\\Request), Object(Closure), 'sanctum')
#19 /Users/mariopazmino/Desktop/springboot/app/contabilidad-backend/vendor/laravel/framework/src/Illuminate/Pipeline/Pipeline.php(137): Illuminate\\Pipeline\\Pipeline->{closure:{closure:Illuminate\\Pipeline\\Pipeline::carry():194}:195}(Object(Illuminate\\Http\\Request))
#20 /Users/mariopazmino/Desktop/springboot/app/contabilidad-backend/vendor/laravel/framework/src/Illuminate/Routing/Router.php(821): Illuminate\\Pipeline\\Pipeline->then(Object(Closure))
#21 /Users/mariopazmino/Desktop/springboot/app/contabilidad-backend/vendor/laravel/framework/src/Illuminate/Routing/Router.php(800): Illuminate\\Routing\\Router->runRouteWithinStack(Object(Illuminate\\Routing\\Route), Object(Illuminate\\Http\\Request))
#22 /Users/mariopazmino/Desktop/springboot/app/contabilidad-backend/vendor/laravel/framework/src/Illuminate/Routing/Router.php(764): Illuminate\\Routing\\Router->runRoute(Object(Illuminate\\Http\\Request), Object(Illuminate\\Routing\\Route))
#23 /Users/mariopazmino/Desktop/springboot/app/contabilidad-backend/vendor/laravel/framework/src/Illuminate/Routing/Router.php(753): Illuminate\\Routing\\Router->dispatchToRoute(Object(Illuminate\\Http\\Request))
#24 /Users/mariopazmino/Desktop/springboot/app/contabilidad-backend/vendor/laravel/framework/src/Illuminate/Foundation/Http/Kernel.php(200): Illuminate\\Routing\\Router->dispatch(Object(Illuminate\\Http\\Request))
#25 /Users/mariopazmino/Desktop/springboot/app/contabilidad-backend/vendor/laravel/framework/src/Illuminate/Pipeline/Pipeline.php(180): Illuminate\\Foundation\\Http\\Kernel->{closure:Illuminate\\Foundation\\Http\\Kernel::dispatchToRouter():197}(Object(Illuminate\\Http\\Request))
#26 /Users/mariopazmino/Desktop/springboot/app/contabilidad-backend/vendor/laravel/framework/src/Illuminate/Foundation/Http/Middleware/TransformsRequest.php(21): Illuminate\\Pipeline\\Pipeline->{closure:Illuminate\\Pipeline\\Pipeline::prepareDestination():178}(Object(Illuminate\\Http\\Request))
#27 /Users/mariopazmino/Desktop/springboot/app/contabilidad-backend/vendor/laravel/framework/src/Illuminate/Foundation/Http/Middleware/ConvertEmptyStringsToNull.php(31): Illuminate\\Foundation\\Http\\Middleware\\TransformsRequest->handle(Object(Illuminate\\Http\\Request), Object(Closure))
#28 /Users/mariopazmino/Desktop/springboot/app/contabilidad-backend/vendor/laravel/framework/src/Illuminate/Pipeline/Pipeline.php(219): Illuminate\\Foundation\\Http\\Middleware\\ConvertEmptyStringsToNull->handle(Object(Illuminate\\Http\\Request), Object(Closure))
#29 /Users/mariopazmino/Desktop/springboot/app/contabilidad-backend/vendor/laravel/framework/src/Illuminate/Foundation/Http/Middleware/TransformsRequest.php(21): Illuminate\\Pipeline\\Pipeline->{closure:{closure:Illuminate\\Pipeline\\Pipeline::carry():194}:195}(Object(Illuminate\\Http\\Request))
#30 /Users/mariopazmino/Desktop/springboot/app/contabilidad-backend/vendor/laravel/framework/src/Illuminate/Foundation/Http/Middleware/TrimStrings.php(51): Illuminate\\Foundation\\Http\\Middleware\\TransformsRequest->handle(Object(Illuminate\\Http\\Request), Object(Closure))
#31 /Users/mariopazmino/Desktop/springboot/app/contabilidad-backend/vendor/laravel/framework/src/Illuminate/Pipeline/Pipeline.php(219): Illuminate\\Foundation\\Http\\Middleware\\TrimStrings->handle(Object(Illuminate\\Http\\Request), Object(Closure))
#32 /Users/mariopazmino/Desktop/springboot/app/contabilidad-backend/vendor/laravel/framework/src/Illuminate/Http/Middleware/ValidatePostSize.php(27): Illuminate\\Pipeline\\Pipeline->{closure:{closure:Illuminate\\Pipeline\\Pipeline::carry():194}:195}(Object(Illuminate\\Http\\Request))
#33 /Users/mariopazmino/Desktop/springboot/app/contabilidad-backend/vendor/laravel/framework/src/Illuminate/Pipeline/Pipeline.php(219): Illuminate\\Http\\Middleware\\ValidatePostSize->handle(Object(Illuminate\\Http\\Request), Object(Closure))
#34 /Users/mariopazmino/Desktop/springboot/app/contabilidad-backend/vendor/laravel/framework/src/Illuminate/Foundation/Http/Middleware/PreventRequestsDuringMaintenance.php(109): Illuminate\\Pipeline\\Pipeline->{closure:{closure:Illuminate\\Pipeline\\Pipeline::carry():194}:195}(Object(Illuminate\\Http\\Request))
#35 /Users/mariopazmino/Desktop/springboot/app/contabilidad-backend/vendor/laravel/framework/src/Illuminate/Pipeline/Pipeline.php(219): Illuminate\\Foundation\\Http\\Middleware\\PreventRequestsDuringMaintenance->handle(Object(Illuminate\\Http\\Request), Object(Closure))
#36 /Users/mariopazmino/Desktop/springboot/app/contabilidad-backend/vendor/laravel/framework/src/Illuminate/Http/Middleware/HandleCors.php(74): Illuminate\\Pipeline\\Pipeline->{closure:{closure:Illuminate\\Pipeline\\Pipeline::carry():194}:195}(Object(Illuminate\\Http\\Request))
#37 /Users/mariopazmino/Desktop/springboot/app/contabilidad-backend/vendor/laravel/framework/src/Illuminate/Pipeline/Pipeline.php(219): Illuminate\\Http\\Middleware\\HandleCors->handle(Object(Illuminate\\Http\\Request), Object(Closure))
#38 /Users/mariopazmino/Desktop/springboot/app/contabilidad-backend/vendor/laravel/framework/src/Illuminate/Http/Middleware/TrustProxies.php(58): Illuminate\\Pipeline\\Pipeline->{closure:{closure:Illuminate\\Pipeline\\Pipeline::carry():194}:195}(Object(Illuminate\\Http\\Request))
#39 /Users/mariopazmino/Desktop/springboot/app/contabilidad-backend/vendor/laravel/framework/src/Illuminate/Pipeline/Pipeline.php(219): Illuminate\\Http\\Middleware\\TrustProxies->handle(Object(Illuminate\\Http\\Request), Object(Closure))
#40 /Users/mariopazmino/Desktop/springboot/app/contabilidad-backend/vendor/laravel/framework/src/Illuminate/Foundation/Http/Middleware/InvokeDeferredCallbacks.php(22): Illuminate\\Pipeline\\Pipeline->{closure:{closure:Illuminate\\Pipeline\\Pipeline::carry():194}:195}(Object(Illuminate\\Http\\Request))
#41 /Users/mariopazmino/Desktop/springboot/app/contabilidad-backend/vendor/laravel/framework/src/Illuminate/Pipeline/Pipeline.php(219): Illuminate\\Foundation\\Http\\Middleware\\InvokeDeferredCallbacks->handle(Object(Illuminate\\Http\\Request), Object(Closure))
#42 /Users/mariopazmino/Desktop/springboot/app/contabilidad-backend/vendor/laravel/framework/src/Illuminate/Http/Middleware/ValidatePathEncoding.php(28): Illuminate\\Pipeline\\Pipeline->{closure:{closure:Illuminate\\Pipeline\\Pipeline::carry():194}:195}(Object(Illuminate\\Http\\Request))
#43 /Users/mariopazmino/Desktop/springboot/app/contabilidad-backend/vendor/laravel/framework/src/Illuminate/Pipeline/Pipeline.php(219): Illuminate\\Http\\Middleware\\ValidatePathEncoding->handle(Object(Illuminate\\Http\\Request), Object(Closure))
#44 /Users/mariopazmino/Desktop/springboot/app/contabilidad-backend/vendor/laravel/framework/src/Illuminate/Pipeline/Pipeline.php(137): Illuminate\\Pipeline\\Pipeline->{closure:{closure:Illuminate\\Pipeline\\Pipeline::carry():194}:195}(Object(Illuminate\\Http\\Request))
#45 /Users/mariopazmino/Desktop/springboot/app/contabilidad-backend/vendor/laravel/framework/src/Illuminate/Foundation/Http/Kernel.php(175): Illuminate\\Pipeline\\Pipeline->then(Object(Closure))
#46 /Users/mariopazmino/Desktop/springboot/app/contabilidad-backend/vendor/laravel/framework/src/Illuminate/Foundation/Http/Kernel.php(144): Illuminate\\Foundation\\Http\\Kernel->sendRequestThroughRouter(Object(Illuminate\\Http\\Request))
#47 /Users/mariopazmino/Desktop/springboot/app/contabilidad-backend/vendor/laravel/framework/src/Illuminate/Foundation/Application.php(1220): Illuminate\\Foundation\\Http\\Kernel->handle(Object(Illuminate\\Http\\Request))
#48 /Users/mariopazmino/Desktop/springboot/app/contabilidad-backend/public/index.php(20): Illuminate\\Foundation\\Application->handleRequest(Object(Illuminate\\Http\\Request))
#49 /Users/mariopazmino/Desktop/springboot/app/contabilidad-backend/vendor/laravel/framework/src/Illuminate/Foundation/resources/server.php(23): require_once('/Users/mariopaz...')
#50 {main}
"} 
[2026-07-18 00:38:32] local.ERROR: SQLSTATE[23000]: Integrity constraint violation: 19 FOREIGN KEY constraint failed (Connection: sqlite, Database: /Users/mariopazmino/Desktop/springboot/app/contabilidad-backend/database/database.sqlite, SQL: delete from "contacts" where "id" = 7) {"userId":1,"exception":"[object] (Illuminate\\Database\\QueryException(code: 23000): SQLSTATE[23000]: Integrity constraint violation: 19 FOREIGN KEY constraint failed (Connection: sqlite, Database: /Users/mariopazmino/Desktop/springboot/app/contabilidad-backend/database/database.sqlite, SQL: delete from \"contacts\" where \"id\" = 7) at /Users/mariopazmino/Desktop/springboot/app/contabilidad-backend/vendor/laravel/framework/src/Illuminate/Database/Connection.php:857)
[stacktrace]
#0 /Users/mariopazmino/Desktop/springboot/app/contabilidad-backend/vendor/laravel/framework/src/Illuminate/Database/Connection.php(813): Illuminate\\Database\\Connection->runQueryCallback('delete from \"co...', Array, Object(Closure))
#1 /Users/mariopazmino/Desktop/springboot/app/contabilidad-backend/vendor/laravel/framework/src/Illuminate/Database/Connection.php(614): Illuminate\\Database\\Connection->run('delete from \"co...', Array, Object(Closure))
#2 /Users/mariopazmino/Desktop/springboot/app/contabilidad-backend/vendor/laravel/framework/src/Illuminate/Database/Connection.php(578): Illuminate\\Database\\Connection->affectingStatement('delete from \"co...', Array)
#3 /Users/mariopazmino/Desktop/springboot/app/contabilidad-backend/vendor/laravel/framework/src/Illuminate/Database/Query/Builder.php(4520): Illuminate\\Database\\Connection->delete('delete from \"co...', Array)
#4 /Users/mariopazmino/Desktop/springboot/app/contabilidad-backend/vendor/laravel/framework/src/Illuminate/Database/Eloquent/Builder.php(1514): Illuminate\\Database\\Query\\Builder->delete()
#5 /Users/mariopazmino/Desktop/springboot/app/contabilidad-backend/vendor/laravel/framework/src/Illuminate/Database/Eloquent/Model.php(1804): Illuminate\\Database\\Eloquent\\Builder->delete()
#6 /Users/mariopazmino/Desktop/springboot/app/contabilidad-backend/vendor/laravel/framework/src/Illuminate/Database/Eloquent/Model.php(1736): Illuminate\\Database\\Eloquent\\Model->performDeleteOnModel()
#7 /Users/mariopazmino/Desktop/springboot/app/contabilidad-backend/app/Http/Controllers/ContactController.php(22): Illuminate\\Database\\Eloquent\\Model->delete()
#8 /Users/mariopazmino/Desktop/springboot/app/contabilidad-backend/vendor/laravel/framework/src/Illuminate/Routing/ControllerDispatcher.php(46): App\\Http\\Controllers\\ContactController->destroy(Object(App\\Models\\Contact))
#9 /Users/mariopazmino/Desktop/springboot/app/contabilidad-backend/vendor/laravel/framework/src/Illuminate/Routing/Route.php(275): Illuminate\\Routing\\ControllerDispatcher->dispatch(Object(Illuminate\\Routing\\Route), Object(App\\Http\\Controllers\\ContactController), 'destroy')
#10 /Users/mariopazmino/Desktop/springboot/app/contabilidad-backend/vendor/laravel/framework/src/Illuminate/Routing/Route.php(215): Illuminate\\Routing\\Route->runController()
#11 /Users/mariopazmino/Desktop/springboot/app/contabilidad-backend/vendor/laravel/framework/src/Illuminate/Routing/Router.php(822): Illuminate\\Routing\\Route->run()
#12 /Users/mariopazmino/Desktop/springboot/app/contabilidad-backend/vendor/laravel/framework/src/Illuminate/Pipeline/Pipeline.php(180): Illuminate\\Routing\\Router->{closure:Illuminate\\Routing\\Router::runRouteWithinStack():821}(Object(Illuminate\\Http\\Request))
#13 /Users/mariopazmino/Desktop/springboot/app/contabilidad-backend/vendor/laravel/framework/src/Illuminate/Routing/Middleware/SubstituteBindings.php(52): Illuminate\\Pipeline\\Pipeline->{closure:Illuminate\\Pipeline\\Pipeline::prepareDestination():178}(Object(Illuminate\\Http\\Request))
#14 /Users/mariopazmino/Desktop/springboot/app/contabilidad-backend/vendor/laravel/framework/src/Illuminate/Pipeline/Pipeline.php(219): Illuminate\\Routing\\Middleware\\SubstituteBindings->handle(Object(Illuminate\\Http\\Request), Object(Closure))
#15 /Users/mariopazmino/Desktop/springboot/app/contabilidad-backend/vendor/laravel/framework/src/Illuminate/Auth/Middleware/Authenticate.php(63): Illuminate\\Pipeline\\Pipeline->{closure:{closure:Illuminate\\Pipeline\\Pipeline::carry():194}:195}(Object(Illuminate\\Http\\Request))
#16 /Users/mariopazmino/Desktop/springboot/app/contabilidad-backend/vendor/laravel/framework/src/Illuminate/Pipeline/Pipeline.php(219): Illuminate\\Auth\\Middleware\\Authenticate->handle(Object(Illuminate\\Http\\Request), Object(Closure), 'sanctum')
#17 /Users/mariopazmino/Desktop/springboot/app/contabilidad-backend/vendor/laravel/framework/src/Illuminate/Pipeline/Pipeline.php(137): Illuminate\\Pipeline\\Pipeline->{closure:{closure:Illuminate\\Pipeline\\Pipeline::carry():194}:195}(Object(Illuminate\\Http\\Request))
#18 /Users/mariopazmino/Desktop/springboot/app/contabilidad-backend/vendor/laravel/framework/src/Illuminate/Routing/Router.php(821): Illuminate\\Pipeline\\Pipeline->then(Object(Closure))
#19 /Users/mariopazmino/Desktop/springboot/app/contabilidad-backend/vendor/laravel/framework/src/Illuminate/Routing/Router.php(800): Illuminate\\Routing\\Router->runRouteWithinStack(Object(Illuminate\\Routing\\Route), Object(Illuminate\\Http\\Request))
#20 /Users/mariopazmino/Desktop/springboot/app/contabilidad-backend/vendor/laravel/framework/src/Illuminate/Routing/Router.php(764): Illuminate\\Routing\\Router->runRoute(Object(Illuminate\\Http\\Request), Object(Illuminate\\Routing\\Route))
#21 /Users/mariopazmino/Desktop/springboot/app/contabilidad-backend/vendor/laravel/framework/src/Illuminate/Routing/Router.php(753): Illuminate\\Routing\\Router->dispatchToRoute(Object(Illuminate\\Http\\Request))
#22 /Users/mariopazmino/Desktop/springboot/app/contabilidad-backend/vendor/laravel/framework/src/Illuminate/Foundation/Http/Kernel.php(200): Illuminate\\Routing\\Router->dispatch(Object(Illuminate\\Http\\Request))
#23 /Users/mariopazmino/Desktop/springboot/app/contabilidad-backend/vendor/laravel/framework/src/Illuminate/Pipeline/Pipeline.php(180): Illuminate\\Foundation\\Http\\Kernel->{closure:Illuminate\\Foundation\\Http\\Kernel::dispatchToRouter():197}(Object(Illuminate\\Http\\Request))
#24 /Users/mariopazmino/Desktop/springboot/app/contabilidad-backend/vendor/laravel/framework/src/Illuminate/Foundation/Http/Middleware/TransformsRequest.php(21): Illuminate\\Pipeline\\Pipeline->{closure:Illuminate\\Pipeline\\Pipeline::prepareDestination():178}(Object(Illuminate\\Http\\Request))
#25 /Users/mariopazmino/Desktop/springboot/app/contabilidad-backend/vendor/laravel/framework/src/Illuminate/Foundation/Http/Middleware/ConvertEmptyStringsToNull.php(31): Illuminate\\Foundation\\Http\\Middleware\\TransformsRequest->handle(Object(Illuminate\\Http\\Request), Object(Closure))
#26 /Users/mariopazmino/Desktop/springboot/app/contabilidad-backend/vendor/laravel/framework/src/Illuminate/Pipeline/Pipeline.php(219): Illuminate\\Foundation\\Http\\Middleware\\ConvertEmptyStringsToNull->handle(Object(Illuminate\\Http\\Request), Object(Closure))
#27 /Users/mariopazmino/Desktop/springboot/app/contabilidad-backend/vendor/laravel/framework/src/Illuminate/Foundation/Http/Middleware/TransformsRequest.php(21): Illuminate\\Pipeline\\Pipeline->{closure:{closure:Illuminate\\Pipeline\\Pipeline::carry():194}:195}(Object(Illuminate\\Http\\Request))
#28 /Users/mariopazmino/Desktop/springboot/app/contabilidad-backend/vendor/laravel/framework/src/Illuminate/Foundation/Http/Middleware/TrimStrings.php(51): Illuminate\\Foundation\\Http\\Middleware\\TransformsRequest->handle(Object(Illuminate\\Http\\Request), Object(Closure))
#29 /Users/mariopazmino/Desktop/springboot/app/contabilidad-backend/vendor/laravel/framework/src/Illuminate/Pipeline/Pipeline.php(219): Illuminate\\Foundation\\Http\\Middleware\\TrimStrings->handle(Object(Illuminate\\Http\\Request), Object(Closure))
#30 /Users/mariopazmino/Desktop/springboot/app/contabilidad-backend/vendor/laravel/framework/src/Illuminate/Http/Middleware/ValidatePostSize.php(27): Illuminate\\Pipeline\\Pipeline->{closure:{closure:Illuminate\\Pipeline\\Pipeline::carry():194}:195}(Object(Illuminate\\Http\\Request))
#31 /Users/mariopazmino/Desktop/springboot/app/contabilidad-backend/vendor/laravel/framework/src/Illuminate/Pipeline/Pipeline.php(219): Illuminate\\Http\\Middleware\\ValidatePostSize->handle(Object(Illuminate\\Http\\Request), Object(Closure))
#32 /Users/mariopazmino/Desktop/springboot/app/contabilidad-backend/vendor/laravel/framework/src/Illuminate/Foundation/Http/Middleware/PreventRequestsDuringMaintenance.php(109): Illuminate\\Pipeline\\Pipeline->{closure:{closure:Illuminate\\Pipeline\\Pipeline::carry():194}:195}(Object(Illuminate\\Http\\Request))
#33 /Users/mariopazmino/Desktop/springboot/app/contabilidad-backend/vendor/laravel/framework/src/Illuminate/Pipeline/Pipeline.php(219): Illuminate\\Foundation\\Http\\Middleware\\PreventRequestsDuringMaintenance->handle(Object(Illuminate\\Http\\Request), Object(Closure))
#34 /Users/mariopazmino/Desktop/springboot/app/contabilidad-backend/vendor/laravel/framework/src/Illuminate/Http/Middleware/HandleCors.php(74): Illuminate\\Pipeline\\Pipeline->{closure:{closure:Illuminate\\Pipeline\\Pipeline::carry():194}:195}(Object(Illuminate\\Http\\Request))
#35 /Users/mariopazmino/Desktop/springboot/app/contabilidad-backend/vendor/laravel/framework/src/Illuminate/Pipeline/Pipeline.php(219): Illuminate\\Http\\Middleware\\HandleCors->handle(Object(Illuminate\\Http\\Request), Object(Closure))
#36 /Users/mariopazmino/Desktop/springboot/app/contabilidad-backend/vendor/laravel/framework/src/Illuminate/Http/Middleware/TrustProxies.php(58): Illuminate\\Pipeline\\Pipeline->{closure:{closure:Illuminate\\Pipeline\\Pipeline::carry():194}:195}(Object(Illuminate\\Http\\Request))
#37 /Users/mariopazmino/Desktop/springboot/app/contabilidad-backend/vendor/laravel/framework/src/Illuminate/Pipeline/Pipeline.php(219): Illuminate\\Http\\Middleware\\TrustProxies->handle(Object(Illuminate\\Http\\Request), Object(Closure))
#38 /Users/mariopazmino/Desktop/springboot/app/contabilidad-backend/vendor/laravel/framework/src/Illuminate/Foundation/Http/Middleware/InvokeDeferredCallbacks.php(22): Illuminate\\Pipeline\\Pipeline->{closure:{closure:Illuminate\\Pipeline\\Pipeline::carry():194}:195}(Object(Illuminate\\Http\\Request))
#39 /Users/mariopazmino/Desktop/springboot/app/contabilidad-backend/vendor/laravel/framework/src/Illuminate/Pipeline/Pipeline.php(219): Illuminate\\Foundation\\Http\\Middleware\\InvokeDeferredCallbacks->handle(Object(Illuminate\\Http\\Request), Object(Closure))
#40 /Users/mariopazmino/Desktop/springboot/app/contabilidad-backend/vendor/laravel/framework/src/Illuminate/Http/Middleware/ValidatePathEncoding.php(28): Illuminate\\Pipeline\\Pipeline->{closure:{closure:Illuminate\\Pipeline\\Pipeline::carry():194}:195}(Object(Illuminate\\Http\\Request))
#41 /Users/mariopazmino/Desktop/springboot/app/contabilidad-backend/vendor/laravel/framework/src/Illuminate/Pipeline/Pipeline.php(219): Illuminate\\Http\\Middleware\\ValidatePathEncoding->handle(Object(Illuminate\\Http\\Request), Object(Closure))
#42 /Users/mariopazmino/Desktop/springboot/app/contabilidad-backend/vendor/laravel/framework/src/Illuminate/Pipeline/Pipeline.php(137): Illuminate\\Pipeline\\Pipeline->{closure:{closure:Illuminate\\Pipeline\\Pipeline::carry():194}:195}(Object(Illuminate\\Http\\Request))
#43 /Users/mariopazmino/Desktop/springboot/app/contabilidad-backend/vendor/laravel/framework/src/Illuminate/Foundation/Http/Kernel.php(175): Illuminate\\Pipeline\\Pipeline->then(Object(Closure))
#44 /Users/mariopazmino/Desktop/springboot/app/contabilidad-backend/vendor/laravel/framework/src/Illuminate/Foundation/Http/Kernel.php(144): Illuminate\\Foundation\\Http\\Kernel->sendRequestThroughRouter(Object(Illuminate\\Http\\Request))
#45 /Users/mariopazmino/Desktop/springboot/app/contabilidad-backend/vendor/laravel/framework/src/Illuminate/Foundation/Application.php(1220): Illuminate\\Foundation\\Http\\Kernel->handle(Object(Illuminate\\Http\\Request))
#46 /Users/mariopazmino/Desktop/springboot/app/contabilidad-backend/public/index.php(20): Illuminate\\Foundation\\Application->handleRequest(Object(Illuminate\\Http\\Request))
#47 /Users/mariopazmino/Desktop/springboot/app/contabilidad-backend/vendor/laravel/framework/src/Illuminate/Foundation/resources/server.php(23): require_once('/Users/mariopaz...')
#48 {main}

[previous exception] [object] (PDOException(code: 23000): SQLSTATE[23000]: Integrity constraint violation: 19 FOREIGN KEY constraint failed at /Users/mariopazmino/Desktop/springboot/app/contabilidad-backend/vendor/laravel/framework/src/Illuminate/Database/Connection.php:626)
[stacktrace]
#0 /Users/mariopazmino/Desktop/springboot/app/contabilidad-backend/vendor/laravel/framework/src/Illuminate/Database/Connection.php(626): PDOStatement->execute()
#1 /Users/mariopazmino/Desktop/springboot/app/contabilidad-backend/vendor/laravel/framework/src/Illuminate/Database/Connection.php(846): Illuminate\\Database\\Connection->{closure:Illuminate\\Database\\Connection::affectingStatement():614}('delete from \"co...', Array)
#2 /Users/mariopazmino/Desktop/springboot/app/contabilidad-backend/vendor/laravel/framework/src/Illuminate/Database/Connection.php(813): Illuminate\\Database\\Connection->runQueryCallback('delete from \"co...', Array, Object(Closure))
#3 /Users/mariopazmino/Desktop/springboot/app/contabilidad-backend/vendor/laravel/framework/src/Illuminate/Database/Connection.php(614): Illuminate\\Database\\Connection->run('delete from \"co...', Array, Object(Closure))
#4 /Users/mariopazmino/Desktop/springboot/app/contabilidad-backend/vendor/laravel/framework/src/Illuminate/Database/Connection.php(578): Illuminate\\Database\\Connection->affectingStatement('delete from \"co...', Array)
#5 /Users/mariopazmino/Desktop/springboot/app/contabilidad-backend/vendor/laravel/framework/src/Illuminate/Database/Query/Builder.php(4520): Illuminate\\Database\\Connection->delete('delete from \"co...', Array)
#6 /Users/mariopazmino/Desktop/springboot/app/contabilidad-backend/vendor/laravel/framework/src/Illuminate/Database/Eloquent/Builder.php(1514): Illuminate\\Database\\Query\\Builder->delete()
#7 /Users/mariopazmino/Desktop/springboot/app/contabilidad-backend/vendor/laravel/framework/src/Illuminate/Database/Eloquent/Model.php(1804): Illuminate\\Database\\Eloquent\\Builder->delete()
#8 /Users/mariopazmino/Desktop/springboot/app/contabilidad-backend/vendor/laravel/framework/src/Illuminate/Database/Eloquent/Model.php(1736): Illuminate\\Database\\Eloquent\\Model->performDeleteOnModel()
#9 /Users/mariopazmino/Desktop/springboot/app/contabilidad-backend/app/Http/Controllers/ContactController.php(22): Illuminate\\Database\\Eloquent\\Model->delete()
#10 /Users/mariopazmino/Desktop/springboot/app/contabilidad-backend/vendor/laravel/framework/src/Illuminate/Routing/ControllerDispatcher.php(46): App\\Http\\Controllers\\ContactController->destroy(Object(App\\Models\\Contact))
#11 /Users/mariopazmino/Desktop/springboot/app/contabilidad-backend/vendor/laravel/framework/src/Illuminate/Routing/Route.php(275): Illuminate\\Routing\\ControllerDispatcher->dispatch(Object(Illuminate\\Routing\\Route), Object(App\\Http\\Controllers\\ContactController), 'destroy')
#12 /Users/mariopazmino/Desktop/springboot/app/contabilidad-backend/vendor/laravel/framework/src/Illuminate/Routing/Route.php(215): Illuminate\\Routing\\Route->runController()
#13 /Users/mariopazmino/Desktop/springboot/app/contabilidad-backend/vendor/laravel/framework/src/Illuminate/Routing/Router.php(822): Illuminate\\Routing\\Route->run()
#14 /Users/mariopazmino/Desktop/springboot/app/contabilidad-backend/vendor/laravel/framework/src/Illuminate/Pipeline/Pipeline.php(180): Illuminate\\Routing\\Router->{closure:Illuminate\\Routing\\Router::runRouteWithinStack():821}(Object(Illuminate\\Http\\Request))
#15 /Users/mariopazmino/Desktop/springboot/app/contabilidad-backend/vendor/laravel/framework/src/Illuminate/Routing/Middleware/SubstituteBindings.php(52): Illuminate\\Pipeline\\Pipeline->{closure:Illuminate\\Pipeline\\Pipeline::prepareDestination():178}(Object(Illuminate\\Http\\Request))
#16 /Users/mariopazmino/Desktop/springboot/app/contabilidad-backend/vendor/laravel/framework/src/Illuminate/Pipeline/Pipeline.php(219): Illuminate\\Routing\\Middleware\\SubstituteBindings->handle(Object(Illuminate\\Http\\Request), Object(Closure))
#17 /Users/mariopazmino/Desktop/springboot/app/contabilidad-backend/vendor/laravel/framework/src/Illuminate/Auth/Middleware/Authenticate.php(63): Illuminate\\Pipeline\\Pipeline->{closure:{closure:Illuminate\\Pipeline\\Pipeline::carry():194}:195}(Object(Illuminate\\Http\\Request))
#18 /Users/mariopazmino/Desktop/springboot/app/contabilidad-backend/vendor/laravel/framework/src/Illuminate/Pipeline/Pipeline.php(219): Illuminate\\Auth\\Middleware\\Authenticate->handle(Object(Illuminate\\Http\\Request), Object(Closure), 'sanctum')
#19 /Users/mariopazmino/Desktop/springboot/app/contabilidad-backend/vendor/laravel/framework/src/Illuminate/Pipeline/Pipeline.php(137): Illuminate\\Pipeline\\Pipeline->{closure:{closure:Illuminate\\Pipeline\\Pipeline::carry():194}:195}(Object(Illuminate\\Http\\Request))
#20 /Users/mariopazmino/Desktop/springboot/app/contabilidad-backend/vendor/laravel/framework/src/Illuminate/Routing/Router.php(821): Illuminate\\Pipeline\\Pipeline->then(Object(Closure))
#21 /Users/mariopazmino/Desktop/springboot/app/contabilidad-backend/vendor/laravel/framework/src/Illuminate/Routing/Router.php(800): Illuminate\\Routing\\Router->runRouteWithinStack(Object(Illuminate\\Routing\\Route), Object(Illuminate\\Http\\Request))
#22 /Users/mariopazmino/Desktop/springboot/app/contabilidad-backend/vendor/laravel/framework/src/Illuminate/Routing/Router.php(764): Illuminate\\Routing\\Router->runRoute(Object(Illuminate\\Http\\Request), Object(Illuminate\\Routing\\Route))
#23 /Users/mariopazmino/Desktop/springboot/app/contabilidad-backend/vendor/laravel/framework/src/Illuminate/Routing/Router.php(753): Illuminate\\Routing\\Router->dispatchToRoute(Object(Illuminate\\Http\\Request))
#24 /Users/mariopazmino/Desktop/springboot/app/contabilidad-backend/vendor/laravel/framework/src/Illuminate/Foundation/Http/Kernel.php(200): Illuminate\\Routing\\Router->dispatch(Object(Illuminate\\Http\\Request))
#25 /Users/mariopazmino/Desktop/springboot/app/contabilidad-backend/vendor/laravel/framework/src/Illuminate/Pipeline/Pipeline.php(180): Illuminate\\Foundation\\Http\\Kernel->{closure:Illuminate\\Foundation\\Http\\Kernel::dispatchToRouter():197}(Object(Illuminate\\Http\\Request))
#26 /Users/mariopazmino/Desktop/springboot/app/contabilidad-backend/vendor/laravel/framework/src/Illuminate/Foundation/Http/Middleware/TransformsRequest.php(21): Illuminate\\Pipeline\\Pipeline->{closure:Illuminate\\Pipeline\\Pipeline::prepareDestination():178}(Object(Illuminate\\Http\\Request))
#27 /Users/mariopazmino/Desktop/springboot/app/contabilidad-backend/vendor/laravel/framework/src/Illuminate/Foundation/Http/Middleware/ConvertEmptyStringsToNull.php(31): Illuminate\\Foundation\\Http\\Middleware\\TransformsRequest->handle(Object(Illuminate\\Http\\Request), Object(Closure))
#28 /Users/mariopazmino/Desktop/springboot/app/contabilidad-backend/vendor/laravel/framework/src/Illuminate/Pipeline/Pipeline.php(219): Illuminate\\Foundation\\Http\\Middleware\\ConvertEmptyStringsToNull->handle(Object(Illuminate\\Http\\Request), Object(Closure))
#29 /Users/mariopazmino/Desktop/springboot/app/contabilidad-backend/vendor/laravel/framework/src/Illuminate/Foundation/Http/Middleware/TransformsRequest.php(21): Illuminate\\Pipeline\\Pipeline->{closure:{closure:Illuminate\\Pipeline\\Pipeline::carry():194}:195}(Object(Illuminate\\Http\\Request))
#30 /Users/mariopazmino/Desktop/springboot/app/contabilidad-backend/vendor/laravel/framework/src/Illuminate/Foundation/Http/Middleware/TrimStrings.php(51): Illuminate\\Foundation\\Http\\Middleware\\TransformsRequest->handle(Object(Illuminate\\Http\\Request), Object(Closure))
#31 /Users/mariopazmino/Desktop/springboot/app/contabilidad-backend/vendor/laravel/framework/src/Illuminate/Pipeline/Pipeline.php(219): Illuminate\\Foundation\\Http\\Middleware\\TrimStrings->handle(Object(Illuminate\\Http\\Request), Object(Closure))
#32 /Users/mariopazmino/Desktop/springboot/app/contabilidad-backend/vendor/laravel/framework/src/Illuminate/Http/Middleware/ValidatePostSize.php(27): Illuminate\\Pipeline\\Pipeline->{closure:{closure:Illuminate\\Pipeline\\Pipeline::carry():194}:195}(Object(Illuminate\\Http\\Request))
#33 /Users/mariopazmino/Desktop/springboot/app/contabilidad-backend/vendor/laravel/framework/src/Illuminate/Pipeline/Pipeline.php(219): Illuminate\\Http\\Middleware\\ValidatePostSize->handle(Object(Illuminate\\Http\\Request), Object(Closure))
#34 /Users/mariopazmino/Desktop/springboot/app/contabilidad-backend/vendor/laravel/framework/src/Illuminate/Foundation/Http/Middleware/PreventRequestsDuringMaintenance.php(109): Illuminate\\Pipeline\\Pipeline->{closure:{closure:Illuminate\\Pipeline\\Pipeline::carry():194}:195}(Object(Illuminate\\Http\\Request))
#35 /Users/mariopazmino/Desktop/springboot/app/contabilidad-backend/vendor/laravel/framework/src/Illuminate/Pipeline/Pipeline.php(219): Illuminate\\Foundation\\Http\\Middleware\\PreventRequestsDuringMaintenance->handle(Object(Illuminate\\Http\\Request), Object(Closure))
#36 /Users/mariopazmino/Desktop/springboot/app/contabilidad-backend/vendor/laravel/framework/src/Illuminate/Http/Middleware/HandleCors.php(74): Illuminate\\Pipeline\\Pipeline->{closure:{closure:Illuminate\\Pipeline\\Pipeline::carry():194}:195}(Object(Illuminate\\Http\\Request))
#37 /Users/mariopazmino/Desktop/springboot/app/contabilidad-backend/vendor/laravel/framework/src/Illuminate/Pipeline/Pipeline.php(219): Illuminate\\Http\\Middleware\\HandleCors->handle(Object(Illuminate\\Http\\Request), Object(Closure))
#38 /Users/mariopazmino/Desktop/springboot/app/contabilidad-backend/vendor/laravel/framework/src/Illuminate/Http/Middleware/TrustProxies.php(58): Illuminate\\Pipeline\\Pipeline->{closure:{closure:Illuminate\\Pipeline\\Pipeline::carry():194}:195}(Object(Illuminate\\Http\\Request))
#39 /Users/mariopazmino/Desktop/springboot/app/contabilidad-backend/vendor/laravel/framework/src/Illuminate/Pipeline/Pipeline.php(219): Illuminate\\Http\\Middleware\\TrustProxies->handle(Object(Illuminate\\Http\\Request), Object(Closure))
#40 /Users/mariopazmino/Desktop/springboot/app/contabilidad-backend/vendor/laravel/framework/src/Illuminate/Foundation/Http/Middleware/InvokeDeferredCallbacks.php(22): Illuminate\\Pipeline\\Pipeline->{closure:{closure:Illuminate\\Pipeline\\Pipeline::carry():194}:195}(Object(Illuminate\\Http\\Request))
#41 /Users/mariopazmino/Desktop/springboot/app/contabilidad-backend/vendor/laravel/framework/src/Illuminate/Pipeline/Pipeline.php(219): Illuminate\\Foundation\\Http\\Middleware\\InvokeDeferredCallbacks->handle(Object(Illuminate\\Http\\Request), Object(Closure))
#42 /Users/mariopazmino/Desktop/springboot/app/contabilidad-backend/vendor/laravel/framework/src/Illuminate/Http/Middleware/ValidatePathEncoding.php(28): Illuminate\\Pipeline\\Pipeline->{closure:{closure:Illuminate\\Pipeline\\Pipeline::carry():194}:195}(Object(Illuminate\\Http\\Request))
#43 /Users/mariopazmino/Desktop/springboot/app/contabilidad-backend/vendor/laravel/framework/src/Illuminate/Pipeline/Pipeline.php(219): Illuminate\\Http\\Middleware\\ValidatePathEncoding->handle(Object(Illuminate\\Http\\Request), Object(Closure))
#44 /Users/mariopazmino/Desktop/springboot/app/contabilidad-backend/vendor/laravel/framework/src/Illuminate/Pipeline/Pipeline.php(137): Illuminate\\Pipeline\\Pipeline->{closure:{closure:Illuminate\\Pipeline\\Pipeline::carry():194}:195}(Object(Illuminate\\Http\\Request))
#45 /Users/mariopazmino/Desktop/springboot/app/contabilidad-backend/vendor/laravel/framework/src/Illuminate/Foundation/Http/Kernel.php(175): Illuminate\\Pipeline\\Pipeline->then(Object(Closure))
#46 /Users/mariopazmino/Desktop/springboot/app/contabilidad-backend/vendor/laravel/framework/src/Illuminate/Foundation/Http/Kernel.php(144): Illuminate\\Foundation\\Http\\Kernel->sendRequestThroughRouter(Object(Illuminate\\Http\\Request))
#47 /Users/mariopazmino/Desktop/springboot/app/contabilidad-backend/vendor/laravel/framework/src/Illuminate/Foundation/Application.php(1220): Illuminate\\Foundation\\Http\\Kernel->handle(Object(Illuminate\\Http\\Request))
#48 /Users/mariopazmino/Desktop/springboot/app/contabilidad-backend/public/index.php(20): Illuminate\\Foundation\\Application->handleRequest(Object(Illuminate\\Http\\Request))
#49 /Users/mariopazmino/Desktop/springboot/app/contabilidad-backend/vendor/laravel/framework/src/Illuminate/Foundation/resources/server.php(23): require_once('/Users/mariopaz...')
#50 {main}
"} 
[2026-07-18 00:38:35] local.ERROR: SQLSTATE[23000]: Integrity constraint violation: 19 FOREIGN KEY constraint failed (Connection: sqlite, Database: /Users/mariopazmino/Desktop/springboot/app/contabilidad-backend/database/database.sqlite, SQL: delete from "contacts" where "id" = 6) {"userId":1,"exception":"[object] (Illuminate\\Database\\QueryException(code: 23000): SQLSTATE[23000]: Integrity constraint violation: 19 FOREIGN KEY constraint failed (Connection: sqlite, Database: /Users/mariopazmino/Desktop/springboot/app/contabilidad-backend/database/database.sqlite, SQL: delete from \"contacts\" where \"id\" = 6) at /Users/mariopazmino/Desktop/springboot/app/contabilidad-backend/vendor/laravel/framework/src/Illuminate/Database/Connection.php:857)
[stacktrace]
#0 /Users/mariopazmino/Desktop/springboot/app/contabilidad-backend/vendor/laravel/framework/src/Illuminate/Database/Connection.php(813): Illuminate\\Database\\Connection->runQueryCallback('delete from \"co...', Array, Object(Closure))
#1 /Users/mariopazmino/Desktop/springboot/app/contabilidad-backend/vendor/laravel/framework/src/Illuminate/Database/Connection.php(614): Illuminate\\Database\\Connection->run('delete from \"co...', Array, Object(Closure))
#2 /Users/mariopazmino/Desktop/springboot/app/contabilidad-backend/vendor/laravel/framework/src/Illuminate/Database/Connection.php(578): Illuminate\\Database\\Connection->affectingStatement('delete from \"co...', Array)
#3 /Users/mariopazmino/Desktop/springboot/app/contabilidad-backend/vendor/laravel/framework/src/Illuminate/Database/Query/Builder.php(4520): Illuminate\\Database\\Connection->delete('delete from \"co...', Array)
#4 /Users/mariopazmino/Desktop/springboot/app/contabilidad-backend/vendor/laravel/framework/src/Illuminate/Database/Eloquent/Builder.php(1514): Illuminate\\Database\\Query\\Builder->delete()
#5 /Users/mariopazmino/Desktop/springboot/app/contabilidad-backend/vendor/laravel/framework/src/Illuminate/Database/Eloquent/Model.php(1804): Illuminate\\Database\\Eloquent\\Builder->delete()
#6 /Users/mariopazmino/Desktop/springboot/app/contabilidad-backend/vendor/laravel/framework/src/Illuminate/Database/Eloquent/Model.php(1736): Illuminate\\Database\\Eloquent\\Model->performDeleteOnModel()
#7 /Users/mariopazmino/Desktop/springboot/app/contabilidad-backend/app/Http/Controllers/ContactController.php(22): Illuminate\\Database\\Eloquent\\Model->delete()
#8 /Users/mariopazmino/Desktop/springboot/app/contabilidad-backend/vendor/laravel/framework/src/Illuminate/Routing/ControllerDispatcher.php(46): App\\Http\\Controllers\\ContactController->destroy(Object(App\\Models\\Contact))
#9 /Users/mariopazmino/Desktop/springboot/app/contabilidad-backend/vendor/laravel/framework/src/Illuminate/Routing/Route.php(275): Illuminate\\Routing\\ControllerDispatcher->dispatch(Object(Illuminate\\Routing\\Route), Object(App\\Http\\Controllers\\ContactController), 'destroy')
#10 /Users/mariopazmino/Desktop/springboot/app/contabilidad-backend/vendor/laravel/framework/src/Illuminate/Routing/Route.php(215): Illuminate\\Routing\\Route->runController()
#11 /Users/mariopazmino/Desktop/springboot/app/contabilidad-backend/vendor/laravel/framework/src/Illuminate/Routing/Router.php(822): Illuminate\\Routing\\Route->run()
#12 /Users/mariopazmino/Desktop/springboot/app/contabilidad-backend/vendor/laravel/framework/src/Illuminate/Pipeline/Pipeline.php(180): Illuminate\\Routing\\Router->{closure:Illuminate\\Routing\\Router::runRouteWithinStack():821}(Object(Illuminate\\Http\\Request))
#13 /Users/mariopazmino/Desktop/springboot/app/contabilidad-backend/vendor/laravel/framework/src/Illuminate/Routing/Middleware/SubstituteBindings.php(52): Illuminate\\Pipeline\\Pipeline->{closure:Illuminate\\Pipeline\\Pipeline::prepareDestination():178}(Object(Illuminate\\Http\\Request))
#14 /Users/mariopazmino/Desktop/springboot/app/contabilidad-backend/vendor/laravel/framework/src/Illuminate/Pipeline/Pipeline.php(219): Illuminate\\Routing\\Middleware\\SubstituteBindings->handle(Object(Illuminate\\Http\\Request), Object(Closure))
#15 /Users/mariopazmino/Desktop/springboot/app/contabilidad-backend/vendor/laravel/framework/src/Illuminate/Auth/Middleware/Authenticate.php(63): Illuminate\\Pipeline\\Pipeline->{closure:{closure:Illuminate\\Pipeline\\Pipeline::carry():194}:195}(Object(Illuminate\\Http\\Request))
#16 /Users/mariopazmino/Desktop/springboot/app/contabilidad-backend/vendor/laravel/framework/src/Illuminate/Pipeline/Pipeline.php(219): Illuminate\\Auth\\Middleware\\Authenticate->handle(Object(Illuminate\\Http\\Request), Object(Closure), 'sanctum')
#17 /Users/mariopazmino/Desktop/springboot/app/contabilidad-backend/vendor/laravel/framework/src/Illuminate/Pipeline/Pipeline.php(137): Illuminate\\Pipeline\\Pipeline->{closure:{closure:Illuminate\\Pipeline\\Pipeline::carry():194}:195}(Object(Illuminate\\Http\\Request))
#18 /Users/mariopazmino/Desktop/springboot/app/contabilidad-backend/vendor/laravel/framework/src/Illuminate/Routing/Router.php(821): Illuminate\\Pipeline\\Pipeline->then(Object(Closure))
#19 /Users/mariopazmino/Desktop/springboot/app/contabilidad-backend/vendor/laravel/framework/src/Illuminate/Routing/Router.php(800): Illuminate\\Routing\\Router->runRouteWithinStack(Object(Illuminate\\Routing\\Route), Object(Illuminate\\Http\\Request))
#20 /Users/mariopazmino/Desktop/springboot/app/contabilidad-backend/vendor/laravel/framework/src/Illuminate/Routing/Router.php(764): Illuminate\\Routing\\Router->runRoute(Object(Illuminate\\Http\\Request), Object(Illuminate\\Routing\\Route))
#21 /Users/mariopazmino/Desktop/springboot/app/contabilidad-backend/vendor/laravel/framework/src/Illuminate/Routing/Router.php(753): Illuminate\\Routing\\Router->dispatchToRoute(Object(Illuminate\\Http\\Request))
#22 /Users/mariopazmino/Desktop/springboot/app/contabilidad-backend/vendor/laravel/framework/src/Illuminate/Foundation/Http/Kernel.php(200): Illuminate\\Routing\\Router->dispatch(Object(Illuminate\\Http\\Request))
#23 /Users/mariopazmino/Desktop/springboot/app/contabilidad-backend/vendor/laravel/framework/src/Illuminate/Pipeline/Pipeline.php(180): Illuminate\\Foundation\\Http\\Kernel->{closure:Illuminate\\Foundation\\Http\\Kernel::dispatchToRouter():197}(Object(Illuminate\\Http\\Request))
#24 /Users/mariopazmino/Desktop/springboot/app/contabilidad-backend/vendor/laravel/framework/src/Illuminate/Foundation/Http/Middleware/TransformsRequest.php(21): Illuminate\\Pipeline\\Pipeline->{closure:Illuminate\\Pipeline\\Pipeline::prepareDestination():178}(Object(Illuminate\\Http\\Request))
#25 /Users/mariopazmino/Desktop/springboot/app/contabilidad-backend/vendor/laravel/framework/src/Illuminate/Foundation/Http/Middleware/ConvertEmptyStringsToNull.php(31): Illuminate\\Foundation\\Http\\Middleware\\TransformsRequest->handle(Object(Illuminate\\Http\\Request), Object(Closure))
#26 /Users/mariopazmino/Desktop/springboot/app/contabilidad-backend/vendor/laravel/framework/src/Illuminate/Pipeline/Pipeline.php(219): Illuminate\\Foundation\\Http\\Middleware\\ConvertEmptyStringsToNull->handle(Object(Illuminate\\Http\\Request), Object(Closure))
#27 /Users/mariopazmino/Desktop/springboot/app/contabilidad-backend/vendor/laravel/framework/src/Illuminate/Foundation/Http/Middleware/TransformsRequest.php(21): Illuminate\\Pipeline\\Pipeline->{closure:{closure:Illuminate\\Pipeline\\Pipeline::carry():194}:195}(Object(Illuminate\\Http\\Request))
#28 /Users/mariopazmino/Desktop/springboot/app/contabilidad-backend/vendor/laravel/framework/src/Illuminate/Foundation/Http/Middleware/TrimStrings.php(51): Illuminate\\Foundation\\Http\\Middleware\\TransformsRequest->handle(Object(Illuminate\\Http\\Request), Object(Closure))
#29 /Users/mariopazmino/Desktop/springboot/app/contabilidad-backend/vendor/laravel/framework/src/Illuminate/Pipeline/Pipeline.php(219): Illuminate\\Foundation\\Http\\Middleware\\TrimStrings->handle(Object(Illuminate\\Http\\Request), Object(Closure))
#30 /Users/mariopazmino/Desktop/springboot/app/contabilidad-backend/vendor/laravel/framework/src/Illuminate/Http/Middleware/ValidatePostSize.php(27): Illuminate\\Pipeline\\Pipeline->{closure:{closure:Illuminate\\Pipeline\\Pipeline::carry():194}:195}(Object(Illuminate\\Http\\Request))
#31 /Users/mariopazmino/Desktop/springboot/app/contabilidad-backend/vendor/laravel/framework/src/Illuminate/Pipeline/Pipeline.php(219): Illuminate\\Http\\Middleware\\ValidatePostSize->handle(Object(Illuminate\\Http\\Request), Object(Closure))
#32 /Users/mariopazmino/Desktop/springboot/app/contabilidad-backend/vendor/laravel/framework/src/Illuminate/Foundation/Http/Middleware/PreventRequestsDuringMaintenance.php(109): Illuminate\\Pipeline\\Pipeline->{closure:{closure:Illuminate\\Pipeline\\Pipeline::carry():194}:195}(Object(Illuminate\\Http\\Request))
#33 /Users/mariopazmino/Desktop/springboot/app/contabilidad-backend/vendor/laravel/framework/src/Illuminate/Pipeline/Pipeline.php(219): Illuminate\\Foundation\\Http\\Middleware\\PreventRequestsDuringMaintenance->handle(Object(Illuminate\\Http\\Request), Object(Closure))
#34 /Users/mariopazmino/Desktop/springboot/app/contabilidad-backend/vendor/laravel/framework/src/Illuminate/Http/Middleware/HandleCors.php(74): Illuminate\\Pipeline\\Pipeline->{closure:{closure:Illuminate\\Pipeline\\Pipeline::carry():194}:195}(Object(Illuminate\\Http\\Request))
#35 /Users/mariopazmino/Desktop/springboot/app/contabilidad-backend/vendor/laravel/framework/src/Illuminate/Pipeline/Pipeline.php(219): Illuminate\\Http\\Middleware\\HandleCors->handle(Object(Illuminate\\Http\\Request), Object(Closure))
#36 /Users/mariopazmino/Desktop/springboot/app/contabilidad-backend/vendor/laravel/framework/src/Illuminate/Http/Middleware/TrustProxies.php(58): Illuminate\\Pipeline\\Pipeline->{closure:{closure:Illuminate\\Pipeline\\Pipeline::carry():194}:195}(Object(Illuminate\\Http\\Request))
#37 /Users/mariopazmino/Desktop/springboot/app/contabilidad-backend/vendor/laravel/framework/src/Illuminate/Pipeline/Pipeline.php(219): Illuminate\\Http\\Middleware\\TrustProxies->handle(Object(Illuminate\\Http\\Request), Object(Closure))
#38 /Users/mariopazmino/Desktop/springboot/app/contabilidad-backend/vendor/laravel/framework/src/Illuminate/Foundation/Http/Middleware/InvokeDeferredCallbacks.php(22): Illuminate\\Pipeline\\Pipeline->{closure:{closure:Illuminate\\Pipeline\\Pipeline::carry():194}:195}(Object(Illuminate\\Http\\Request))
#39 /Users/mariopazmino/Desktop/springboot/app/contabilidad-backend/vendor/laravel/framework/src/Illuminate/Pipeline/Pipeline.php(219): Illuminate\\Foundation\\Http\\Middleware\\InvokeDeferredCallbacks->handle(Object(Illuminate\\Http\\Request), Object(Closure))
#40 /Users/mariopazmino/Desktop/springboot/app/contabilidad-backend/vendor/laravel/framework/src/Illuminate/Http/Middleware/ValidatePathEncoding.php(28): Illuminate\\Pipeline\\Pipeline->{closure:{closure:Illuminate\\Pipeline\\Pipeline::carry():194}:195}(Object(Illuminate\\Http\\Request))
#41 /Users/mariopazmino/Desktop/springboot/app/contabilidad-backend/vendor/laravel/framework/src/Illuminate/Pipeline/Pipeline.php(219): Illuminate\\Http\\Middleware\\ValidatePathEncoding->handle(Object(Illuminate\\Http\\Request), Object(Closure))
#42 /Users/mariopazmino/Desktop/springboot/app/contabilidad-backend/vendor/laravel/framework/src/Illuminate/Pipeline/Pipeline.php(137): Illuminate\\Pipeline\\Pipeline->{closure:{closure:Illuminate\\Pipeline\\Pipeline::carry():194}:195}(Object(Illuminate\\Http\\Request))
#43 /Users/mariopazmino/Desktop/springboot/app/contabilidad-backend/vendor/laravel/framework/src/Illuminate/Foundation/Http/Kernel.php(175): Illuminate\\Pipeline\\Pipeline->then(Object(Closure))
#44 /Users/mariopazmino/Desktop/springboot/app/contabilidad-backend/vendor/laravel/framework/src/Illuminate/Foundation/Http/Kernel.php(144): Illuminate\\Foundation\\Http\\Kernel->sendRequestThroughRouter(Object(Illuminate\\Http\\Request))
#45 /Users/mariopazmino/Desktop/springboot/app/contabilidad-backend/vendor/laravel/framework/src/Illuminate/Foundation/Application.php(1220): Illuminate\\Foundation\\Http\\Kernel->handle(Object(Illuminate\\Http\\Request))
#46 /Users/mariopazmino/Desktop/springboot/app/contabilidad-backend/public/index.php(20): Illuminate\\Foundation\\Application->handleRequest(Object(Illuminate\\Http\\Request))
#47 /Users/mariopazmino/Desktop/springboot/app/contabilidad-backend/vendor/laravel/framework/src/Illuminate/Foundation/resources/server.php(23): require_once('/Users/mariopaz...')
#48 {main}

[previous exception] [object] (PDOException(code: 23000): SQLSTATE[23000]: Integrity constraint violation: 19 FOREIGN KEY constraint failed at /Users/mariopazmino/Desktop/springboot/app/contabilidad-backend/vendor/laravel/framework/src/Illuminate/Database/Connection.php:626)
[stacktrace]
#0 /Users/mariopazmino/Desktop/springboot/app/contabilidad-backend/vendor/laravel/framework/src/Illuminate/Database/Connection.php(626): PDOStatement->execute()
#1 /Users/mariopazmino/Desktop/springboot/app/contabilidad-backend/vendor/laravel/framework/src/Illuminate/Database/Connection.php(846): Illuminate\\Database\\Connection->{closure:Illuminate\\Database\\Connection::affectingStatement():614}('delete from \"co...', Array)
#2 /Users/mariopazmino/Desktop/springboot/app/contabilidad-backend/vendor/laravel/framework/src/Illuminate/Database/Connection.php(813): Illuminate\\Database\\Connection->runQueryCallback('delete from \"co...', Array, Object(Closure))
#3 /Users/mariopazmino/Desktop/springboot/app/contabilidad-backend/vendor/laravel/framework/src/Illuminate/Database/Connection.php(614): Illuminate\\Database\\Connection->run('delete from \"co...', Array, Object(Closure))
#4 /Users/mariopazmino/Desktop/springboot/app/contabilidad-backend/vendor/laravel/framework/src/Illuminate/Database/Connection.php(578): Illuminate\\Database\\Connection->affectingStatement('delete from \"co...', Array)
#5 /Users/mariopazmino/Desktop/springboot/app/contabilidad-backend/vendor/laravel/framework/src/Illuminate/Database/Query/Builder.php(4520): Illuminate\\Database\\Connection->delete('delete from \"co...', Array)
#6 /Users/mariopazmino/Desktop/springboot/app/contabilidad-backend/vendor/laravel/framework/src/Illuminate/Database/Eloquent/Builder.php(1514): Illuminate\\Database\\Query\\Builder->delete()
#7 /Users/mariopazmino/Desktop/springboot/app/contabilidad-backend/vendor/laravel/framework/src/Illuminate/Database/Eloquent/Model.php(1804): Illuminate\\Database\\Eloquent\\Builder->delete()
#8 /Users/mariopazmino/Desktop/springboot/app/contabilidad-backend/vendor/laravel/framework/src/Illuminate/Database/Eloquent/Model.php(1736): Illuminate\\Database\\Eloquent\\Model->performDeleteOnModel()
#9 /Users/mariopazmino/Desktop/springboot/app/contabilidad-backend/app/Http/Controllers/ContactController.php(22): Illuminate\\Database\\Eloquent\\Model->delete()
#10 /Users/mariopazmino/Desktop/springboot/app/contabilidad-backend/vendor/laravel/framework/src/Illuminate/Routing/ControllerDispatcher.php(46): App\\Http\\Controllers\\ContactController->destroy(Object(App\\Models\\Contact))
#11 /Users/mariopazmino/Desktop/springboot/app/contabilidad-backend/vendor/laravel/framework/src/Illuminate/Routing/Route.php(275): Illuminate\\Routing\\ControllerDispatcher->dispatch(Object(Illuminate\\Routing\\Route), Object(App\\Http\\Controllers\\ContactController), 'destroy')
#12 /Users/mariopazmino/Desktop/springboot/app/contabilidad-backend/vendor/laravel/framework/src/Illuminate/Routing/Route.php(215): Illuminate\\Routing\\Route->runController()
#13 /Users/mariopazmino/Desktop/springboot/app/contabilidad-backend/vendor/laravel/framework/src/Illuminate/Routing/Router.php(822): Illuminate\\Routing\\Route->run()
#14 /Users/mariopazmino/Desktop/springboot/app/contabilidad-backend/vendor/laravel/framework/src/Illuminate/Pipeline/Pipeline.php(180): Illuminate\\Routing\\Router->{closure:Illuminate\\Routing\\Router::runRouteWithinStack():821}(Object(Illuminate\\Http\\Request))
#15 /Users/mariopazmino/Desktop/springboot/app/contabilidad-backend/vendor/laravel/framework/src/Illuminate/Routing/Middleware/SubstituteBindings.php(52): Illuminate\\Pipeline\\Pipeline->{closure:Illuminate\\Pipeline\\Pipeline::prepareDestination():178}(Object(Illuminate\\Http\\Request))
#16 /Users/mariopazmino/Desktop/springboot/app/contabilidad-backend/vendor/laravel/framework/src/Illuminate/Pipeline/Pipeline.php(219): Illuminate\\Routing\\Middleware\\SubstituteBindings->handle(Object(Illuminate\\Http\\Request), Object(Closure))
#17 /Users/mariopazmino/Desktop/springboot/app/contabilidad-backend/vendor/laravel/framework/src/Illuminate/Auth/Middleware/Authenticate.php(63): Illuminate\\Pipeline\\Pipeline->{closure:{closure:Illuminate\\Pipeline\\Pipeline::carry():194}:195}(Object(Illuminate\\Http\\Request))
#18 /Users/mariopazmino/Desktop/springboot/app/contabilidad-backend/vendor/laravel/framework/src/Illuminate/Pipeline/Pipeline.php(219): Illuminate\\Auth\\Middleware\\Authenticate->handle(Object(Illuminate\\Http\\Request), Object(Closure), 'sanctum')
#19 /Users/mariopazmino/Desktop/springboot/app/contabilidad-backend/vendor/laravel/framework/src/Illuminate/Pipeline/Pipeline.php(137): Illuminate\\Pipeline\\Pipeline->{closure:{closure:Illuminate\\Pipeline\\Pipeline::carry():194}:195}(Object(Illuminate\\Http\\Request))
#20 /Users/mariopazmino/Desktop/springboot/app/contabilidad-backend/vendor/laravel/framework/src/Illuminate/Routing/Router.php(821): Illuminate\\Pipeline\\Pipeline->then(Object(Closure))
#21 /Users/mariopazmino/Desktop/springboot/app/contabilidad-backend/vendor/laravel/framework/src/Illuminate/Routing/Router.php(800): Illuminate\\Routing\\Router->runRouteWithinStack(Object(Illuminate\\Routing\\Route), Object(Illuminate\\Http\\Request))
#22 /Users/mariopazmino/Desktop/springboot/app/contabilidad-backend/vendor/laravel/framework/src/Illuminate/Routing/Router.php(764): Illuminate\\Routing\\Router->runRoute(Object(Illuminate\\Http\\Request), Object(Illuminate\\Routing\\Route))
#23 /Users/mariopazmino/Desktop/springboot/app/contabilidad-backend/vendor/laravel/framework/src/Illuminate/Routing/Router.php(753): Illuminate\\Routing\\Router->dispatchToRoute(Object(Illuminate\\Http\\Request))
#24 /Users/mariopazmino/Desktop/springboot/app/contabilidad-backend/vendor/laravel/framework/src/Illuminate/Foundation/Http/Kernel.php(200): Illuminate\\Routing\\Router->dispatch(Object(Illuminate\\Http\\Request))
#25 /Users/mariopazmino/Desktop/springboot/app/contabilidad-backend/vendor/laravel/framework/src/Illuminate/Pipeline/Pipeline.php(180): Illuminate\\Foundation\\Http\\Kernel->{closure:Illuminate\\Foundation\\Http\\Kernel::dispatchToRouter():197}(Object(Illuminate\\Http\\Request))
#26 /Users/mariopazmino/Desktop/springboot/app/contabilidad-backend/vendor/laravel/framework/src/Illuminate/Foundation/Http/Middleware/TransformsRequest.php(21): Illuminate\\Pipeline\\Pipeline->{closure:Illuminate\\Pipeline\\Pipeline::prepareDestination():178}(Object(Illuminate\\Http\\Request))
#27 /Users/mariopazmino/Desktop/springboot/app/contabilidad-backend/vendor/laravel/framework/src/Illuminate/Foundation/Http/Middleware/ConvertEmptyStringsToNull.php(31): Illuminate\\Foundation\\Http\\Middleware\\TransformsRequest->handle(Object(Illuminate\\Http\\Request), Object(Closure))
#28 /Users/mariopazmino/Desktop/springboot/app/contabilidad-backend/vendor/laravel/framework/src/Illuminate/Pipeline/Pipeline.php(219): Illuminate\\Foundation\\Http\\Middleware\\ConvertEmptyStringsToNull->handle(Object(Illuminate\\Http\\Request), Object(Closure))
#29 /Users/mariopazmino/Desktop/springboot/app/contabilidad-backend/vendor/laravel/framework/src/Illuminate/Foundation/Http/Middleware/TransformsRequest.php(21): Illuminate\\Pipeline\\Pipeline->{closure:{closure:Illuminate\\Pipeline\\Pipeline::carry():194}:195}(Object(Illuminate\\Http\\Request))
#30 /Users/mariopazmino/Desktop/springboot/app/contabilidad-backend/vendor/laravel/framework/src/Illuminate/Foundation/Http/Middleware/TrimStrings.php(51): Illuminate\\Foundation\\Http\\Middleware\\TransformsRequest->handle(Object(Illuminate\\Http\\Request), Object(Closure))
#31 /Users/mariopazmino/Desktop/springboot/app/contabilidad-backend/vendor/laravel/framework/src/Illuminate/Pipeline/Pipeline.php(219): Illuminate\\Foundation\\Http\\Middleware\\TrimStrings->handle(Object(Illuminate\\Http\\Request), Object(Closure))
#32 /Users/mariopazmino/Desktop/springboot/app/contabilidad-backend/vendor/laravel/framework/src/Illuminate/Http/Middleware/ValidatePostSize.php(27): Illuminate\\Pipeline\\Pipeline->{closure:{closure:Illuminate\\Pipeline\\Pipeline::carry():194}:195}(Object(Illuminate\\Http\\Request))
#33 /Users/mariopazmino/Desktop/springboot/app/contabilidad-backend/vendor/laravel/framework/src/Illuminate/Pipeline/Pipeline.php(219): Illuminate\\Http\\Middleware\\ValidatePostSize->handle(Object(Illuminate\\Http\\Request), Object(Closure))
#34 /Users/mariopazmino/Desktop/springboot/app/contabilidad-backend/vendor/laravel/framework/src/Illuminate/Foundation/Http/Middleware/PreventRequestsDuringMaintenance.php(109): Illuminate\\Pipeline\\Pipeline->{closure:{closure:Illuminate\\Pipeline\\Pipeline::carry():194}:195}(Object(Illuminate\\Http\\Request))
#35 /Users/mariopazmino/Desktop/springboot/app/contabilidad-backend/vendor/laravel/framework/src/Illuminate/Pipeline/Pipeline.php(219): Illuminate\\Foundation\\Http\\Middleware\\PreventRequestsDuringMaintenance->handle(Object(Illuminate\\Http\\Request), Object(Closure))
#36 /Users/mariopazmino/Desktop/springboot/app/contabilidad-backend/vendor/laravel/framework/src/Illuminate/Http/Middleware/HandleCors.php(74): Illuminate\\Pipeline\\Pipeline->{closure:{closure:Illuminate\\Pipeline\\Pipeline::carry():194}:195}(Object(Illuminate\\Http\\Request))
#37 /Users/mariopazmino/Desktop/springboot/app/contabilidad-backend/vendor/laravel/framework/src/Illuminate/Pipeline/Pipeline.php(219): Illuminate\\Http\\Middleware\\HandleCors->handle(Object(Illuminate\\Http\\Request), Object(Closure))
#38 /Users/mariopazmino/Desktop/springboot/app/contabilidad-backend/vendor/laravel/framework/src/Illuminate/Http/Middleware/TrustProxies.php(58): Illuminate\\Pipeline\\Pipeline->{closure:{closure:Illuminate\\Pipeline\\Pipeline::carry():194}:195}(Object(Illuminate\\Http\\Request))
#39 /Users/mariopazmino/Desktop/springboot/app/contabilidad-backend/vendor/laravel/framework/src/Illuminate/Pipeline/Pipeline.php(219): Illuminate\\Http\\Middleware\\TrustProxies->handle(Object(Illuminate\\Http\\Request), Object(Closure))
#40 /Users/mariopazmino/Desktop/springboot/app/contabilidad-backend/vendor/laravel/framework/src/Illuminate/Foundation/Http/Middleware/InvokeDeferredCallbacks.php(22): Illuminate\\Pipeline\\Pipeline->{closure:{closure:Illuminate\\Pipeline\\Pipeline::carry():194}:195}(Object(Illuminate\\Http\\Request))
#41 /Users/mariopazmino/Desktop/springboot/app/contabilidad-backend/vendor/laravel/framework/src/Illuminate/Pipeline/Pipeline.php(219): Illuminate\\Foundation\\Http\\Middleware\\InvokeDeferredCallbacks->handle(Object(Illuminate\\Http\\Request), Object(Closure))
#42 /Users/mariopazmino/Desktop/springboot/app/contabilidad-backend/vendor/laravel/framework/src/Illuminate/Http/Middleware/ValidatePathEncoding.php(28): Illuminate\\Pipeline\\Pipeline->{closure:{closure:Illuminate\\Pipeline\\Pipeline::carry():194}:195}(Object(Illuminate\\Http\\Request))
#43 /Users/mariopazmino/Desktop/springboot/app/contabilidad-backend/vendor/laravel/framework/src/Illuminate/Pipeline/Pipeline.php(219): Illuminate\\Http\\Middleware\\ValidatePathEncoding->handle(Object(Illuminate\\Http\\Request), Object(Closure))
#44 /Users/mariopazmino/Desktop/springboot/app/contabilidad-backend/vendor/laravel/framework/src/Illuminate/Pipeline/Pipeline.php(137): Illuminate\\Pipeline\\Pipeline->{closure:{closure:Illuminate\\Pipeline\\Pipeline::carry():194}:195}(Object(Illuminate\\Http\\Request))
#45 /Users/mariopazmino/Desktop/springboot/app/contabilidad-backend/vendor/laravel/framework/src/Illuminate/Foundation/Http/Kernel.php(175): Illuminate\\Pipeline\\Pipeline->then(Object(Closure))
#46 /Users/mariopazmino/Desktop/springboot/app/contabilidad-backend/vendor/laravel/framework/src/Illuminate/Foundation/Http/Kernel.php(144): Illuminate\\Foundation\\Http\\Kernel->sendRequestThroughRouter(Object(Illuminate\\Http\\Request))
#47 /Users/mariopazmino/Desktop/springboot/app/contabilidad-backend/vendor/laravel/framework/src/Illuminate/Foundation/Application.php(1220): Illuminate\\Foundation\\Http\\Kernel->handle(Object(Illuminate\\Http\\Request))
#48 /Users/mariopazmino/Desktop/springboot/app/contabilidad-backend/public/index.php(20): Illuminate\\Foundation\\Application->handleRequest(Object(Illuminate\\Http\\Request))
#49 /Users/mariopazmino/Desktop/springboot/app/contabilidad-backend/vendor/laravel/framework/src/Illuminate/Foundation/resources/server.php(23): require_once('/Users/mariopaz...')
#50 {main}
"} 
[2026-07-18 00:38:41] local.ERROR: SQLSTATE[23000]: Integrity constraint violation: 19 FOREIGN KEY constraint failed (Connection: sqlite, Database: /Users/mariopazmino/Desktop/springboot/app/contabilidad-backend/database/database.sqlite, SQL: delete from "contacts" where "id" = 6) {"userId":1,"exception":"[object] (Illuminate\\Database\\QueryException(code: 23000): SQLSTATE[23000]: Integrity constraint violation: 19 FOREIGN KEY constraint failed (Connection: sqlite, Database: /Users/mariopazmino/Desktop/springboot/app/contabilidad-backend/database/database.sqlite, SQL: delete from \"contacts\" where \"id\" = 6) at /Users/mariopazmino/Desktop/springboot/app/contabilidad-backend/vendor/laravel/framework/src/Illuminate/Database/Connection.php:857)
[stacktrace]
#0 /Users/mariopazmino/Desktop/springboot/app/contabilidad-backend/vendor/laravel/framework/src/Illuminate/Database/Connection.php(813): Illuminate\\Database\\Connection->runQueryCallback('delete from \"co...', Array, Object(Closure))
#1 /Users/mariopazmino/Desktop/springboot/app/contabilidad-backend/vendor/laravel/framework/src/Illuminate/Database/Connection.php(614): Illuminate\\Database\\Connection->run('delete from \"co...', Array, Object(Closure))
#2 /Users/mariopazmino/Desktop/springboot/app/contabilidad-backend/vendor/laravel/framework/src/Illuminate/Database/Connection.php(578): Illuminate\\Database\\Connection->affectingStatement('delete from \"co...', Array)
#3 /Users/mariopazmino/Desktop/springboot/app/contabilidad-backend/vendor/laravel/framework/src/Illuminate/Database/Query/Builder.php(4520): Illuminate\\Database\\Connection->delete('delete from \"co...', Array)
#4 /Users/mariopazmino/Desktop/springboot/app/contabilidad-backend/vendor/laravel/framework/src/Illuminate/Database/Eloquent/Builder.php(1514): Illuminate\\Database\\Query\\Builder->delete()
#5 /Users/mariopazmino/Desktop/springboot/app/contabilidad-backend/vendor/laravel/framework/src/Illuminate/Database/Eloquent/Model.php(1804): Illuminate\\Database\\Eloquent\\Builder->delete()
#6 /Users/mariopazmino/Desktop/springboot/app/contabilidad-backend/vendor/laravel/framework/src/Illuminate/Database/Eloquent/Model.php(1736): Illuminate\\Database\\Eloquent\\Model->performDeleteOnModel()
#7 /Users/mariopazmino/Desktop/springboot/app/contabilidad-backend/app/Http/Controllers/ContactController.php(22): Illuminate\\Database\\Eloquent\\Model->delete()
#8 /Users/mariopazmino/Desktop/springboot/app/contabilidad-backend/vendor/laravel/framework/src/Illuminate/Routing/ControllerDispatcher.php(46): App\\Http\\Controllers\\ContactController->destroy(Object(App\\Models\\Contact))
#9 /Users/mariopazmino/Desktop/springboot/app/contabilidad-backend/vendor/laravel/framework/src/Illuminate/Routing/Route.php(275): Illuminate\\Routing\\ControllerDispatcher->dispatch(Object(Illuminate\\Routing\\Route), Object(App\\Http\\Controllers\\ContactController), 'destroy')
#10 /Users/mariopazmino/Desktop/springboot/app/contabilidad-backend/vendor/laravel/framework/src/Illuminate/Routing/Route.php(215): Illuminate\\Routing\\Route->runController()
#11 /Users/mariopazmino/Desktop/springboot/app/contabilidad-backend/vendor/laravel/framework/src/Illuminate/Routing/Router.php(822): Illuminate\\Routing\\Route->run()
#12 /Users/mariopazmino/Desktop/springboot/app/contabilidad-backend/vendor/laravel/framework/src/Illuminate/Pipeline/Pipeline.php(180): Illuminate\\Routing\\Router->{closure:Illuminate\\Routing\\Router::runRouteWithinStack():821}(Object(Illuminate\\Http\\Request))
#13 /Users/mariopazmino/Desktop/springboot/app/contabilidad-backend/vendor/laravel/framework/src/Illuminate/Routing/Middleware/SubstituteBindings.php(52): Illuminate\\Pipeline\\Pipeline->{closure:Illuminate\\Pipeline\\Pipeline::prepareDestination():178}(Object(Illuminate\\Http\\Request))
#14 /Users/mariopazmino/Desktop/springboot/app/contabilidad-backend/vendor/laravel/framework/src/Illuminate/Pipeline/Pipeline.php(219): Illuminate\\Routing\\Middleware\\SubstituteBindings->handle(Object(Illuminate\\Http\\Request), Object(Closure))
#15 /Users/mariopazmino/Desktop/springboot/app/contabilidad-backend/vendor/laravel/framework/src/Illuminate/Auth/Middleware/Authenticate.php(63): Illuminate\\Pipeline\\Pipeline->{closure:{closure:Illuminate\\Pipeline\\Pipeline::carry():194}:195}(Object(Illuminate\\Http\\Request))
#16 /Users/mariopazmino/Desktop/springboot/app/contabilidad-backend/vendor/laravel/framework/src/Illuminate/Pipeline/Pipeline.php(219): Illuminate\\Auth\\Middleware\\Authenticate->handle(Object(Illuminate\\Http\\Request), Object(Closure), 'sanctum')
#17 /Users/mariopazmino/Desktop/springboot/app/contabilidad-backend/vendor/laravel/framework/src/Illuminate/Pipeline/Pipeline.php(137): Illuminate\\Pipeline\\Pipeline->{closure:{closure:Illuminate\\Pipeline\\Pipeline::carry():194}:195}(Object(Illuminate\\Http\\Request))
#18 /Users/mariopazmino/Desktop/springboot/app/contabilidad-backend/vendor/laravel/framework/src/Illuminate/Routing/Router.php(821): Illuminate\\Pipeline\\Pipeline->then(Object(Closure))
#19 /Users/mariopazmino/Desktop/springboot/app/contabilidad-backend/vendor/laravel/framework/src/Illuminate/Routing/Router.php(800): Illuminate\\Routing\\Router->runRouteWithinStack(Object(Illuminate\\Routing\\Route), Object(Illuminate\\Http\\Request))
#20 /Users/mariopazmino/Desktop/springboot/app/contabilidad-backend/vendor/laravel/framework/src/Illuminate/Routing/Router.php(764): Illuminate\\Routing\\Router->runRoute(Object(Illuminate\\Http\\Request), Object(Illuminate\\Routing\\Route))
#21 /Users/mariopazmino/Desktop/springboot/app/contabilidad-backend/vendor/laravel/framework/src/Illuminate/Routing/Router.php(753): Illuminate\\Routing\\Router->dispatchToRoute(Object(Illuminate\\Http\\Request))
#22 /Users/mariopazmino/Desktop/springboot/app/contabilidad-backend/vendor/laravel/framework/src/Illuminate/Foundation/Http/Kernel.php(200): Illuminate\\Routing\\Router->dispatch(Object(Illuminate\\Http\\Request))
#23 /Users/mariopazmino/Desktop/springboot/app/contabilidad-backend/vendor/laravel/framework/src/Illuminate/Pipeline/Pipeline.php(180): Illuminate\\Foundation\\Http\\Kernel->{closure:Illuminate\\Foundation\\Http\\Kernel::dispatchToRouter():197}(Object(Illuminate\\Http\\Request))
#24 /Users/mariopazmino/Desktop/springboot/app/contabilidad-backend/vendor/laravel/framework/src/Illuminate/Foundation/Http/Middleware/TransformsRequest.php(21): Illuminate\\Pipeline\\Pipeline->{closure:Illuminate\\Pipeline\\Pipeline::prepareDestination():178}(Object(Illuminate\\Http\\Request))
#25 /Users/mariopazmino/Desktop/springboot/app/contabilidad-backend/vendor/laravel/framework/src/Illuminate/Foundation/Http/Middleware/ConvertEmptyStringsToNull.php(31): Illuminate\\Foundation\\Http\\Middleware\\TransformsRequest->handle(Object(Illuminate\\Http\\Request), Object(Closure))
#26 /Users/mariopazmino/Desktop/springboot/app/contabilidad-backend/vendor/laravel/framework/src/Illuminate/Pipeline/Pipeline.php(219): Illuminate\\Foundation\\Http\\Middleware\\ConvertEmptyStringsToNull->handle(Object(Illuminate\\Http\\Request), Object(Closure))
#27 /Users/mariopazmino/Desktop/springboot/app/contabilidad-backend/vendor/laravel/framework/src/Illuminate/Foundation/Http/Middleware/TransformsRequest.php(21): Illuminate\\Pipeline\\Pipeline->{closure:{closure:Illuminate\\Pipeline\\Pipeline::carry():194}:195}(Object(Illuminate\\Http\\Request))
#28 /Users/mariopazmino/Desktop/springboot/app/contabilidad-backend/vendor/laravel/framework/src/Illuminate/Foundation/Http/Middleware/TrimStrings.php(51): Illuminate\\Foundation\\Http\\Middleware\\TransformsRequest->handle(Object(Illuminate\\Http\\Request), Object(Closure))
#29 /Users/mariopazmino/Desktop/springboot/app/contabilidad-backend/vendor/laravel/framework/src/Illuminate/Pipeline/Pipeline.php(219): Illuminate\\Foundation\\Http\\Middleware\\TrimStrings->handle(Object(Illuminate\\Http\\Request), Object(Closure))
#30 /Users/mariopazmino/Desktop/springboot/app/contabilidad-backend/vendor/laravel/framework/src/Illuminate/Http/Middleware/ValidatePostSize.php(27): Illuminate\\Pipeline\\Pipeline->{closure:{closure:Illuminate\\Pipeline\\Pipeline::carry():194}:195}(Object(Illuminate\\Http\\Request))
#31 /Users/mariopazmino/Desktop/springboot/app/contabilidad-backend/vendor/laravel/framework/src/Illuminate/Pipeline/Pipeline.php(219): Illuminate\\Http\\Middleware\\ValidatePostSize->handle(Object(Illuminate\\Http\\Request), Object(Closure))
#32 /Users/mariopazmino/Desktop/springboot/app/contabilidad-backend/vendor/laravel/framework/src/Illuminate/Foundation/Http/Middleware/PreventRequestsDuringMaintenance.php(109): Illuminate\\Pipeline\\Pipeline->{closure:{closure:Illuminate\\Pipeline\\Pipeline::carry():194}:195}(Object(Illuminate\\Http\\Request))
#33 /Users/mariopazmino/Desktop/springboot/app/contabilidad-backend/vendor/laravel/framework/src/Illuminate/Pipeline/Pipeline.php(219): Illuminate\\Foundation\\Http\\Middleware\\PreventRequestsDuringMaintenance->handle(Object(Illuminate\\Http\\Request), Object(Closure))
#34 /Users/mariopazmino/Desktop/springboot/app/contabilidad-backend/vendor/laravel/framework/src/Illuminate/Http/Middleware/HandleCors.php(74): Illuminate\\Pipeline\\Pipeline->{closure:{closure:Illuminate\\Pipeline\\Pipeline::carry():194}:195}(Object(Illuminate\\Http\\Request))
#35 /Users/mariopazmino/Desktop/springboot/app/contabilidad-backend/vendor/laravel/framework/src/Illuminate/Pipeline/Pipeline.php(219): Illuminate\\Http\\Middleware\\HandleCors->handle(Object(Illuminate\\Http\\Request), Object(Closure))
#36 /Users/mariopazmino/Desktop/springboot/app/contabilidad-backend/vendor/laravel/framework/src/Illuminate/Http/Middleware/TrustProxies.php(58): Illuminate\\Pipeline\\Pipeline->{closure:{closure:Illuminate\\Pipeline\\Pipeline::carry():194}:195}(Object(Illuminate\\Http\\Request))
#37 /Users/mariopazmino/Desktop/springboot/app/contabilidad-backend/vendor/laravel/framework/src/Illuminate/Pipeline/Pipeline.php(219): Illuminate\\Http\\Middleware\\TrustProxies->handle(Object(Illuminate\\Http\\Request), Object(Closure))
#38 /Users/mariopazmino/Desktop/springboot/app/contabilidad-backend/vendor/laravel/framework/src/Illuminate/Foundation/Http/Middleware/InvokeDeferredCallbacks.php(22): Illuminate\\Pipeline\\Pipeline->{closure:{closure:Illuminate\\Pipeline\\Pipeline::carry():194}:195}(Object(Illuminate\\Http\\Request))
#39 /Users/mariopazmino/Desktop/springboot/app/contabilidad-backend/vendor/laravel/framework/src/Illuminate/Pipeline/Pipeline.php(219): Illuminate\\Foundation\\Http\\Middleware\\InvokeDeferredCallbacks->handle(Object(Illuminate\\Http\\Request), Object(Closure))
#40 /Users/mariopazmino/Desktop/springboot/app/contabilidad-backend/vendor/laravel/framework/src/Illuminate/Http/Middleware/ValidatePathEncoding.php(28): Illuminate\\Pipeline\\Pipeline->{closure:{closure:Illuminate\\Pipeline\\Pipeline::carry():194}:195}(Object(Illuminate\\Http\\Request))
#41 /Users/mariopazmino/Desktop/springboot/app/contabilidad-backend/vendor/laravel/framework/src/Illuminate/Pipeline/Pipeline.php(219): Illuminate\\Http\\Middleware\\ValidatePathEncoding->handle(Object(Illuminate\\Http\\Request), Object(Closure))
#42 /Users/mariopazmino/Desktop/springboot/app/contabilidad-backend/vendor/laravel/framework/src/Illuminate/Pipeline/Pipeline.php(137): Illuminate\\Pipeline\\Pipeline->{closure:{closure:Illuminate\\Pipeline\\Pipeline::carry():194}:195}(Object(Illuminate\\Http\\Request))
#43 /Users/mariopazmino/Desktop/springboot/app/contabilidad-backend/vendor/laravel/framework/src/Illuminate/Foundation/Http/Kernel.php(175): Illuminate\\Pipeline\\Pipeline->then(Object(Closure))
#44 /Users/mariopazmino/Desktop/springboot/app/contabilidad-backend/vendor/laravel/framework/src/Illuminate/Foundation/Http/Kernel.php(144): Illuminate\\Foundation\\Http\\Kernel->sendRequestThroughRouter(Object(Illuminate\\Http\\Request))
#45 /Users/mariopazmino/Desktop/springboot/app/contabilidad-backend/vendor/laravel/framework/src/Illuminate/Foundation/Application.php(1220): Illuminate\\Foundation\\Http\\Kernel->handle(Object(Illuminate\\Http\\Request))
#46 /Users/mariopazmino/Desktop/springboot/app/contabilidad-backend/public/index.php(20): Illuminate\\Foundation\\Application->handleRequest(Object(Illuminate\\Http\\Request))
#47 /Users/mariopazmino/Desktop/springboot/app/contabilidad-backend/vendor/laravel/framework/src/Illuminate/Foundation/resources/server.php(23): require_once('/Users/mariopaz...')
#48 {main}

[previous exception] [object] (PDOException(code: 23000): SQLSTATE[23000]: Integrity constraint violation: 19 FOREIGN KEY constraint failed at /Users/mariopazmino/Desktop/springboot/app/contabilidad-backend/vendor/laravel/framework/src/Illuminate/Database/Connection.php:626)
[stacktrace]
#0 /Users/mariopazmino/Desktop/springboot/app/contabilidad-backend/vendor/laravel/framework/src/Illuminate/Database/Connection.php(626): PDOStatement->execute()
#1 /Users/mariopazmino/Desktop/springboot/app/contabilidad-backend/vendor/laravel/framework/src/Illuminate/Database/Connection.php(846): Illuminate\\Database\\Connection->{closure:Illuminate\\Database\\Connection::affectingStatement():614}('delete from \"co...', Array)
#2 /Users/mariopazmino/Desktop/springboot/app/contabilidad-backend/vendor/laravel/framework/src/Illuminate/Database/Connection.php(813): Illuminate\\Database\\Connection->runQueryCallback('delete from \"co...', Array, Object(Closure))
#3 /Users/mariopazmino/Desktop/springboot/app/contabilidad-backend/vendor/laravel/framework/src/Illuminate/Database/Connection.php(614): Illuminate\\Database\\Connection->run('delete from \"co...', Array, Object(Closure))
#4 /Users/mariopazmino/Desktop/springboot/app/contabilidad-backend/vendor/laravel/framework/src/Illuminate/Database/Connection.php(578): Illuminate\\Database\\Connection->affectingStatement('delete from \"co...', Array)
#5 /Users/mariopazmino/Desktop/springboot/app/contabilidad-backend/vendor/laravel/framework/src/Illuminate/Database/Query/Builder.php(4520): Illuminate\\Database\\Connection->delete('delete from \"co...', Array)
#6 /Users/mariopazmino/Desktop/springboot/app/contabilidad-backend/vendor/laravel/framework/src/Illuminate/Database/Eloquent/Builder.php(1514): Illuminate\\Database\\Query\\Builder->delete()
#7 /Users/mariopazmino/Desktop/springboot/app/contabilidad-backend/vendor/laravel/framework/src/Illuminate/Database/Eloquent/Model.php(1804): Illuminate\\Database\\Eloquent\\Builder->delete()
#8 /Users/mariopazmino/Desktop/springboot/app/contabilidad-backend/vendor/laravel/framework/src/Illuminate/Database/Eloquent/Model.php(1736): Illuminate\\Database\\Eloquent\\Model->performDeleteOnModel()
#9 /Users/mariopazmino/Desktop/springboot/app/contabilidad-backend/app/Http/Controllers/ContactController.php(22): Illuminate\\Database\\Eloquent\\Model->delete()
#10 /Users/mariopazmino/Desktop/springboot/app/contabilidad-backend/vendor/laravel/framework/src/Illuminate/Routing/ControllerDispatcher.php(46): App\\Http\\Controllers\\ContactController->destroy(Object(App\\Models\\Contact))
#11 /Users/mariopazmino/Desktop/springboot/app/contabilidad-backend/vendor/laravel/framework/src/Illuminate/Routing/Route.php(275): Illuminate\\Routing\\ControllerDispatcher->dispatch(Object(Illuminate\\Routing\\Route), Object(App\\Http\\Controllers\\ContactController), 'destroy')
#12 /Users/mariopazmino/Desktop/springboot/app/contabilidad-backend/vendor/laravel/framework/src/Illuminate/Routing/Route.php(215): Illuminate\\Routing\\Route->runController()
#13 /Users/mariopazmino/Desktop/springboot/app/contabilidad-backend/vendor/laravel/framework/src/Illuminate/Routing/Router.php(822): Illuminate\\Routing\\Route->run()
#14 /Users/mariopazmino/Desktop/springboot/app/contabilidad-backend/vendor/laravel/framework/src/Illuminate/Pipeline/Pipeline.php(180): Illuminate\\Routing\\Router->{closure:Illuminate\\Routing\\Router::runRouteWithinStack():821}(Object(Illuminate\\Http\\Request))
#15 /Users/mariopazmino/Desktop/springboot/app/contabilidad-backend/vendor/laravel/framework/src/Illuminate/Routing/Middleware/SubstituteBindings.php(52): Illuminate\\Pipeline\\Pipeline->{closure:Illuminate\\Pipeline\\Pipeline::prepareDestination():178}(Object(Illuminate\\Http\\Request))
#16 /Users/mariopazmino/Desktop/springboot/app/contabilidad-backend/vendor/laravel/framework/src/Illuminate/Pipeline/Pipeline.php(219): Illuminate\\Routing\\Middleware\\SubstituteBindings->handle(Object(Illuminate\\Http\\Request), Object(Closure))
#17 /Users/mariopazmino/Desktop/springboot/app/contabilidad-backend/vendor/laravel/framework/src/Illuminate/Auth/Middleware/Authenticate.php(63): Illuminate\\Pipeline\\Pipeline->{closure:{closure:Illuminate\\Pipeline\\Pipeline::carry():194}:195}(Object(Illuminate\\Http\\Request))
#18 /Users/mariopazmino/Desktop/springboot/app/contabilidad-backend/vendor/laravel/framework/src/Illuminate/Pipeline/Pipeline.php(219): Illuminate\\Auth\\Middleware\\Authenticate->handle(Object(Illuminate\\Http\\Request), Object(Closure), 'sanctum')
#19 /Users/mariopazmino/Desktop/springboot/app/contabilidad-backend/vendor/laravel/framework/src/Illuminate/Pipeline/Pipeline.php(137): Illuminate\\Pipeline\\Pipeline->{closure:{closure:Illuminate\\Pipeline\\Pipeline::carry():194}:195}(Object(Illuminate\\Http\\Request))
#20 /Users/mariopazmino/Desktop/springboot/app/contabilidad-backend/vendor/laravel/framework/src/Illuminate/Routing/Router.php(821): Illuminate\\Pipeline\\Pipeline->then(Object(Closure))
#21 /Users/mariopazmino/Desktop/springboot/app/contabilidad-backend/vendor/laravel/framework/src/Illuminate/Routing/Router.php(800): Illuminate\\Routing\\Router->runRouteWithinStack(Object(Illuminate\\Routing\\Route), Object(Illuminate\\Http\\Request))
#22 /Users/mariopazmino/Desktop/springboot/app/contabilidad-backend/vendor/laravel/framework/src/Illuminate/Routing/Router.php(764): Illuminate\\Routing\\Router->runRoute(Object(Illuminate\\Http\\Request), Object(Illuminate\\Routing\\Route))
#23 /Users/mariopazmino/Desktop/springboot/app/contabilidad-backend/vendor/laravel/framework/src/Illuminate/Routing/Router.php(753): Illuminate\\Routing\\Router->dispatchToRoute(Object(Illuminate\\Http\\Request))
#24 /Users/mariopazmino/Desktop/springboot/app/contabilidad-backend/vendor/laravel/framework/src/Illuminate/Foundation/Http/Kernel.php(200): Illuminate\\Routing\\Router->dispatch(Object(Illuminate\\Http\\Request))
#25 /Users/mariopazmino/Desktop/springboot/app/contabilidad-backend/vendor/laravel/framework/src/Illuminate/Pipeline/Pipeline.php(180): Illuminate\\Foundation\\Http\\Kernel->{closure:Illuminate\\Foundation\\Http\\Kernel::dispatchToRouter():197}(Object(Illuminate\\Http\\Request))
#26 /Users/mariopazmino/Desktop/springboot/app/contabilidad-backend/vendor/laravel/framework/src/Illuminate/Foundation/Http/Middleware/TransformsRequest.php(21): Illuminate\\Pipeline\\Pipeline->{closure:Illuminate\\Pipeline\\Pipeline::prepareDestination():178}(Object(Illuminate\\Http\\Request))
#27 /Users/mariopazmino/Desktop/springboot/app/contabilidad-backend/vendor/laravel/framework/src/Illuminate/Foundation/Http/Middleware/ConvertEmptyStringsToNull.php(31): Illuminate\\Foundation\\Http\\Middleware\\TransformsRequest->handle(Object(Illuminate\\Http\\Request), Object(Closure))
#28 /Users/mariopazmino/Desktop/springboot/app/contabilidad-backend/vendor/laravel/framework/src/Illuminate/Pipeline/Pipeline.php(219): Illuminate\\Foundation\\Http\\Middleware\\ConvertEmptyStringsToNull->handle(Object(Illuminate\\Http\\Request), Object(Closure))
#29 /Users/mariopazmino/Desktop/springboot/app/contabilidad-backend/vendor/laravel/framework/src/Illuminate/Foundation/Http/Middleware/TransformsRequest.php(21): Illuminate\\Pipeline\\Pipeline->{closure:{closure:Illuminate\\Pipeline\\Pipeline::carry():194}:195}(Object(Illuminate\\Http\\Request))
#30 /Users/mariopazmino/Desktop/springboot/app/contabilidad-backend/vendor/laravel/framework/src/Illuminate/Foundation/Http/Middleware/TrimStrings.php(51): Illuminate\\Foundation\\Http\\Middleware\\TransformsRequest->handle(Object(Illuminate\\Http\\Request), Object(Closure))
#31 /Users/mariopazmino/Desktop/springboot/app/contabilidad-backend/vendor/laravel/framework/src/Illuminate/Pipeline/Pipeline.php(219): Illuminate\\Foundation\\Http\\Middleware\\TrimStrings->handle(Object(Illuminate\\Http\\Request), Object(Closure))
#32 /Users/mariopazmino/Desktop/springboot/app/contabilidad-backend/vendor/laravel/framework/src/Illuminate/Http/Middleware/ValidatePostSize.php(27): Illuminate\\Pipeline\\Pipeline->{closure:{closure:Illuminate\\Pipeline\\Pipeline::carry():194}:195}(Object(Illuminate\\Http\\Request))
#33 /Users/mariopazmino/Desktop/springboot/app/contabilidad-backend/vendor/laravel/framework/src/Illuminate/Pipeline/Pipeline.php(219): Illuminate\\Http\\Middleware\\ValidatePostSize->handle(Object(Illuminate\\Http\\Request), Object(Closure))
#34 /Users/mariopazmino/Desktop/springboot/app/contabilidad-backend/vendor/laravel/framework/src/Illuminate/Foundation/Http/Middleware/PreventRequestsDuringMaintenance.php(109): Illuminate\\Pipeline\\Pipeline->{closure:{closure:Illuminate\\Pipeline\\Pipeline::carry():194}:195}(Object(Illuminate\\Http\\Request))
#35 /Users/mariopazmino/Desktop/springboot/app/contabilidad-backend/vendor/laravel/framework/src/Illuminate/Pipeline/Pipeline.php(219): Illuminate\\Foundation\\Http\\Middleware\\PreventRequestsDuringMaintenance->handle(Object(Illuminate\\Http\\Request), Object(Closure))
#36 /Users/mariopazmino/Desktop/springboot/app/contabilidad-backend/vendor/laravel/framework/src/Illuminate/Http/Middleware/HandleCors.php(74): Illuminate\\Pipeline\\Pipeline->{closure:{closure:Illuminate\\Pipeline\\Pipeline::carry():194}:195}(Object(Illuminate\\Http\\Request))
#37 /Users/mariopazmino/Desktop/springboot/app/contabilidad-backend/vendor/laravel/framework/src/Illuminate/Pipeline/Pipeline.php(219): Illuminate\\Http\\Middleware\\HandleCors->handle(Object(Illuminate\\Http\\Request), Object(Closure))
#38 /Users/mariopazmino/Desktop/springboot/app/contabilidad-backend/vendor/laravel/framework/src/Illuminate/Http/Middleware/TrustProxies.php(58): Illuminate\\Pipeline\\Pipeline->{closure:{closure:Illuminate\\Pipeline\\Pipeline::carry():194}:195}(Object(Illuminate\\Http\\Request))
#39 /Users/mariopazmino/Desktop/springboot/app/contabilidad-backend/vendor/laravel/framework/src/Illuminate/Pipeline/Pipeline.php(219): Illuminate\\Http\\Middleware\\TrustProxies->handle(Object(Illuminate\\Http\\Request), Object(Closure))
#40 /Users/mariopazmino/Desktop/springboot/app/contabilidad-backend/vendor/laravel/framework/src/Illuminate/Foundation/Http/Middleware/InvokeDeferredCallbacks.php(22): Illuminate\\Pipeline\\Pipeline->{closure:{closure:Illuminate\\Pipeline\\Pipeline::carry():194}:195}(Object(Illuminate\\Http\\Request))
#41 /Users/mariopazmino/Desktop/springboot/app/contabilidad-backend/vendor/laravel/framework/src/Illuminate/Pipeline/Pipeline.php(219): Illuminate\\Foundation\\Http\\Middleware\\InvokeDeferredCallbacks->handle(Object(Illuminate\\Http\\Request), Object(Closure))
#42 /Users/mariopazmino/Desktop/springboot/app/contabilidad-backend/vendor/laravel/framework/src/Illuminate/Http/Middleware/ValidatePathEncoding.php(28): Illuminate\\Pipeline\\Pipeline->{closure:{closure:Illuminate\\Pipeline\\Pipeline::carry():194}:195}(Object(Illuminate\\Http\\Request))
#43 /Users/mariopazmino/Desktop/springboot/app/contabilidad-backend/vendor/laravel/framework/src/Illuminate/Pipeline/Pipeline.php(219): Illuminate\\Http\\Middleware\\ValidatePathEncoding->handle(Object(Illuminate\\Http\\Request), Object(Closure))
#44 /Users/mariopazmino/Desktop/springboot/app/contabilidad-backend/vendor/laravel/framework/src/Illuminate/Pipeline/Pipeline.php(137): Illuminate\\Pipeline\\Pipeline->{closure:{closure:Illuminate\\Pipeline\\Pipeline::carry():194}:195}(Object(Illuminate\\Http\\Request))
#45 /Users/mariopazmino/Desktop/springboot/app/contabilidad-backend/vendor/laravel/framework/src/Illuminate/Foundation/Http/Kernel.php(175): Illuminate\\Pipeline\\Pipeline->then(Object(Closure))
#46 /Users/mariopazmino/Desktop/springboot/app/contabilidad-backend/vendor/laravel/framework/src/Illuminate/Foundation/Http/Kernel.php(144): Illuminate\\Foundation\\Http\\Kernel->sendRequestThroughRouter(Object(Illuminate\\Http\\Request))
#47 /Users/mariopazmino/Desktop/springboot/app/contabilidad-backend/vendor/laravel/framework/src/Illuminate/Foundation/Application.php(1220): Illuminate\\Foundation\\Http\\Kernel->handle(Object(Illuminate\\Http\\Request))
#48 /Users/mariopazmino/Desktop/springboot/app/contabilidad-backend/public/index.php(20): Illuminate\\Foundation\\Application->handleRequest(Object(Illuminate\\Http\\Request))
#49 /Users/mariopazmino/Desktop/springboot/app/contabilidad-backend/vendor/laravel/framework/src/Illuminate/Foundation/resources/server.php(23): require_once('/Users/mariopaz...')
#50 {main}
"} 
[2026-07-18 00:38:45] local.ERROR: SQLSTATE[23000]: Integrity constraint violation: 19 FOREIGN KEY constraint failed (Connection: sqlite, Database: /Users/mariopazmino/Desktop/springboot/app/contabilidad-backend/database/database.sqlite, SQL: delete from "contacts" where "id" = 5) {"userId":1,"exception":"[object] (Illuminate\\Database\\QueryException(code: 23000): SQLSTATE[23000]: Integrity constraint violation: 19 FOREIGN KEY constraint failed (Connection: sqlite, Database: /Users/mariopazmino/Desktop/springboot/app/contabilidad-backend/database/database.sqlite, SQL: delete from \"contacts\" where \"id\" = 5) at /Users/mariopazmino/Desktop/springboot/app/contabilidad-backend/vendor/laravel/framework/src/Illuminate/Database/Connection.php:857)
[stacktrace]
#0 /Users/mariopazmino/Desktop/springboot/app/contabilidad-backend/vendor/laravel/framework/src/Illuminate/Database/Connection.php(813): Illuminate\\Database\\Connection->runQueryCallback('delete from \"co...', Array, Object(Closure))
#1 /Users/mariopazmino/Desktop/springboot/app/contabilidad-backend/vendor/laravel/framework/src/Illuminate/Database/Connection.php(614): Illuminate\\Database\\Connection->run('delete from \"co...', Array, Object(Closure))
#2 /Users/mariopazmino/Desktop/springboot/app/contabilidad-backend/vendor/laravel/framework/src/Illuminate/Database/Connection.php(578): Illuminate\\Database\\Connection->affectingStatement('delete from \"co...', Array)
#3 /Users/mariopazmino/Desktop/springboot/app/contabilidad-backend/vendor/laravel/framework/src/Illuminate/Database/Query/Builder.php(4520): Illuminate\\Database\\Connection->delete('delete from \"co...', Array)
#4 /Users/mariopazmino/Desktop/springboot/app/contabilidad-backend/vendor/laravel/framework/src/Illuminate/Database/Eloquent/Builder.php(1514): Illuminate\\Database\\Query\\Builder->delete()
#5 /Users/mariopazmino/Desktop/springboot/app/contabilidad-backend/vendor/laravel/framework/src/Illuminate/Database/Eloquent/Model.php(1804): Illuminate\\Database\\Eloquent\\Builder->delete()
#6 /Users/mariopazmino/Desktop/springboot/app/contabilidad-backend/vendor/laravel/framework/src/Illuminate/Database/Eloquent/Model.php(1736): Illuminate\\Database\\Eloquent\\Model->performDeleteOnModel()
#7 /Users/mariopazmino/Desktop/springboot/app/contabilidad-backend/app/Http/Controllers/ContactController.php(22): Illuminate\\Database\\Eloquent\\Model->delete()
#8 /Users/mariopazmino/Desktop/springboot/app/contabilidad-backend/vendor/laravel/framework/src/Illuminate/Routing/ControllerDispatcher.php(46): App\\Http\\Controllers\\ContactController->destroy(Object(App\\Models\\Contact))
#9 /Users/mariopazmino/Desktop/springboot/app/contabilidad-backend/vendor/laravel/framework/src/Illuminate/Routing/Route.php(275): Illuminate\\Routing\\ControllerDispatcher->dispatch(Object(Illuminate\\Routing\\Route), Object(App\\Http\\Controllers\\ContactController), 'destroy')
#10 /Users/mariopazmino/Desktop/springboot/app/contabilidad-backend/vendor/laravel/framework/src/Illuminate/Routing/Route.php(215): Illuminate\\Routing\\Route->runController()
#11 /Users/mariopazmino/Desktop/springboot/app/contabilidad-backend/vendor/laravel/framework/src/Illuminate/Routing/Router.php(822): Illuminate\\Routing\\Route->run()
#12 /Users/mariopazmino/Desktop/springboot/app/contabilidad-backend/vendor/laravel/framework/src/Illuminate/Pipeline/Pipeline.php(180): Illuminate\\Routing\\Router->{closure:Illuminate\\Routing\\Router::runRouteWithinStack():821}(Object(Illuminate\\Http\\Request))
#13 /Users/mariopazmino/Desktop/springboot/app/contabilidad-backend/vendor/laravel/framework/src/Illuminate/Routing/Middleware/SubstituteBindings.php(52): Illuminate\\Pipeline\\Pipeline->{closure:Illuminate\\Pipeline\\Pipeline::prepareDestination():178}(Object(Illuminate\\Http\\Request))
#14 /Users/mariopazmino/Desktop/springboot/app/contabilidad-backend/vendor/laravel/framework/src/Illuminate/Pipeline/Pipeline.php(219): Illuminate\\Routing\\Middleware\\SubstituteBindings->handle(Object(Illuminate\\Http\\Request), Object(Closure))
#15 /Users/mariopazmino/Desktop/springboot/app/contabilidad-backend/vendor/laravel/framework/src/Illuminate/Auth/Middleware/Authenticate.php(63): Illuminate\\Pipeline\\Pipeline->{closure:{closure:Illuminate\\Pipeline\\Pipeline::carry():194}:195}(Object(Illuminate\\Http\\Request))
#16 /Users/mariopazmino/Desktop/springboot/app/contabilidad-backend/vendor/laravel/framework/src/Illuminate/Pipeline/Pipeline.php(219): Illuminate\\Auth\\Middleware\\Authenticate->handle(Object(Illuminate\\Http\\Request), Object(Closure), 'sanctum')
#17 /Users/mariopazmino/Desktop/springboot/app/contabilidad-backend/vendor/laravel/framework/src/Illuminate/Pipeline/Pipeline.php(137): Illuminate\\Pipeline\\Pipeline->{closure:{closure:Illuminate\\Pipeline\\Pipeline::carry():194}:195}(Object(Illuminate\\Http\\Request))
#18 /Users/mariopazmino/Desktop/springboot/app/contabilidad-backend/vendor/laravel/framework/src/Illuminate/Routing/Router.php(821): Illuminate\\Pipeline\\Pipeline->then(Object(Closure))
#19 /Users/mariopazmino/Desktop/springboot/app/contabilidad-backend/vendor/laravel/framework/src/Illuminate/Routing/Router.php(800): Illuminate\\Routing\\Router->runRouteWithinStack(Object(Illuminate\\Routing\\Route), Object(Illuminate\\Http\\Request))
#20 /Users/mariopazmino/Desktop/springboot/app/contabilidad-backend/vendor/laravel/framework/src/Illuminate/Routing/Router.php(764): Illuminate\\Routing\\Router->runRoute(Object(Illuminate\\Http\\Request), Object(Illuminate\\Routing\\Route))
#21 /Users/mariopazmino/Desktop/springboot/app/contabilidad-backend/vendor/laravel/framework/src/Illuminate/Routing/Router.php(753): Illuminate\\Routing\\Router->dispatchToRoute(Object(Illuminate\\Http\\Request))
#22 /Users/mariopazmino/Desktop/springboot/app/contabilidad-backend/vendor/laravel/framework/src/Illuminate/Foundation/Http/Kernel.php(200): Illuminate\\Routing\\Router->dispatch(Object(Illuminate\\Http\\Request))
#23 /Users/mariopazmino/Desktop/springboot/app/contabilidad-backend/vendor/laravel/framework/src/Illuminate/Pipeline/Pipeline.php(180): Illuminate\\Foundation\\Http\\Kernel->{closure:Illuminate\\Foundation\\Http\\Kernel::dispatchToRouter():197}(Object(Illuminate\\Http\\Request))
#24 /Users/mariopazmino/Desktop/springboot/app/contabilidad-backend/vendor/laravel/framework/src/Illuminate/Foundation/Http/Middleware/TransformsRequest.php(21): Illuminate\\Pipeline\\Pipeline->{closure:Illuminate\\Pipeline\\Pipeline::prepareDestination():178}(Object(Illuminate\\Http\\Request))
#25 /Users/mariopazmino/Desktop/springboot/app/contabilidad-backend/vendor/laravel/framework/src/Illuminate/Foundation/Http/Middleware/ConvertEmptyStringsToNull.php(31): Illuminate\\Foundation\\Http\\Middleware\\TransformsRequest->handle(Object(Illuminate\\Http\\Request), Object(Closure))
#26 /Users/mariopazmino/Desktop/springboot/app/contabilidad-backend/vendor/laravel/framework/src/Illuminate/Pipeline/Pipeline.php(219): Illuminate\\Foundation\\Http\\Middleware\\ConvertEmptyStringsToNull->handle(Object(Illuminate\\Http\\Request), Object(Closure))
#27 /Users/mariopazmino/Desktop/springboot/app/contabilidad-backend/vendor/laravel/framework/src/Illuminate/Foundation/Http/Middleware/TransformsRequest.php(21): Illuminate\\Pipeline\\Pipeline->{closure:{closure:Illuminate\\Pipeline\\Pipeline::carry():194}:195}(Object(Illuminate\\Http\\Request))
#28 /Users/mariopazmino/Desktop/springboot/app/contabilidad-backend/vendor/laravel/framework/src/Illuminate/Foundation/Http/Middleware/TrimStrings.php(51): Illuminate\\Foundation\\Http\\Middleware\\TransformsRequest->handle(Object(Illuminate\\Http\\Request), Object(Closure))
#29 /Users/mariopazmino/Desktop/springboot/app/contabilidad-backend/vendor/laravel/framework/src/Illuminate/Pipeline/Pipeline.php(219): Illuminate\\Foundation\\Http\\Middleware\\TrimStrings->handle(Object(Illuminate\\Http\\Request), Object(Closure))
#30 /Users/mariopazmino/Desktop/springboot/app/contabilidad-backend/vendor/laravel/framework/src/Illuminate/Http/Middleware/ValidatePostSize.php(27): Illuminate\\Pipeline\\Pipeline->{closure:{closure:Illuminate\\Pipeline\\Pipeline::carry():194}:195}(Object(Illuminate\\Http\\Request))
#31 /Users/mariopazmino/Desktop/springboot/app/contabilidad-backend/vendor/laravel/framework/src/Illuminate/Pipeline/Pipeline.php(219): Illuminate\\Http\\Middleware\\ValidatePostSize->handle(Object(Illuminate\\Http\\Request), Object(Closure))
#32 /Users/mariopazmino/Desktop/springboot/app/contabilidad-backend/vendor/laravel/framework/src/Illuminate/Foundation/Http/Middleware/PreventRequestsDuringMaintenance.php(109): Illuminate\\Pipeline\\Pipeline->{closure:{closure:Illuminate\\Pipeline\\Pipeline::carry():194}:195}(Object(Illuminate\\Http\\Request))
#33 /Users/mariopazmino/Desktop/springboot/app/contabilidad-backend/vendor/laravel/framework/src/Illuminate/Pipeline/Pipeline.php(219): Illuminate\\Foundation\\Http\\Middleware\\PreventRequestsDuringMaintenance->handle(Object(Illuminate\\Http\\Request), Object(Closure))
#34 /Users/mariopazmino/Desktop/springboot/app/contabilidad-backend/vendor/laravel/framework/src/Illuminate/Http/Middleware/HandleCors.php(74): Illuminate\\Pipeline\\Pipeline->{closure:{closure:Illuminate\\Pipeline\\Pipeline::carry():194}:195}(Object(Illuminate\\Http\\Request))
#35 /Users/mariopazmino/Desktop/springboot/app/contabilidad-backend/vendor/laravel/framework/src/Illuminate/Pipeline/Pipeline.php(219): Illuminate\\Http\\Middleware\\HandleCors->handle(Object(Illuminate\\Http\\Request), Object(Closure))
#36 /Users/mariopazmino/Desktop/springboot/app/contabilidad-backend/vendor/laravel/framework/src/Illuminate/Http/Middleware/TrustProxies.php(58): Illuminate\\Pipeline\\Pipeline->{closure:{closure:Illuminate\\Pipeline\\Pipeline::carry():194}:195}(Object(Illuminate\\Http\\Request))
#37 /Users/mariopazmino/Desktop/springboot/app/contabilidad-backend/vendor/laravel/framework/src/Illuminate/Pipeline/Pipeline.php(219): Illuminate\\Http\\Middleware\\TrustProxies->handle(Object(Illuminate\\Http\\Request), Object(Closure))
#38 /Users/mariopazmino/Desktop/springboot/app/contabilidad-backend/vendor/laravel/framework/src/Illuminate/Foundation/Http/Middleware/InvokeDeferredCallbacks.php(22): Illuminate\\Pipeline\\Pipeline->{closure:{closure:Illuminate\\Pipeline\\Pipeline::carry():194}:195}(Object(Illuminate\\Http\\Request))
#39 /Users/mariopazmino/Desktop/springboot/app/contabilidad-backend/vendor/laravel/framework/src/Illuminate/Pipeline/Pipeline.php(219): Illuminate\\Foundation\\Http\\Middleware\\InvokeDeferredCallbacks->handle(Object(Illuminate\\Http\\Request), Object(Closure))
#40 /Users/mariopazmino/Desktop/springboot/app/contabilidad-backend/vendor/laravel/framework/src/Illuminate/Http/Middleware/ValidatePathEncoding.php(28): Illuminate\\Pipeline\\Pipeline->{closure:{closure:Illuminate\\Pipeline\\Pipeline::carry():194}:195}(Object(Illuminate\\Http\\Request))
#41 /Users/mariopazmino/Desktop/springboot/app/contabilidad-backend/vendor/laravel/framework/src/Illuminate/Pipeline/Pipeline.php(219): Illuminate\\Http\\Middleware\\ValidatePathEncoding->handle(Object(Illuminate\\Http\\Request), Object(Closure))
#42 /Users/mariopazmino/Desktop/springboot/app/contabilidad-backend/vendor/laravel/framework/src/Illuminate/Pipeline/Pipeline.php(137): Illuminate\\Pipeline\\Pipeline->{closure:{closure:Illuminate\\Pipeline\\Pipeline::carry():194}:195}(Object(Illuminate\\Http\\Request))
#43 /Users/mariopazmino/Desktop/springboot/app/contabilidad-backend/vendor/laravel/framework/src/Illuminate/Foundation/Http/Kernel.php(175): Illuminate\\Pipeline\\Pipeline->then(Object(Closure))
#44 /Users/mariopazmino/Desktop/springboot/app/contabilidad-backend/vendor/laravel/framework/src/Illuminate/Foundation/Http/Kernel.php(144): Illuminate\\Foundation\\Http\\Kernel->sendRequestThroughRouter(Object(Illuminate\\Http\\Request))
#45 /Users/mariopazmino/Desktop/springboot/app/contabilidad-backend/vendor/laravel/framework/src/Illuminate/Foundation/Application.php(1220): Illuminate\\Foundation\\Http\\Kernel->handle(Object(Illuminate\\Http\\Request))
#46 /Users/mariopazmino/Desktop/springboot/app/contabilidad-backend/public/index.php(20): Illuminate\\Foundation\\Application->handleRequest(Object(Illuminate\\Http\\Request))
#47 /Users/mariopazmino/Desktop/springboot/app/contabilidad-backend/vendor/laravel/framework/src/Illuminate/Foundation/resources/server.php(23): require_once('/Users/mariopaz...')
#48 {main}

[previous exception] [object] (PDOException(code: 23000): SQLSTATE[23000]: Integrity constraint violation: 19 FOREIGN KEY constraint failed at /Users/mariopazmino/Desktop/springboot/app/contabilidad-backend/vendor/laravel/framework/src/Illuminate/Database/Connection.php:626)
[stacktrace]
#0 /Users/mariopazmino/Desktop/springboot/app/contabilidad-backend/vendor/laravel/framework/src/Illuminate/Database/Connection.php(626): PDOStatement->execute()
#1 /Users/mariopazmino/Desktop/springboot/app/contabilidad-backend/vendor/laravel/framework/src/Illuminate/Database/Connection.php(846): Illuminate\\Database\\Connection->{closure:Illuminate\\Database\\Connection::affectingStatement():614}('delete from \"co...', Array)
#2 /Users/mariopazmino/Desktop/springboot/app/contabilidad-backend/vendor/laravel/framework/src/Illuminate/Database/Connection.php(813): Illuminate\\Database\\Connection->runQueryCallback('delete from \"co...', Array, Object(Closure))
#3 /Users/mariopazmino/Desktop/springboot/app/contabilidad-backend/vendor/laravel/framework/src/Illuminate/Database/Connection.php(614): Illuminate\\Database\\Connection->run('delete from \"co...', Array, Object(Closure))
#4 /Users/mariopazmino/Desktop/springboot/app/contabilidad-backend/vendor/laravel/framework/src/Illuminate/Database/Connection.php(578): Illuminate\\Database\\Connection->affectingStatement('delete from \"co...', Array)
#5 /Users/mariopazmino/Desktop/springboot/app/contabilidad-backend/vendor/laravel/framework/src/Illuminate/Database/Query/Builder.php(4520): Illuminate\\Database\\Connection->delete('delete from \"co...', Array)
#6 /Users/mariopazmino/Desktop/springboot/app/contabilidad-backend/vendor/laravel/framework/src/Illuminate/Database/Eloquent/Builder.php(1514): Illuminate\\Database\\Query\\Builder->delete()
#7 /Users/mariopazmino/Desktop/springboot/app/contabilidad-backend/vendor/laravel/framework/src/Illuminate/Database/Eloquent/Model.php(1804): Illuminate\\Database\\Eloquent\\Builder->delete()
#8 /Users/mariopazmino/Desktop/springboot/app/contabilidad-backend/vendor/laravel/framework/src/Illuminate/Database/Eloquent/Model.php(1736): Illuminate\\Database\\Eloquent\\Model->performDeleteOnModel()
#9 /Users/mariopazmino/Desktop/springboot/app/contabilidad-backend/app/Http/Controllers/ContactController.php(22): Illuminate\\Database\\Eloquent\\Model->delete()
#10 /Users/mariopazmino/Desktop/springboot/app/contabilidad-backend/vendor/laravel/framework/src/Illuminate/Routing/ControllerDispatcher.php(46): App\\Http\\Controllers\\ContactController->destroy(Object(App\\Models\\Contact))
#11 /Users/mariopazmino/Desktop/springboot/app/contabilidad-backend/vendor/laravel/framework/src/Illuminate/Routing/Route.php(275): Illuminate\\Routing\\ControllerDispatcher->dispatch(Object(Illuminate\\Routing\\Route), Object(App\\Http\\Controllers\\ContactController), 'destroy')
#12 /Users/mariopazmino/Desktop/springboot/app/contabilidad-backend/vendor/laravel/framework/src/Illuminate/Routing/Route.php(215): Illuminate\\Routing\\Route->runController()
#13 /Users/mariopazmino/Desktop/springboot/app/contabilidad-backend/vendor/laravel/framework/src/Illuminate/Routing/Router.php(822): Illuminate\\Routing\\Route->run()
#14 /Users/mariopazmino/Desktop/springboot/app/contabilidad-backend/vendor/laravel/framework/src/Illuminate/Pipeline/Pipeline.php(180): Illuminate\\Routing\\Router->{closure:Illuminate\\Routing\\Router::runRouteWithinStack():821}(Object(Illuminate\\Http\\Request))
#15 /Users/mariopazmino/Desktop/springboot/app/contabilidad-backend/vendor/laravel/framework/src/Illuminate/Routing/Middleware/SubstituteBindings.php(52): Illuminate\\Pipeline\\Pipeline->{closure:Illuminate\\Pipeline\\Pipeline::prepareDestination():178}(Object(Illuminate\\Http\\Request))
#16 /Users/mariopazmino/Desktop/springboot/app/contabilidad-backend/vendor/laravel/framework/src/Illuminate/Pipeline/Pipeline.php(219): Illuminate\\Routing\\Middleware\\SubstituteBindings->handle(Object(Illuminate\\Http\\Request), Object(Closure))
#17 /Users/mariopazmino/Desktop/springboot/app/contabilidad-backend/vendor/laravel/framework/src/Illuminate/Auth/Middleware/Authenticate.php(63): Illuminate\\Pipeline\\Pipeline->{closure:{closure:Illuminate\\Pipeline\\Pipeline::carry():194}:195}(Object(Illuminate\\Http\\Request))
#18 /Users/mariopazmino/Desktop/springboot/app/contabilidad-backend/vendor/laravel/framework/src/Illuminate/Pipeline/Pipeline.php(219): Illuminate\\Auth\\Middleware\\Authenticate->handle(Object(Illuminate\\Http\\Request), Object(Closure), 'sanctum')
#19 /Users/mariopazmino/Desktop/springboot/app/contabilidad-backend/vendor/laravel/framework/src/Illuminate/Pipeline/Pipeline.php(137): Illuminate\\Pipeline\\Pipeline->{closure:{closure:Illuminate\\Pipeline\\Pipeline::carry():194}:195}(Object(Illuminate\\Http\\Request))
#20 /Users/mariopazmino/Desktop/springboot/app/contabilidad-backend/vendor/laravel/framework/src/Illuminate/Routing/Router.php(821): Illuminate\\Pipeline\\Pipeline->then(Object(Closure))
#21 /Users/mariopazmino/Desktop/springboot/app/contabilidad-backend/vendor/laravel/framework/src/Illuminate/Routing/Router.php(800): Illuminate\\Routing\\Router->runRouteWithinStack(Object(Illuminate\\Routing\\Route), Object(Illuminate\\Http\\Request))
#22 /Users/mariopazmino/Desktop/springboot/app/contabilidad-backend/vendor/laravel/framework/src/Illuminate/Routing/Router.php(764): Illuminate\\Routing\\Router->runRoute(Object(Illuminate\\Http\\Request), Object(Illuminate\\Routing\\Route))
#23 /Users/mariopazmino/Desktop/springboot/app/contabilidad-backend/vendor/laravel/framework/src/Illuminate/Routing/Router.php(753): Illuminate\\Routing\\Router->dispatchToRoute(Object(Illuminate\\Http\\Request))
#24 /Users/mariopazmino/Desktop/springboot/app/contabilidad-backend/vendor/laravel/framework/src/Illuminate/Foundation/Http/Kernel.php(200): Illuminate\\Routing\\Router->dispatch(Object(Illuminate\\Http\\Request))
#25 /Users/mariopazmino/Desktop/springboot/app/contabilidad-backend/vendor/laravel/framework/src/Illuminate/Pipeline/Pipeline.php(180): Illuminate\\Foundation\\Http\\Kernel->{closure:Illuminate\\Foundation\\Http\\Kernel::dispatchToRouter():197}(Object(Illuminate\\Http\\Request))
#26 /Users/mariopazmino/Desktop/springboot/app/contabilidad-backend/vendor/laravel/framework/src/Illuminate/Foundation/Http/Middleware/TransformsRequest.php(21): Illuminate\\Pipeline\\Pipeline->{closure:Illuminate\\Pipeline\\Pipeline::prepareDestination():178}(Object(Illuminate\\Http\\Request))
#27 /Users/mariopazmino/Desktop/springboot/app/contabilidad-backend/vendor/laravel/framework/src/Illuminate/Foundation/Http/Middleware/ConvertEmptyStringsToNull.php(31): Illuminate\\Foundation\\Http\\Middleware\\TransformsRequest->handle(Object(Illuminate\\Http\\Request), Object(Closure))
#28 /Users/mariopazmino/Desktop/springboot/app/contabilidad-backend/vendor/laravel/framework/src/Illuminate/Pipeline/Pipeline.php(219): Illuminate\\Foundation\\Http\\Middleware\\ConvertEmptyStringsToNull->handle(Object(Illuminate\\Http\\Request), Object(Closure))
#29 /Users/mariopazmino/Desktop/springboot/app/contabilidad-backend/vendor/laravel/framework/src/Illuminate/Foundation/Http/Middleware/TransformsRequest.php(21): Illuminate\\Pipeline\\Pipeline->{closure:{closure:Illuminate\\Pipeline\\Pipeline::carry():194}:195}(Object(Illuminate\\Http\\Request))
#30 /Users/mariopazmino/Desktop/springboot/app/contabilidad-backend/vendor/laravel/framework/src/Illuminate/Foundation/Http/Middleware/TrimStrings.php(51): Illuminate\\Foundation\\Http\\Middleware\\TransformsRequest->handle(Object(Illuminate\\Http\\Request), Object(Closure))
#31 /Users/mariopazmino/Desktop/springboot/app/contabilidad-backend/vendor/laravel/framework/src/Illuminate/Pipeline/Pipeline.php(219): Illuminate\\Foundation\\Http\\Middleware\\TrimStrings->handle(Object(Illuminate\\Http\\Request), Object(Closure))
#32 /Users/mariopazmino/Desktop/springboot/app/contabilidad-backend/vendor/laravel/framework/src/Illuminate/Http/Middleware/ValidatePostSize.php(27): Illuminate\\Pipeline\\Pipeline->{closure:{closure:Illuminate\\Pipeline\\Pipeline::carry():194}:195}(Object(Illuminate\\Http\\Request))
#33 /Users/mariopazmino/Desktop/springboot/app/contabilidad-backend/vendor/laravel/framework/src/Illuminate/Pipeline/Pipeline.php(219): Illuminate\\Http\\Middleware\\ValidatePostSize->handle(Object(Illuminate\\Http\\Request), Object(Closure))
#34 /Users/mariopazmino/Desktop/springboot/app/contabilidad-backend/vendor/laravel/framework/src/Illuminate/Foundation/Http/Middleware/PreventRequestsDuringMaintenance.php(109): Illuminate\\Pipeline\\Pipeline->{closure:{closure:Illuminate\\Pipeline\\Pipeline::carry():194}:195}(Object(Illuminate\\Http\\Request))
#35 /Users/mariopazmino/Desktop/springboot/app/contabilidad-backend/vendor/laravel/framework/src/Illuminate/Pipeline/Pipeline.php(219): Illuminate\\Foundation\\Http\\Middleware\\PreventRequestsDuringMaintenance->handle(Object(Illuminate\\Http\\Request), Object(Closure))
#36 /Users/mariopazmino/Desktop/springboot/app/contabilidad-backend/vendor/laravel/framework/src/Illuminate/Http/Middleware/HandleCors.php(74): Illuminate\\Pipeline\\Pipeline->{closure:{closure:Illuminate\\Pipeline\\Pipeline::carry():194}:195}(Object(Illuminate\\Http\\Request))
#37 /Users/mariopazmino/Desktop/springboot/app/contabilidad-backend/vendor/laravel/framework/src/Illuminate/Pipeline/Pipeline.php(219): Illuminate\\Http\\Middleware\\HandleCors->handle(Object(Illuminate\\Http\\Request), Object(Closure))
#38 /Users/mariopazmino/Desktop/springboot/app/contabilidad-backend/vendor/laravel/framework/src/Illuminate/Http/Middleware/TrustProxies.php(58): Illuminate\\Pipeline\\Pipeline->{closure:{closure:Illuminate\\Pipeline\\Pipeline::carry():194}:195}(Object(Illuminate\\Http\\Request))
#39 /Users/mariopazmino/Desktop/springboot/app/contabilidad-backend/vendor/laravel/framework/src/Illuminate/Pipeline/Pipeline.php(219): Illuminate\\Http\\Middleware\\TrustProxies->handle(Object(Illuminate\\Http\\Request), Object(Closure))
#40 /Users/mariopazmino/Desktop/springboot/app/contabilidad-backend/vendor/laravel/framework/src/Illuminate/Foundation/Http/Middleware/InvokeDeferredCallbacks.php(22): Illuminate\\Pipeline\\Pipeline->{closure:{closure:Illuminate\\Pipeline\\Pipeline::carry():194}:195}(Object(Illuminate\\Http\\Request))
#41 /Users/mariopazmino/Desktop/springboot/app/contabilidad-backend/vendor/laravel/framework/src/Illuminate/Pipeline/Pipeline.php(219): Illuminate\\Foundation\\Http\\Middleware\\InvokeDeferredCallbacks->handle(Object(Illuminate\\Http\\Request), Object(Closure))
#42 /Users/mariopazmino/Desktop/springboot/app/contabilidad-backend/vendor/laravel/framework/src/Illuminate/Http/Middleware/ValidatePathEncoding.php(28): Illuminate\\Pipeline\\Pipeline->{closure:{closure:Illuminate\\Pipeline\\Pipeline::carry():194}:195}(Object(Illuminate\\Http\\Request))
#43 /Users/mariopazmino/Desktop/springboot/app/contabilidad-backend/vendor/laravel/framework/src/Illuminate/Pipeline/Pipeline.php(219): Illuminate\\Http\\Middleware\\ValidatePathEncoding->handle(Object(Illuminate\\Http\\Request), Object(Closure))
#44 /Users/mariopazmino/Desktop/springboot/app/contabilidad-backend/vendor/laravel/framework/src/Illuminate/Pipeline/Pipeline.php(137): Illuminate\\Pipeline\\Pipeline->{closure:{closure:Illuminate\\Pipeline\\Pipeline::carry():194}:195}(Object(Illuminate\\Http\\Request))
#45 /Users/mariopazmino/Desktop/springboot/app/contabilidad-backend/vendor/laravel/framework/src/Illuminate/Foundation/Http/Kernel.php(175): Illuminate\\Pipeline\\Pipeline->then(Object(Closure))
#46 /Users/mariopazmino/Desktop/springboot/app/contabilidad-backend/vendor/laravel/framework/src/Illuminate/Foundation/Http/Kernel.php(144): Illuminate\\Foundation\\Http\\Kernel->sendRequestThroughRouter(Object(Illuminate\\Http\\Request))
#47 /Users/mariopazmino/Desktop/springboot/app/contabilidad-backend/vendor/laravel/framework/src/Illuminate/Foundation/Application.php(1220): Illuminate\\Foundation\\Http\\Kernel->handle(Object(Illuminate\\Http\\Request))
#48 /Users/mariopazmino/Desktop/springboot/app/contabilidad-backend/public/index.php(20): Illuminate\\Foundation\\Application->handleRequest(Object(Illuminate\\Http\\Request))
#49 /Users/mariopazmino/Desktop/springboot/app/contabilidad-backend/vendor/laravel/framework/src/Illuminate/Foundation/resources/server.php(23): require_once('/Users/mariopaz...')
#50 {main}
"} 
